state_key,action,value
.........,0,0.000000
.........,1,0.000000
.........,2,0.000000
.........,3,0.000000
.........,4,0.000000
.........,5,0.000000
.........,6,0.000000
.........,7,0.000000
.........,8,0.000000
........O,0,-1.000000
........O,1,-1.000000
........O,2,-1.000000
........O,3,-1.000000
........O,4,-0.000000
........O,5,-1.000000
........O,6,-1.000000
........O,7,-1.000000
.......O.,0,-1.000000
.......O.,1,-0.000000
.......O.,2,-1.000000
.......O.,3,-1.000000
.......O.,4,-0.000000
.......O.,5,-1.000000
.......O.,6,-0.000000
.......O.,8,-0.000000
.......OX,0,0.000000
.......OX,1,0.000000
.......OX,2,1.000000
.......OX,3,0.000000
.......OX,4,1.000000
.......OX,5,1.000000
.......OX,6,0.000000
.......XO,0,0.000000
.......XO,1,-1.000000
.......XO,2,0.000000
.......XO,3,-1.000000
.......XO,4,0.000000
.......XO,5,0.000000
.......XO,6,-1.000000
......O..,0,-1.000000
......O..,1,-1.000000
......O..,2,-1.000000
......O..,3,-1.000000
......O..,4,-0.000000
......O..,5,-1.000000
......O..,7,-1.000000
......O..,8,-1.000000
......O.X,0,1.000000
......O.X,1,0.000000
......O.X,2,1.000000
......O.X,3,0.000000
......O.X,4,0.000000
......O.X,5,1.000000
......O.X,7,-1.000000
......OOX,0,-1.000000
......OOX,1,-0.000000
......OOX,2,1.000000
......OOX,3,-1.000000
......OOX,4,-0.000000
......OOX,5,1.000000
......OX.,0,0.000000
......OX.,1,-1.000000
......OX.,2,0.000000
......OX.,3,0.000000
......OX.,4,0.000000
......OX.,5,-1.000000
......OX.,8,-1.000000
......OXO,0,-1.000000
......OXO,1,-1.000000
......OXO,2,-1.000000
......OXO,3,-1.000000
......OXO,4,-0.000000
......OXO,5,-1.000000
......X.O,0,1.000000
......X.O,1,0.000000
......X.O,2,1.000000
......X.O,3,1.000000
......X.O,4,0.000000
......X.O,5,0.000000
......X.O,7,-1.000000
......XO.,0,1.000000
......XO.,1,0.000000
......XO.,2,0.000000
......XO.,3,1.000000
......XO.,4,1.000000
......XO.,5,0.000000
......XO.,8,0.000000
......XOO,0,1.000000
......XOO,1,-0.000000
......XOO,2,-1.000000
......XOO,3,1.000000
......XOO,4,-0.000000
......XOO,5,-1.000000
.....O...,0,-1.000000
.....O...,1,-1.000000
.....O...,2,-0.000000
.....O...,3,-0.000000
.....O...,4,-0.000000
.....O...,6,-1.000000
.....O...,7,-1.000000
.....O...,8,-0.000000
.....O..X,0,0.000000
.....O..X,1,0.000000
.....O..X,2,0.000000
.....O..X,3,0.000000
.....O..X,4,1.000000
.....O..X,6,1.000000
.....O..X,7,1.000000
.....O.OX,0,-1.000000
.....O.OX,1,-0.000000
.....O.OX,2,-1.000000
.....O.OX,3,-0.000000
.....O.OX,4,-0.000000
.....O.OX,6,-1.000000
.....O.X.,0,0.000000
.....O.X.,1,-1.000000
.....O.X.,2,0.000000
.....O.X.,3,0.000000
.....O.X.,4,1.000000
.....O.X.,6,-1.000000
.....O.X.,8,1.000000
.....O.XO,0,-1.000000
.....O.XO,1,-1.000000
.....O.XO,2,-1.000000
.....O.XO,3,-1.000000
.....O.XO,4,-1.000000
.....O.XO,6,-1.000000
.....OO.X,0,-1.000000
.....OO.X,1,-1.000000
.....OO.X,2,-1.000000
.....OO.X,3,-0.000000
.....OO.X,4,-0.000000
.....OO.X,7,-1.000000
.....OOX.,0,-1.000000
.....OOX.,1,-1.000000
.....OOX.,2,-1.000000
.....OOX.,3,-1.000000
.....OOX.,4,-0.000000
.....OOX.,8,-1.000000
.....OOXX,0,-1.000000
.....OOXX,1,-1.000000
.....OOXX,2,-1.000000
.....OOXX,3,0.000000
.....OOXX,4,1.000000
.....OX..,0,1.000000
.....OX..,1,0.000000
.....OX..,2,0.000000
.....OX..,3,0.000000
.....OX..,4,1.000000
.....OX..,7,-1.000000
.....OX..,8,1.000000
.....OX.O,0,-1.000000
.....OX.O,1,-1.000000
.....OX.O,2,-1.000000
.....OX.O,3,-1.000000
.....OX.O,4,-1.000000
.....OX.O,7,-1.000000
.....OXO.,0,1.000000
.....OXO.,1,-0.000000
.....OXO.,2,-1.000000
.....OXO.,3,-1.000000
.....OXO.,4,-0.000000
.....OXO.,8,-1.000000
.....OXOX,0,1.000000
.....OXOX,1,0.000000
.....OXOX,2,-1.000000
.....OXOX,3,0.000000
.....OXOX,4,1.000000
.....OXXO,0,-1.000000
.....OXXO,1,-1.000000
.....OXXO,2,-1.000000
.....OXXO,3,-1.000000
.....OXXO,4,-1.000000
.....X..O,0,0.000000
.....X..O,1,-1.000000
.....X..O,2,-1.000000
.....X..O,3,-1.000000
.....X..O,4,0.000000
.....X..O,6,0.000000
.....X..O,7,0.000000
.....X.O.,0,0.000000
.....X.O.,1,0.000000
.....X.O.,2,-1.000000
.....X.O.,3,-1.000000
.....X.O.,4,1.000000
.....X.O.,6,0.000000
.....X.O.,8,1.000000
.....X.OO,0,-1.000000
.....X.OO,1,-1.000000
.....X.OO,2,-1.000000
.....X.OO,3,-1.000000
.....X.OO,4,-1.000000
.....X.OO,6,-1.000000
.....XO..,0,0.000000
.....XO..,1,-1.000000
.....XO..,2,-1.000000
.....XO..,3,-1.000000
.....XO..,4,0.000000
.....XO..,7,-1.000000
.....XO..,8,1.000000
.....XO.O,0,-1.000000
.....XO.O,1,-1.000000
.....XO.O,2,-1.000000
.....XO.O,3,-1.000000
.....XO.O,4,-1.000000
.....XO.O,7,-1.000000
.....XOO.,0,-1.000000
.....XOO.,1,-1.000000
.....XOO.,2,-1.000000
.....XOO.,3,-1.000000
.....XOO.,4,-1.000000
.....XOO.,8,1.000000
.....XOOX,0,1.000000
.....XOOX,1,1.000000
.....XOOX,2,1.000000
.....XOOX,3,1.000000
.....XOOX,4,1.000000
.....XOXO,0,0.000000
.....XOXO,1,-1.000000
.....XOXO,2,-1.000000
.....XOXO,3,-1.000000
.....XOXO,4,1.000000
.....XXOO,0,1.000000
.....XXOO,1,1.000000
.....XXOO,2,-1.000000
.....XXOO,3,1.000000
.....XXOO,4,1.000000
....O....,0,-0.000000
....O....,1,-1.000000
....O....,2,-0.000000
....O....,3,-1.000000
....O....,5,-1.000000
....O....,6,-0.000000
....O....,7,-1.000000
....O....,8,-0.000000
....O...X,0,0.000000
....O...X,1,0.000000
....O...X,2,0.000000
....O...X,3,0.000000
....O...X,5,0.000000
....O...X,6,0.000000
....O...X,7,0.000000
....O..OX,0,-1.000000
....O..OX,1,-0.000000
....O..OX,2,-1.000000
....O..OX,3,-1.000000
....O..OX,5,-1.000000
....O..OX,6,-1.000000
....O..X.,0,0.000000
....O..X.,1,-1.000000
....O..X.,2,0.000000
....O..X.,3,0.000000
....O..X.,5,0.000000
....O..X.,6,0.000000
....O..X.,8,0.000000
....O..XO,0,-1.000000
....O..XO,1,-1.000000
....O..XO,2,-1.000000
....O..XO,3,-1.000000
....O..XO,5,-1.000000
....O..XO,6,-1.000000
....O.O.X,0,-1.000000
....O.O.X,1,-1.000000
....O.O.X,2,-0.000000
....O.O.X,3,-1.000000
....O.O.X,5,-1.000000
....O.O.X,7,-1.000000
....O.OX.,0,-1.000000
....O.OX.,1,-1.000000
....O.OX.,2,-1.000000
....O.OX.,3,-1.000000
....O.OX.,5,-1.000000
....O.OX.,8,-1.000000
....O.OXX,0,-1.000000
....O.OXX,1,-1.000000
....O.OXX,2,0.000000
....O.OXX,3,-1.000000
....O.OXX,5,-1.000000
....O.X..,0,0.000000
....O.X..,1,0.000000
....O.X..,2,0.000000
....O.X..,3,0.000000
....O.X..,5,0.000000
....O.X..,7,0.000000
....O.X..,8,0.000000
....O.X.O,0,-0.000000
....O.X.O,1,-1.000000
....O.X.O,2,-1.000000
....O.X.O,3,-1.000000
....O.X.O,5,-1.000000
....O.X.O,7,-1.000000
....O.XO.,0,-1.000000
....O.XO.,1,-0.000000
....O.XO.,2,-1.000000
....O.XO.,3,-1.000000
....O.XO.,5,-1.000000
....O.XO.,8,-1.000000
....O.XOX,0,-1.000000
....O.XOX,1,0.000000
....O.XOX,2,-1.000000
....O.XOX,3,-1.000000
....O.XOX,5,-1.000000
....O.XXO,0,0.000000
....O.XXO,1,-1.000000
....O.XXO,2,-1.000000
....O.XXO,3,-1.000000
....O.XXO,5,-1.000000
....OO..X,0,-1.000000
....OO..X,1,-1.000000
....OO..X,2,-1.000000
....OO..X,3,-0.000000
....OO..X,6,-1.000000
....OO..X,7,-1.000000
....OO.X.,0,-1.000000
....OO.X.,1,-1.000000
....OO.X.,2,-1.000000
....OO.X.,3,-1.000000
....OO.X.,6,-1.000000
....OO.X.,8,-1.000000
....OO.XX,0,-1.000000
....OO.XX,1,-1.000000
....OO.XX,2,-1.000000
....OO.XX,3,0.000000
....OO.XX,6,1.000000
....OOOXX,0,-1.000000
....OOOXX,1,-1.000000
....OOOXX,2,-1.000000
....OOOXX,3,-1.000000
....OOX..,0,-1.000000
....OOX..,1,-1.000000
....OOX..,2,-1.000000
....OOX..,3,-0.000000
....OOX..,7,-1.000000
....OOX..,8,-1.000000
....OOX.X,0,-1.000000
....OOX.X,1,-1.000000
....OOX.X,2,-1.000000
....OOX.X,3,1.000000
....OOX.X,7,1.000000
....OOXOX,0,-1.000000
....OOXOX,1,-1.000000
....OOXOX,2,-1.000000
....OOXOX,3,-1.000000
....OOXX.,0,-1.000000
....OOXX.,1,-1.000000
....OOXX.,2,-1.000000
....OOXX.,3,1.000000
....OOXX.,8,1.000000
....OOXXO,0,-1.000000
....OOXXO,1,-1.000000
....OOXXO,2,-1.000000
....OOXXO,3,-1.000000
....OX...,0,0.000000
....OX...,1,0.000000
....OX...,2,0.000000
....OX...,3,-1.000000
....OX...,6,0.000000
....OX...,7,0.000000
....OX...,8,0.000000
....OX..O,0,-1.000000
....OX..O,1,-1.000000
....OX..O,2,-1.000000
....OX..O,3,-1.000000
....OX..O,6,-1.000000
....OX..O,7,-1.000000
....OX.O.,0,-1.000000
....OX.O.,1,-1.000000
....OX.O.,2,-1.000000
....OX.O.,3,-1.000000
....OX.O.,6,-1.000000
....OX.O.,8,-1.000000
....OX.OX,0,-1.000000
....OX.OX,1,0.000000
....OX.OX,2,1.000000
....OX.OX,3,-1.000000
....OX.OX,6,-1.000000
....OX.XO,0,0.000000
....OX.XO,1,-1.000000
....OX.XO,2,-1.000000
....OX.XO,3,-1.000000
....OX.XO,6,-1.000000
....OXO..,0,-1.000000
....OXO..,1,-1.000000
....OXO..,2,-1.000000
....OXO..,3,-1.000000
....OXO..,7,-1.000000
....OXO..,8,-1.000000
....OXO.X,0,-1.000000
....OXO.X,1,-1.000000
....OXO.X,2,1.000000
....OXO.X,3,-1.000000
....OXO.X,7,-1.000000
....OXOOX,0,-1.000000
....OXOOX,1,-1.000000
....OXOOX,2,1.000000
....OXOOX,3,-1.000000
....OXOX.,0,-1.000000
....OXOX.,1,-1.000000
....OXOX.,2,0.000000
....OXOX.,3,-1.000000
....OXOX.,8,-1.000000
....OXOXO,0,-1.000000
....OXOXO,1,-1.000000
....OXOXO,2,-1.000000
....OXOXO,3,-1.000000
....OXX.O,0,0.000000
....OXX.O,1,-1.000000
....OXX.O,2,-1.000000
....OXX.O,3,-1.000000
....OXX.O,7,-1.000000
....OXXO.,0,-1.000000
....OXXO.,1,0.000000
....OXXO.,2,-1.000000
....OXXO.,3,-1.000000
....OXXO.,8,-1.000000
....OXXOO,0,-1.000000
....OXXOO,1,-1.000000
....OXXOO,2,-1.000000
....OXXOO,3,-1.000000
....X...O,0,0.000000
....X...O,1,0.000000
....X...O,2,0.000000
....X...O,3,0.000000
....X...O,5,0.000000
....X...O,6,0.000000
....X...O,7,0.000000
....X..O.,0,1.000000
....X..O.,1,0.000000
....X..O.,2,1.000000
....X..O.,3,1.000000
....X..O.,5,1.000000
....X..O.,6,1.000000
....X..O.,8,1.000000
....X..OO,0,-1.000000
....X..OO,1,-1.000000
....X..OO,2,-1.000000
....X..OO,3,-1.000000
....X..OO,5,-1.000000
....X..OO,6,-0.000000
....X.O..,0,0.000000
....X.O..,1,0.000000
....X.O..,2,0.000000
....X.O..,3,0.000000
....X.O..,5,0.000000
....X.O..,7,0.000000
....X.O..,8,0.000000
....X.O.O,0,-1.000000
....X.O.O,1,-1.000000
....X.O.O,2,-1.000000
....X.O.O,3,-1.000000
....X.O.O,5,-1.000000
....X.O.O,7,-0.000000
....X.OO.,0,-1.000000
....X.OO.,1,-1.000000
....X.OO.,2,-1.000000
....X.OO.,3,-1.000000
....X.OO.,5,-1.000000
....X.OO.,8,-0.000000
....X.OOX,0,1.000000
....X.OOX,1,0.000000
....X.OOX,2,1.000000
....X.OOX,3,1.000000
....X.OOX,5,1.000000
....X.OXO,0,0.000000
....X.OXO,1,1.000000
....X.OXO,2,0.000000
....X.OXO,3,1.000000
....X.OXO,5,1.000000
....X.XOO,0,1.000000
....X.XOO,1,0.000000
....X.XOO,2,1.000000
....X.XOO,3,1.000000
....X.XOO,5,1.000000
....XO...,0,1.000000
....XO...,1,1.000000
....XO...,2,1.000000
....XO...,3,0.000000
....XO...,6,1.000000
....XO...,7,1.000000
....XO...,8,1.000000
....XO..O,0,-1.000000
....XO..O,1,-1.000000
....XO..O,2,-0.000000
....XO..O,3,-1.000000
....XO..O,6,-1.000000
....XO..O,7,-1.000000
....XO.O.,0,-1.000000
....XO.O.,1,-1.000000
....XO.O.,2,-0.000000
....XO.O.,3,-1.000000
....XO.O.,6,-0.000000
....XO.O.,8,-0.000000
....XO.OX,0,1.000000
....XO.OX,1,0.000000
....XO.OX,2,1.000000
....XO.OX,3,0.000000
....XO.OX,6,1.000000
....XO.XO,0,-1.000000
....XO.XO,1,1.000000
....XO.XO,2,1.000000
....XO.XO,3,-1.000000
....XO.XO,6,-1.000000
....XOO..,0,-1.000000
....XOO..,1,-0.000000
....XOO..,2,-0.000000
....XOO..,3,-1.000000
....XOO..,7,-0.000000
....XOO..,8,-0.000000
....XOO.X,0,1.000000
....XOO.X,1,1.000000
....XOO.X,2,0.000000
....XOO.X,3,0.000000
....XOO.X,7,1.000000
....XOOOX,0,1.000000
....XOOOX,1,-0.000000
....XOOOX,2,-0.000000
....XOOOX,3,-0.000000
....XOOX.,0,1.000000
....XOOX.,1,1.000000
....XOOX.,2,0.000000
....XOOX.,3,0.000000
....XOOX.,8,1.000000
....XOOXO,0,-1.000000
....XOOXO,1,1.000000
....XOOXO,2,-0.000000
....XOOXO,3,-1.000000
....XOX.O,0,-1.000000
....XOX.O,1,-1.000000
....XOX.O,2,1.000000
....XOX.O,3,-1.000000
....XOX.O,7,-1.000000
....XOXO.,0,1.000000
....XOXO.,1,0.000000
....XOXO.,2,1.000000
....XOXO.,3,1.000000
....XOXO.,8,1.000000
....XOXOO,0,-1.000000
....XOXOO,1,-1.000000
....XOXOO,2,1.000000
....XOXOO,3,-1.000000
....XX.OO,0,-1.000000
....XX.OO,1,-1.000000
....XX.OO,2,-1.000000
....XX.OO,3,1.000000
....XX.OO,6,1.000000
....XXO.O,0,-1.000000
....XXO.O,1,-1.000000
....XXO.O,2,-1.000000
....XXO.O,3,1.000000
....XXO.O,7,1.000000
....XXOO.,0,-1.000000
....XXOO.,1,-1.000000
....XXOO.,2,-1.000000
....XXOO.,3,1.000000
....XXOO.,8,1.000000
...O.....,0,-0.000000
...O.....,1,-1.000000
...O.....,2,-1.000000
...O.....,4,-0.000000
...O.....,5,-0.000000
...O.....,6,-0.000000
...O.....,7,-1.000000
...O.....,8,-1.000000
...O....X,0,0.000000
...O....X,1,0.000000
...O....X,2,1.000000
...O....X,4,1.000000
...O....X,5,0.000000
...O....X,6,1.000000
...O....X,7,-1.000000
...O...OX,0,-1.000000
...O...OX,1,-0.000000
...O...OX,2,1.000000
...O...OX,4,-0.000000
...O...OX,5,-1.000000
...O...OX,6,-1.000000
...O...X.,0,0.000000
...O...X.,1,-1.000000
...O...X.,2,0.000000
...O...X.,4,1.000000
...O...X.,5,0.000000
...O...X.,6,1.000000
...O...X.,8,-1.000000
...O...XO,0,-1.000000
...O...XO,1,-1.000000
...O...XO,2,-1.000000
...O...XO,4,-0.000000
...O...XO,5,-1.000000
...O...XO,6,-1.000000
...O..O.X,0,-1.000000
...O..O.X,1,-1.000000
...O..O.X,2,-1.000000
...O..O.X,4,-1.000000
...O..O.X,5,-1.000000
...O..O.X,7,-1.000000
...O..OX.,0,-1.000000
...O..OX.,1,-1.000000
...O..OX.,2,-1.000000
...O..OX.,4,-1.000000
...O..OX.,5,-1.000000
...O..OX.,8,-1.000000
...O..OXX,0,-1.000000
...O..OXX,1,-1.000000
...O..OXX,2,-1.000000
...O..OXX,4,-1.000000
...O..OXX,5,-1.000000
...O..X..,0,0.000000
...O..X..,1,0.000000
...O..X..,2,0.000000
...O..X..,4,1.000000
...O..X..,5,0.000000
...O..X..,7,1.000000
...O..X..,8,1.000000
...O..X.O,0,-1.000000
...O..X.O,1,-1.000000
...O..X.O,2,-1.000000
...O..X.O,4,-0.000000
...O..X.O,5,-0.000000
...O..X.O,7,-1.000000
...O..XO.,0,-1.000000
...O..XO.,1,-0.000000
...O..XO.,2,-1.000000
...O..XO.,4,-0.000000
...O..XO.,5,-0.000000
...O..XO.,8,-1.000000
...O..XOX,0,-1.000000
...O..XOX,1,0.000000
...O..XOX,2,1.000000
...O..XOX,4,1.000000
...O..XOX,5,0.000000
...O..XXO,0,-1.000000
...O..XXO,1,-1.000000
...O..XXO,2,-1.000000
...O..XXO,4,1.000000
...O..XXO,5,0.000000
...O.O..X,0,-1.000000
...O.O..X,1,-1.000000
...O.O..X,2,-1.000000
...O.O..X,4,1.000000
...O.O..X,6,-1.000000
...O.O..X,7,-1.000000
...O.O.X.,0,-1.000000
...O.O.X.,1,-1.000000
...O.O.X.,2,-1.000000
...O.O.X.,4,1.000000
...O.O.X.,6,-1.000000
...O.O.X.,8,-1.000000
...O.O.XX,0,-1.000000
...O.O.XX,1,-1.000000
...O.O.XX,2,-1.000000
...O.O.XX,4,1.000000
...O.O.XX,6,1.000000
...O.OOXX,0,-1.000000
...O.OOXX,1,-1.000000
...O.OOXX,2,-1.000000
...O.OOXX,4,-1.000000
...O.OX..,0,-1.000000
...O.OX..,1,-1.000000
...O.OX..,2,-1.000000
...O.OX..,4,1.000000
...O.OX..,7,-1.000000
...O.OX..,8,-1.000000
...O.OX.X,0,-1.000000
...O.OX.X,1,-1.000000
...O.OX.X,2,-1.000000
...O.OX.X,4,1.000000
...O.OX.X,7,1.000000
...O.OXOX,0,-1.000000
...O.OXOX,1,-1.000000
...O.OXOX,2,-1.000000
...O.OXOX,4,1.000000
...O.OXX.,0,-1.000000
...O.OXX.,1,-1.000000
...O.OXX.,2,-1.000000
...O.OXX.,4,1.000000
...O.OXX.,8,1.000000
...O.OXXO,0,-1.000000
...O.OXXO,1,-1.000000
...O.OXXO,2,-1.000000
...O.OXXO,4,-1.000000
...O.X...,0,0.000000
...O.X...,1,0.000000
...O.X...,2,0.000000
...O.X...,4,0.000000
...O.X...,6,0.000000
...O.X...,7,0.000000
...O.X...,8,0.000000
...O.X..O,0,-0.000000
...O.X..O,1,-1.000000
...O.X..O,2,-1.000000
...O.X..O,4,-1.000000
...O.X..O,6,-0.000000
...O.X..O,7,-1.000000
...O.X.O.,0,-0.000000
...O.X.O.,1,-1.000000
...O.X.O.,2,-1.000000
...O.X.O.,4,-1.000000
...O.X.O.,6,-0.000000
...O.X.O.,8,-1.000000
...O.X.OX,0,1.000000
...O.X.OX,1,0.000000
...O.X.OX,2,1.000000
...O.X.OX,4,1.000000
...O.X.OX,6,0.000000
...O.X.XO,0,0.000000
...O.X.XO,1,0.000000
...O.X.XO,2,-1.000000
...O.X.XO,4,0.000000
...O.X.XO,6,0.000000
...O.XO..,0,-0.000000
...O.XO..,1,-1.000000
...O.XO..,2,-1.000000
...O.XO..,4,-1.000000
...O.XO..,7,-1.000000
...O.XO..,8,-1.000000
...O.XO.X,0,1.000000
...O.XO.X,1,-1.000000
...O.XO.X,2,1.000000
...O.XO.X,4,-1.000000
...O.XO.X,7,-1.000000
...O.XOOX,0,1.000000
...O.XOOX,1,-1.000000
...O.XOOX,2,1.000000
...O.XOOX,4,-1.000000
...O.XOX.,0,1.000000
...O.XOX.,1,-1.000000
...O.XOX.,2,-1.000000
...O.XOX.,4,-1.000000
...O.XOX.,8,-1.000000
...O.XOXO,0,-0.000000
...O.XOXO,1,-1.000000
...O.XOXO,2,-1.000000
...O.XOXO,4,-1.000000
...O.XX.O,0,0.000000
...O.XX.O,1,0.000000
...O.XX.O,2,0.000000
...O.XX.O,4,0.000000
...O.XX.O,7,0.000000
...O.XXO.,0,0.000000
...O.XXO.,1,0.000000
...O.XXO.,2,1.000000
...O.XXO.,4,0.000000
...O.XXO.,8,0.000000
...O.XXOO,0,-0.000000
...O.XXOO,1,-0.000000
...O.XXOO,2,-1.000000
...O.XXOO,4,-0.000000
...OO...X,0,-1.000000
...OO...X,1,-1.000000
...OO...X,2,-1.000000
...OO...X,5,-0.000000
...OO...X,6,-1.000000
...OO...X,7,-1.000000
...OO..X.,0,-1.000000
...OO..X.,1,-1.000000
...OO..X.,2,-1.000000
...OO..X.,5,-1.000000
...OO..X.,6,-1.000000
...OO..X.,8,-1.000000
...OO..XX,0,-1.000000
...OO..XX,1,-1.000000
...OO..XX,2,-1.000000
...OO..XX,5,1.000000
...OO..XX,6,1.000000
...OO.OXX,0,-1.000000
...OO.OXX,1,-1.000000
...OO.OXX,2,-1.000000
...OO.OXX,5,-1.000000
...OO.X..,0,-1.000000
...OO.X..,1,-1.000000
...OO.X..,2,-1.000000
...OO.X..,5,-0.000000
...OO.X..,7,-1.000000
...OO.X..,8,-1.000000
...OO.X.X,0,-1.000000
...OO.X.X,1,-1.000000
...OO.X.X,2,-1.000000
...OO.X.X,5,1.000000
...OO.X.X,7,1.000000
...OO.XOX,0,-1.000000
...OO.XOX,1,-1.000000
...OO.XOX,2,-1.000000
...OO.XOX,5,-1.000000
...OO.XX.,0,-1.000000
...OO.XX.,1,-1.000000
...OO.XX.,2,-1.000000
...OO.XX.,5,0.000000
...OO.XX.,8,1.000000
...OO.XXO,0,-1.000000
...OO.XXO,1,-1.000000
...OO.XXO,2,-1.000000
...OO.XXO,5,-1.000000
...OOX...,0,-0.000000
...OOX...,1,-1.000000
...OOX...,2,-0.000000
...OOX...,6,-0.000000
...OOX...,7,-1.000000
...OOX...,8,-0.000000
...OOX..X,0,0.000000
...OOX..X,1,0.000000
...OOX..X,2,1.000000
...OOX..X,6,1.000000
...OOX..X,7,1.000000
...OOX.OX,0,-1.000000
...OOX.OX,1,-0.000000
...OOX.OX,2,1.000000
...OOX.OX,6,-1.000000
...OOX.X.,0,0.000000
...OOX.X.,1,-1.000000
...OOX.X.,2,0.000000
...OOX.X.,6,0.000000
...OOX.X.,8,1.000000
...OOX.XO,0,-0.000000
...OOX.XO,1,-1.000000
...OOX.XO,2,-1.000000
...OOX.XO,6,-1.000000
...OOXO.X,0,-1.000000
...OOXO.X,1,-1.000000
...OOXO.X,2,1.000000
...OOXO.X,7,-1.000000
...OOXOX.,0,-1.000000
...OOXOX.,1,-1.000000
...OOXOX.,2,-1.000000
...OOXOX.,8,-1.000000
...OOXOXX,0,-1.000000
...OOXOXX,1,-1.000000
...OOXOXX,2,1.000000
...OOXX..,0,0.000000
...OOXX..,1,0.000000
...OOXX..,2,0.000000
...OOXX..,7,0.000000
...OOXX..,8,1.000000
...OOXX.O,0,-0.000000
...OOXX.O,1,-1.000000
...OOXX.O,2,-1.000000
...OOXX.O,7,-1.000000
...OOXXO.,0,-1.000000
...OOXXO.,1,-0.000000
...OOXXO.,2,-1.000000
...OOXXO.,8,-1.000000
...OOXXOX,0,-1.000000
...OOXXOX,1,0.000000
...OOXXOX,2,1.000000
...OOXXXO,0,0.000000
...OOXXXO,1,-1.000000
...OOXXXO,2,-1.000000
...OX....,0,1.000000
...OX....,1,1.000000
...OX....,2,1.000000
...OX....,5,0.000000
...OX....,6,1.000000
...OX....,7,1.000000
...OX....,8,1.000000
...OX...O,0,-0.000000
...OX...O,1,-0.000000
...OX...O,2,-1.000000
...OX...O,5,-1.000000
...OX...O,6,-0.000000
...OX...O,7,-0.000000
...OX..O.,0,-0.000000
...OX..O.,1,-1.000000
...OX..O.,2,-1.000000
...OX..O.,5,-1.000000
...OX..O.,6,-0.000000
...OX..O.,8,-0.000000
...OX..OX,0,1.000000
...OX..OX,1,0.000000
...OX..OX,2,1.000000
...OX..OX,5,1.000000
...OX..OX,6,1.000000
...OX..XO,0,0.000000
...OX..XO,1,1.000000
...OX..XO,2,1.000000
...OX..XO,5,0.000000
...OX..XO,6,1.000000
...OX.O..,0,-0.000000
...OX.O..,1,-1.000000
...OX.O..,2,-1.000000
...OX.O..,5,-1.000000
...OX.O..,7,-1.000000
...OX.O..,8,-1.000000
...OX.O.X,0,1.000000
...OX.O.X,1,-1.000000
...OX.O.X,2,-1.000000
...OX.O.X,5,-1.000000
...OX.O.X,7,-1.000000
...OX.OOX,0,1.000000
...OX.OOX,1,-1.000000
...OX.OOX,2,-1.000000
...OX.OOX,5,-1.000000
...OX.OX.,0,1.000000
...OX.OX.,1,1.000000
...OX.OX.,2,-1.000000
...OX.OX.,5,-1.000000
...OX.OX.,8,-1.000000
...OX.OXO,0,-0.000000
...OX.OXO,1,1.000000
...OX.OXO,2,-1.000000
...OX.OXO,5,-1.000000
...OX.X.O,0,0.000000
...OX.X.O,1,1.000000
...OX.X.O,2,1.000000
...OX.X.O,5,0.000000
...OX.X.O,7,1.000000
...OX.XO.,0,1.000000
...OX.XO.,1,0.000000
...OX.XO.,2,1.000000
...OX.XO.,5,0.000000
...OX.XO.,8,1.000000
...OX.XOO,0,-0.000000
...OX.XOO,1,-0.000000
...OX.XOO,2,1.000000
...OX.XOO,5,-0.000000
...OXO...,0,1.000000
...OXO...,1,1.000000
...OXO...,2,1.000000
...OXO...,6,1.000000
...OXO...,7,1.000000
...OXO...,8,1.000000
...OXO..X,0,1.000000
...OXO..X,1,1.000000
...OXO..X,2,1.000000
...OXO..X,6,1.000000
...OXO..X,7,1.000000
...OXO.OX,0,1.000000
...OXO.OX,1,-0.000000
...OXO.OX,2,1.000000
...OXO.OX,6,1.000000
...OXO.X.,0,1.000000
...OXO.X.,1,1.000000
...OXO.X.,2,1.000000
...OXO.X.,6,1.000000
...OXO.X.,8,1.000000
...OXO.XO,0,-1.000000
...OXO.XO,1,1.000000
...OXO.XO,2,1.000000
...OXO.XO,6,-1.000000
...OXOO.X,0,1.000000
...OXOO.X,1,-1.000000
...OXOO.X,2,-1.000000
...OXOO.X,7,-1.000000
...OXOOX.,0,1.000000
...OXOOX.,1,1.000000
...OXOOX.,2,-1.000000
...OXOOX.,8,-1.000000
...OXOOXX,0,1.000000
...OXOOXX,1,1.000000
...OXOOXX,2,-1.000000
...OXOX..,0,1.000000
...OXOX..,1,1.000000
...OXOX..,2,1.000000
...OXOX..,7,1.000000
...OXOX..,8,1.000000
...OXOX.O,0,-1.000000
...OXOX.O,1,-1.000000
...OXOX.O,2,1.000000
...OXOX.O,7,-1.000000
...OXOXO.,0,1.000000
...OXOXO.,1,-0.000000
...OXOXO.,2,1.000000
...OXOXO.,8,1.000000
...OXOXOX,0,1.000000
...OXOXOX,1,1.000000
...OXOXOX,2,1.000000
...OXOXXO,0,-1.000000
...OXOXXO,1,1.000000
...OXOXXO,2,1.000000
...OXX..O,0,0.000000
...OXX..O,1,0.000000
...OXX..O,2,-1.000000
...OXX..O,6,0.000000
...OXX..O,7,0.000000
...OXX.O.,0,0.000000
...OXX.O.,1,-1.000000
...OXX.O.,2,1.000000
...OXX.O.,6,0.000000
...OXX.O.,8,1.000000
...OXX.OO,0,-1.000000
...OXX.OO,1,-1.000000
...OXX.OO,2,-1.000000
...OXX.OO,6,-0.000000
...OXXO..,0,0.000000
...OXXO..,1,-1.000000
...OXXO..,2,-1.000000
...OXXO..,7,-1.000000
...OXXO..,8,-1.000000
...OXXO.O,0,-1.000000
...OXXO.O,1,-1.000000
...OXXO.O,2,-1.000000
...OXXO.O,7,-1.000000
...OXXOO.,0,-1.000000
...OXXOO.,1,-1.000000
...OXXOO.,2,-1.000000
...OXXOO.,8,-1.000000
...OXXOOX,0,1.000000
...OXXOOX,1,-1.000000
...OXXOOX,2,1.000000
...OXXOXO,0,0.000000
...OXXOXO,1,1.000000
...OXXOXO,2,-1.000000
...OXXXOO,0,0.000000
...OXXXOO,1,0.000000
...OXXXOO,2,1.000000
...X....O,0,-1.000000
...X....O,1,-1.000000
...X....O,2,0.000000
...X....O,4,0.000000
...X....O,5,-1.000000
...X....O,6,1.000000
...X....O,7,-1.000000
...X...O.,0,-1.000000
...X...O.,1,0.000000
...X...O.,2,0.000000
...X...O.,4,1.000000
...X...O.,5,-1.000000
...X...O.,6,1.000000
...X...O.,8,0.000000
...X...OO,0,-1.000000
...X...OO,1,-1.000000
...X...OO,2,-1.000000
...X...OO,4,-1.000000
...X...OO,5,-1.000000
...X...OO,6,1.000000
...X..O..,0,-1.000000
...X..O..,1,-1.000000
...X..O..,2,0.000000
...X..O..,4,0.000000
...X..O..,5,-1.000000
...X..O..,7,0.000000
...X..O..,8,0.000000
...X..O.O,0,-1.000000
...X..O.O,1,-1.000000
...X..O.O,2,-1.000000
...X..O.O,4,-1.000000
...X..O.O,5,-1.000000
...X..O.O,7,-1.000000
...X..OO.,0,-1.000000
...X..OO.,1,-1.000000
...X..OO.,2,-1.000000
...X..OO.,4,-1.000000
...X..OO.,5,-1.000000
...X..OO.,8,-1.000000
...X..OOX,0,-1.000000
...X..OOX,1,1.000000
...X..OOX,2,1.000000
...X..OOX,4,1.000000
...X..OOX,5,1.000000
...X..OXO,0,-1.000000
...X..OXO,1,-1.000000
...X..OXO,2,0.000000
...X..OXO,4,1.000000
...X..OXO,5,-1.000000
...X..XOO,0,1.000000
...X..XOO,1,1.000000
...X..XOO,2,1.000000
...X..XOO,4,1.000000
...X..XOO,5,1.000000
...X.O...,0,0.000000
...X.O...,1,0.000000
...X.O...,2,0.000000
...X.O...,4,0.000000
...X.O...,6,0.000000
...X.O...,7,0.000000
...X.O...,8,0.000000
...X.O..O,0,-1.000000
...X.O..O,1,-1.000000
...X.O..O,2,-0.000000
...X.O..O,4,-1.000000
...X.O..O,6,-1.000000
...X.O..O,7,-1.000000
...X.O.O.,0,-1.000000
...X.O.O.,1,-1.000000
...X.O.O.,2,-0.000000
...X.O.O.,4,-1.000000
...X.O.O.,6,-1.000000
...X.O.O.,8,-0.000000
...X.O.OX,0,1.000000
...X.O.OX,1,0.000000
...X.O.OX,2,0.000000
...X.O.OX,4,0.000000
...X.O.OX,6,0.000000
...X.O.XO,0,-1.000000
...X.O.XO,1,-1.000000
...X.O.XO,2,1.000000
...X.O.XO,4,-1.000000
...X.O.XO,6,-1.000000
...X.OO..,0,-1.000000
...X.OO..,1,-1.000000
...X.OO..,2,-0.000000
...X.OO..,4,-1.000000
...X.OO..,7,-1.000000
...X.OO..,8,-0.000000
...X.OO.X,0,0.000000
...X.OO.X,1,0.000000
...X.OO.X,2,0.000000
...X.OO.X,4,0.000000
...X.OO.X,7,0.000000
...X.OOOX,0,-1.000000
...X.OOOX,1,-0.000000
...X.OOOX,2,-0.000000
...X.OOOX,4,-0.000000
...X.OOX.,0,-1.000000
...X.OOX.,1,0.000000
...X.OOX.,2,0.000000
...X.OOX.,4,0.000000
...X.OOX.,8,0.000000
...X.OOXO,0,-1.000000
...X.OOXO,1,-1.000000
...X.OOXO,2,-0.000000
...X.OOXO,4,-1.000000
...X.OX.O,0,1.000000
...X.OX.O,1,-1.000000
...X.OX.O,2,1.000000
...X.OX.O,4,-1.000000
...X.OX.O,7,-1.000000
...X.OXO.,0,1.000000
...X.OXO.,1,0.000000
...X.OXO.,2,1.000000
...X.OXO.,4,1.000000
...X.OXO.,8,0.000000
...X.OXOO,0,1.000000
...X.OXOO,1,-1.000000
...X.OXOO,2,1.000000
...X.OXOO,4,-1.000000
...X.X.OO,0,-1.000000
...X.X.OO,1,-1.000000
...X.X.OO,2,-1.000000
...X.X.OO,4,1.000000
...X.X.OO,6,1.000000
...X.XO.O,0,-1.000000
...X.XO.O,1,-1.000000
...X.XO.O,2,-1.000000
...X.XO.O,4,1.000000
...X.XO.O,7,-1.000000
...X.XOO.,0,-1.000000
...X.XOO.,1,-1.000000
...X.XOO.,2,-1.000000
...X.XOO.,4,1.000000
...X.XOO.,8,1.000000
...XO....,0,0.000000
...XO....,1,0.000000
...XO....,2,0.000000
...XO....,5,-1.000000
...XO....,6,0.000000
...XO....,7,0.000000
...XO....,8,0.000000
...XO...O,0,-1.000000
...XO...O,1,-1.000000
...XO...O,2,-1.000000
...XO...O,5,-1.000000
...XO...O,6,-1.000000
...XO...O,7,-1.000000
...XO..O.,0,-1.000000
...XO..O.,1,-1.000000
...XO..O.,2,-1.000000
...XO..O.,5,-1.000000
...XO..O.,6,-1.000000
...XO..O.,8,-1.000000
...XO..OX,0,-1.000000
...XO..OX,1,0.000000
...XO..OX,2,-1.000000
...XO..OX,5,-1.000000
...XO..OX,6,-1.000000
...XO..XO,0,0.000000
...XO..XO,1,-1.000000
...XO..XO,2,-1.000000
...XO..XO,5,-1.000000
...XO..XO,6,-1.000000
...XO.O..,0,-1.000000
...XO.O..,1,-1.000000
...XO.O..,2,-1.000000
...XO.O..,5,-1.000000
...XO.O..,7,-1.000000
...XO.O..,8,-1.000000
...XO.O.X,0,-1.000000
...XO.O.X,1,-1.000000
...XO.O.X,2,0.000000
...XO.O.X,5,-1.000000
...XO.O.X,7,-1.000000
...XO.OOX,0,-1.000000
...XO.OOX,1,-1.000000
...XO.OOX,2,-1.000000
...XO.OOX,5,-1.000000
...XO.OX.,0,-1.000000
...XO.OX.,1,-1.000000
...XO.OX.,2,0.000000
...XO.OX.,5,-1.000000
...XO.OX.,8,-1.000000
...XO.OXO,0,-1.000000
...XO.OXO,1,-1.000000
...XO.OXO,2,-1.000000
...XO.OXO,5,-1.000000
...XO.X.O,0,1.000000
...XO.X.O,1,-1.000000
...XO.X.O,2,-1.000000
...XO.X.O,5,-1.000000
...XO.X.O,7,-1.000000
...XO.XO.,0,1.000000
...XO.XO.,1,0.000000
...XO.XO.,2,-1.000000
...XO.XO.,5,-1.000000
...XO.XO.,8,-1.000000
...XO.XOO,0,1.000000
...XO.XOO,1,-1.000000
...XO.XOO,2,-1.000000
...XO.XOO,5,-1.000000
...XOO...,0,-0.000000
...XOO...,1,-1.000000
...XOO...,2,-0.000000
...XOO...,6,-0.000000
...XOO...,7,-1.000000
...XOO...,8,-0.000000
...XOO..X,0,0.000000
...XOO..X,1,0.000000
...XOO..X,2,0.000000
...XOO..X,6,1.000000
...XOO..X,7,0.000000
...XOO.OX,0,-1.000000
...XOO.OX,1,-0.000000
...XOO.OX,2,-1.000000
...XOO.OX,6,-1.000000
...XOO.X.,0,0.000000
...XOO.X.,1,-1.000000
...XOO.X.,2,0.000000
...XOO.X.,6,1.000000
...XOO.X.,8,0.000000
...XOO.XO,0,-1.000000
...XOO.XO,1,-1.000000
...XOO.XO,2,-1.000000
...XOO.XO,6,-1.000000
...XOOO.X,0,-1.000000
...XOOO.X,1,-1.000000
...XOOO.X,2,-0.000000
...XOOO.X,7,-1.000000
...XOOOX.,0,-1.000000
...XOOOX.,1,-1.000000
...XOOOX.,2,-0.000000
...XOOOX.,8,-1.000000
...XOOOXX,0,-1.000000
...XOOOXX,1,-1.000000
...XOOOXX,2,0.000000
...XOOX..,0,1.000000
...XOOX..,1,0.000000
...XOOX..,2,0.000000
...XOOX..,7,1.000000
...XOOX..,8,1.000000
...XOOX.O,0,1.000000
...XOOX.O,1,-1.000000
...XOOX.O,2,-1.000000
...XOOX.O,7,-1.000000
...XOOXO.,0,1.000000
...XOOXO.,1,-0.000000
...XOOXO.,2,-1.000000
...XOOXO.,8,-1.000000
...XOOXOX,0,1.000000
...XOOXOX,1,0.000000
...XOOXOX,2,-1.000000
...XOOXXO,0,1.000000
...XOOXXO,1,-1.000000
...XOOXXO,2,-1.000000
...XOX..O,0,-1.000000
...XOX..O,1,-1.000000
...XOX..O,2,-1.000000
...XOX..O,6,-1.000000
...XOX..O,7,-1.000000
...XOX.O.,0,-1.000000
...XOX.O.,1,-1.000000
...XOX.O.,2,-1.000000
...XOX.O.,6,-1.000000
...XOX.O.,8,-1.000000
...XOX.OO,0,-1.000000
...XOX.OO,1,-1.000000
...XOX.OO,2,-1.000000
...XOX.OO,6,-1.000000
...XOXO..,0,-1.000000
...XOXO..,1,-1.000000
...XOXO..,2,-1.000000
...XOXO..,7,-1.000000
...XOXO..,8,-1.000000
...XOXO.O,0,-1.000000
...XOXO.O,1,-1.000000
...XOXO.O,2,-1.000000
...XOXO.O,7,-1.000000
...XOXOO.,0,-1.000000
...XOXOO.,1,-1.000000
...XOXOO.,2,-1.000000
...XOXOO.,8,-1.000000
...XOXOOX,0,-1.000000
...XOXOOX,1,-1.000000
...XOXOOX,2,1.000000
...XOXOXO,0,-1.000000
...XOXOXO,1,-1.000000
...XOXOXO,2,-1.000000
...XOXXOO,0,1.000000
...XOXXOO,1,-1.000000
...XOXXOO,2,-1.000000
...XX..OO,0,-1.000000
...XX..OO,1,-1.000000
...XX..OO,2,-1.000000
...XX..OO,5,1.000000
...XX..OO,6,1.000000
...XX.O.O,0,-1.000000
...XX.O.O,1,-1.000000
...XX.O.O,2,-1.000000
...XX.O.O,5,1.000000
...XX.O.O,7,1.000000
...XX.OO.,0,-1.000000
...XX.OO.,1,-1.000000
...XX.OO.,2,-1.000000
...XX.OO.,5,1.000000
...XX.OO.,8,1.000000
...XXO..O,0,-1.000000
...XXO..O,1,-1.000000
...XXO..O,2,0.000000
...XXO..O,6,-1.000000
...XXO..O,7,-1.000000
...XXO.O.,0,1.000000
...XXO.O.,1,-1.000000
...XXO.O.,2,0.000000
...XXO.O.,6,1.000000
...XXO.O.,8,0.000000
...XXO.OO,0,-1.000000
...XXO.OO,1,-1.000000
...XXO.OO,2,-1.000000
...XXO.OO,6,-1.000000
...XXOO..,0,-1.000000
...XXOO..,1,0.000000
...XXOO..,2,0.000000
...XXOO..,7,0.000000
...XXOO..,8,0.000000
...XXOO.O,0,-1.000000
...XXOO.O,1,-1.000000
...XXOO.O,2,-1.000000
...XXOO.O,7,-1.000000
...XXOOO.,0,-1.000000
...XXOOO.,1,-1.000000
...XXOOO.,2,-1.000000
...XXOOO.,8,-0.000000
...XXOOOX,0,1.000000
...XXOOOX,1,0.000000
...XXOOOX,2,0.000000
...XXOOXO,0,-1.000000
...XXOOXO,1,1.000000
...XXOOXO,2,0.000000
...XXOXOO,0,1.000000
...XXOXOO,1,-1.000000
...XXOXOO,2,1.000000
..O......,0,-1.000000
..O......,1,-1.000000
..O......,3,-1.000000
..O......,4,-0.000000
..O......,5,-1.000000
..O......,6,-1.000000
..O......,7,-1.000000
..O......,8,-1.000000
..O.....X,0,1.000000
..O.....X,1,0.000000
..O.....X,3,0.000000
..O.....X,4,0.000000
..O.....X,5,-1.000000
..O.....X,6,1.000000
..O.....X,7,1.000000
..O....OX,0,-1.000000
..O....OX,1,-0.000000
..O....OX,3,-1.000000
..O....OX,4,-0.000000
..O....OX,5,-1.000000
..O....OX,6,-1.000000
..O....X.,0,0.000000
..O....X.,1,-1.000000
..O....X.,3,-1.000000
..O....X.,4,0.000000
..O....X.,5,-1.000000
..O....X.,6,-1.000000
..O....X.,8,1.000000
..O....XO,0,-1.000000
..O....XO,1,-1.000000
..O....XO,3,-1.000000
..O....XO,4,-1.000000
..O....XO,5,-1.000000
..O....XO,6,-1.000000
..O...O.X,0,-1.000000
..O...O.X,1,-1.000000
..O...O.X,3,-1.000000
..O...O.X,4,-1.000000
..O...O.X,5,-1.000000
..O...O.X,7,-1.000000
..O...OX.,0,-1.000000
..O...OX.,1,-1.000000
..O...OX.,3,-1.000000
..O...OX.,4,-0.000000
..O...OX.,5,-1.000000
..O...OX.,8,-1.000000
..O...OXX,0,-1.000000
..O...OXX,1,-1.000000
..O...OXX,3,-1.000000
..O...OXX,4,1.000000
..O...OXX,5,-1.000000
..O...X..,0,1.000000
..O...X..,1,0.000000
..O...X..,3,-1.000000
..O...X..,4,0.000000
..O...X..,5,0.000000
..O...X..,7,-1.000000
..O...X..,8,1.000000
..O...X.O,0,-1.000000
..O...X.O,1,-1.000000
..O...X.O,3,-1.000000
..O...X.O,4,-1.000000
..O...X.O,5,-1.000000
..O...X.O,7,-1.000000
..O...XO.,0,-0.000000
..O...XO.,1,-0.000000
..O...XO.,3,-1.000000
..O...XO.,4,-0.000000
..O...XO.,5,-1.000000
..O...XO.,8,-1.000000
..O...XOX,0,1.000000
..O...XOX,1,0.000000
..O...XOX,3,0.000000
..O...XOX,4,0.000000
..O...XOX,5,-1.000000
..O...XXO,0,-1.000000
..O...XXO,1,-1.000000
..O...XXO,3,-1.000000
..O...XXO,4,-1.000000
..O...XXO,5,-1.000000
..O..O..X,0,-1.000000
..O..O..X,1,-1.000000
..O..O..X,3,-0.000000
..O..O..X,4,-0.000000
..O..O..X,6,1.000000
..O..O..X,7,1.000000
..O..O.X.,0,-1.000000
..O..O.X.,1,-1.000000
..O..O.X.,3,-1.000000
..O..O.X.,4,-1.000000
..O..O.X.,6,-1.000000
..O..O.X.,8,1.000000
..O..O.XX,0,1.000000
..O..O.XX,1,1.000000
..O..O.XX,3,1.000000
..O..O.XX,4,1.000000
..O..O.XX,6,1.000000
..O..OOXX,0,-1.000000
..O..OOXX,1,-1.000000
..O..OOXX,3,-1.000000
..O..OOXX,4,1.000000
..O..OX..,0,-1.000000
..O..OX..,1,-1.000000
..O..OX..,3,-1.000000
..O..OX..,4,-1.000000
..O..OX..,7,-1.000000
..O..OX..,8,1.000000
..O..OX.X,0,1.000000
..O..OX.X,1,1.000000
..O..OX.X,3,1.000000
..O..OX.X,4,1.000000
..O..OX.X,7,1.000000
..O..OXOX,0,1.000000
..O..OXOX,1,-0.000000
..O..OXOX,3,-0.000000
..O..OXOX,4,-0.000000
..O..OXX.,0,-1.000000
..O..OXX.,1,-1.000000
..O..OXX.,3,-1.000000
..O..OXX.,4,-1.000000
..O..OXX.,8,1.000000
..O..X...,0,0.000000
..O..X...,1,0.000000
..O..X...,3,-1.000000
..O..X...,4,0.000000
..O..X...,6,0.000000
..O..X...,7,-1.000000
..O..X...,8,-1.000000
..O..X..O,0,-1.000000
..O..X..O,1,-1.000000
..O..X..O,3,-1.000000
..O..X..O,4,-0.000000
..O..X..O,6,-1.000000
..O..X..O,7,-1.000000
..O..X.O.,0,-1.000000
..O..X.O.,1,-1.000000
..O..X.O.,3,-1.000000
..O..X.O.,4,-0.000000
..O..X.O.,6,-1.000000
..O..X.O.,8,-1.000000
..O..X.OX,0,-1.000000
..O..X.OX,1,0.000000
..O..X.OX,3,-1.000000
..O..X.OX,4,1.000000
..O..X.OX,6,-1.000000
..O..X.XO,0,0.000000
..O..X.XO,1,-1.000000
..O..X.XO,3,-1.000000
..O..X.XO,4,1.000000
..O..X.XO,6,-1.000000
..O..XO..,0,-1.000000
..O..XO..,1,-1.000000
..O..XO..,3,-1.000000
..O..XO..,4,-0.000000
..O..XO..,7,-1.000000
..O..XO..,8,-1.000000
..O..XO.X,0,-1.000000
..O..XO.X,1,-1.000000
..O..XO.X,3,-1.000000
..O..XO.X,4,1.000000
..O..XO.X,7,-1.000000
..O..XOOX,0,-1.000000
..O..XOOX,1,-1.000000
..O..XOOX,3,-1.000000
..O..XOOX,4,1.000000
..O..XOX.,0,-1.000000
..O..XOX.,1,-1.000000
..O..XOX.,3,-1.000000
..O..XOX.,4,1.000000
..O..XOX.,8,-1.000000
..O..XOXO,0,-1.000000
..O..XOXO,1,-1.000000
..O..XOXO,3,-1.000000
..O..XOXO,4,1.000000
..O..XX.O,0,0.000000
..O..XX.O,1,0.000000
..O..XX.O,3,1.000000
..O..XX.O,4,0.000000
..O..XX.O,7,-1.000000
..O..XXO.,0,0.000000
..O..XXO.,1,0.000000
..O..XXO.,3,1.000000
..O..XXO.,4,0.000000
..O..XXO.,8,-1.000000
..O..XXOO,0,-0.000000
..O..XXOO,1,-0.000000
..O..XXOO,3,1.000000
..O..XXOO,4,-0.000000
..O.O...X,0,-1.000000
..O.O...X,1,-1.000000
..O.O...X,3,-1.000000
..O.O...X,5,-1.000000
..O.O...X,6,-0.000000
..O.O...X,7,-1.000000
..O.O..X.,0,-1.000000
..O.O..X.,1,-1.000000
..O.O..X.,3,-1.000000
..O.O..X.,5,-1.000000
..O.O..X.,6,-1.000000
..O.O..X.,8,-1.000000
..O.O..XX,0,-1.000000
..O.O..XX,1,-1.000000
..O.O..XX,3,-1.000000
..O.O..XX,5,-1.000000
..O.O..XX,6,1.000000
..O.O.X..,0,-0.000000
..O.O.X..,1,-1.000000
..O.O.X..,3,-1.000000
..O.O.X..,5,-1.000000
..O.O.X..,7,-1.000000
..O.O.X..,8,-0.000000
..O.O.X.X,0,1.000000
..O.O.X.X,1,0.000000
..O.O.X.X,3,1.000000
..O.O.X.X,5,0.000000
..O.O.X.X,7,1.000000
..O.O.XOX,0,-1.000000
..O.O.XOX,1,-0.000000
..O.O.XOX,3,-1.000000
..O.O.XOX,5,-1.000000
..O.O.XX.,0,1.000000
..O.O.XX.,1,-1.000000
..O.O.XX.,3,1.000000
..O.O.XX.,5,0.000000
..O.O.XX.,8,1.000000
..O.O.XXO,0,-1.000000
..O.O.XXO,1,-1.000000
..O.O.XXO,3,-1.000000
..O.O.XXO,5,-1.000000
..O.OO.XX,0,-1.000000
..O.OO.XX,1,-1.000000
..O.OO.XX,3,-1.000000
..O.OO.XX,6,1.000000
..O.OOX.X,0,-1.000000
..O.OOX.X,1,-1.000000
..O.OOX.X,3,1.000000
..O.OOX.X,7,1.000000
..O.OOXX.,0,-1.000000
..O.OOXX.,1,-1.000000
..O.OOXX.,3,-1.000000
..O.OOXX.,8,1.000000
..O.OX...,0,-1.000000
..O.OX...,1,-1.000000
..O.OX...,3,-1.000000
..O.OX...,6,-1.000000
..O.OX...,7,-1.000000
..O.OX...,8,-1.000000
..O.OX..X,0,-1.000000
..O.OX..X,1,-1.000000
..O.OX..X,3,-1.000000
..O.OX..X,6,0.000000
..O.OX..X,7,-1.000000
..O.OX.OX,0,-1.000000
..O.OX.OX,1,-1.000000
..O.OX.OX,3,-1.000000
..O.OX.OX,6,-1.000000
..O.OX.X.,0,-1.000000
..O.OX.X.,1,-1.000000
..O.OX.X.,3,-1.000000
..O.OX.X.,6,0.000000
..O.OX.X.,8,-1.000000
..O.OX.XO,0,-1.000000
..O.OX.XO,1,-1.000000
..O.OX.XO,3,-1.000000
..O.OX.XO,6,-1.000000
..O.OXX..,0,0.000000
..O.OXX..,1,0.000000
..O.OXX..,3,-1.000000
..O.OXX..,7,0.000000
..O.OXX..,8,0.000000
..O.OXX.O,0,-0.000000
..O.OXX.O,1,-1.000000
..O.OXX.O,3,-1.000000
..O.OXX.O,7,-1.000000
..O.OXXO.,0,-1.000000
..O.OXXO.,1,-0.000000
..O.OXXO.,3,-1.000000
..O.OXXO.,8,-1.000000
..O.OXXOX,0,-1.000000
..O.OXXOX,1,0.000000
..O.OXXOX,3,-1.000000
..O.OXXXO,0,0.000000
..O.OXXXO,1,-1.000000
..O.OXXXO,3,-1.000000
..O.X....,0,0.000000
..O.X....,1,0.000000
..O.X....,3,0.000000
..O.X....,5,0.000000
..O.X....,6,0.000000
..O.X....,7,0.000000
..O.X....,8,0.000000
..O.X...O,0,-1.000000
..O.X...O,1,-1.000000
..O.X...O,3,-1.000000
..O.X...O,5,-0.000000
..O.X...O,6,-1.000000
..O.X...O,7,-1.000000
..O.X..O.,0,-1.000000
..O.X..O.,1,-1.000000
..O.X..O.,3,-0.000000
..O.X..O.,5,-0.000000
..O.X..O.,6,-0.000000
..O.X..O.,8,-0.000000
..O.X..OX,0,1.000000
..O.X..OX,1,0.000000
..O.X..OX,3,1.000000
..O.X..OX,5,1.000000
..O.X..OX,6,0.000000
..O.X..XO,0,-1.000000
..O.X..XO,1,1.000000
..O.X..XO,3,-1.000000
..O.X..XO,5,1.000000
..O.X..XO,6,-1.000000
..O.X.O..,0,-1.000000
..O.X.O..,1,-0.000000
..O.X.O..,3,-0.000000
..O.X.O..,5,-0.000000
..O.X.O..,7,-0.000000
..O.X.O..,8,-1.000000
..O.X.O.X,0,1.000000
..O.X.O.X,1,1.000000
..O.X.O.X,3,1.000000
..O.X.O.X,5,1.000000
..O.X.O.X,7,1.000000
..O.X.OOX,0,1.000000
..O.X.OOX,1,-0.000000
..O.X.OOX,3,1.000000
..O.X.OOX,5,1.000000
..O.X.OX.,0,1.000000
..O.X.OX.,1,1.000000
..O.X.OX.,3,1.000000
..O.X.OX.,5,1.000000
..O.X.OX.,8,1.000000
..O.X.OXO,0,-1.000000
..O.X.OXO,1,1.000000
..O.X.OXO,3,-1.000000
..O.X.OXO,5,1.000000
..O.X.X.O,0,-1.000000
..O.X.X.O,1,-1.000000
..O.X.X.O,3,-1.000000
..O.X.X.O,5,0.000000
..O.X.X.O,7,-1.000000
..O.X.XO.,0,1.000000
..O.X.XO.,1,0.000000
..O.X.XO.,3,1.000000
..O.X.XO.,5,0.000000
..O.X.XO.,8,0.000000
..O.X.XOO,0,-1.000000
..O.X.XOO,1,-1.000000
..O.X.XOO,3,-1.000000
..O.X.XOO,5,-0.000000
..O.XO...,0,-1.000000
..O.XO...,1,-1.000000
..O.XO...,3,-1.000000
..O.XO...,6,-1.000000
..O.XO...,7,-1.000000
..O.XO...,8,-0.000000
..O.XO..X,0,1.000000
..O.XO..X,1,1.000000
..O.XO..X,3,0.000000
..O.XO..X,6,1.000000
..O.XO..X,7,1.000000
..O.XO.OX,0,1.000000
..O.XO.OX,1,-0.000000
..O.XO.OX,3,-0.000000
..O.XO.OX,6,-0.000000
..O.XO.X.,0,-1.000000
..O.XO.X.,1,1.000000
..O.XO.X.,3,-1.000000
..O.XO.X.,6,-1.000000
..O.XO.X.,8,1.000000
..O.XOO.X,0,1.000000
..O.XOO.X,1,1.000000
..O.XOO.X,3,-0.000000
..O.XOO.X,7,1.000000
..O.XOOX.,0,-1.000000
..O.XOOX.,1,1.000000
..O.XOOX.,3,-1.000000
..O.XOOX.,8,1.000000
..O.XOOXX,0,1.000000
..O.XOOXX,1,1.000000
..O.XOOXX,3,1.000000
..O.XOX..,0,-1.000000
..O.XOX..,1,-1.000000
..O.XOX..,3,-1.000000
..O.XOX..,7,-1.000000
..O.XOX..,8,1.000000
..O.XOXO.,0,-1.000000
..O.XOXO.,1,-1.000000
..O.XOXO.,3,-1.000000
..O.XOXO.,8,-0.000000
..O.XOXOX,0,1.000000
..O.XOXOX,1,0.000000
..O.XOXOX,3,0.000000
..O.XX..O,0,0.000000
..O.XX..O,1,1.000000
..O.XX..O,3,1.000000
..O.XX..O,6,0.000000
..O.XX..O,7,1.000000
..O.XX.O.,0,1.000000
..O.XX.O.,1,0.000000
..O.XX.O.,3,1.000000
..O.XX.O.,6,0.000000
..O.XX.O.,8,1.000000
..O.XX.OO,0,-1.000000
..O.XX.OO,1,-1.000000
..O.XX.OO,3,1.000000
..O.XX.OO,6,-0.000000
..O.XXO..,0,1.000000
..O.XXO..,1,1.000000
..O.XXO..,3,1.000000
..O.XXO..,7,1.000000
..O.XXO..,8,1.000000
..O.XXO.O,0,-1.000000
..O.XXO.O,1,-1.000000
..O.XXO.O,3,1.000000
..O.XXO.O,7,1.000000
..O.XXOO.,0,-1.000000
..O.XXOO.,1,-1.000000
..O.XXOO.,3,1.000000
..O.XXOO.,8,1.000000
..O.XXOOX,0,1.000000
..O.XXOOX,1,1.000000
..O.XXOOX,3,1.000000
..O.XXOXO,0,1.000000
..O.XXOXO,1,1.000000
..O.XXOXO,3,1.000000
..O.XXXOO,0,0.000000
..O.XXXOO,1,0.000000
..O.XXXOO,3,1.000000
..OO....X,0,-1.000000
..OO....X,1,-1.000000
..OO....X,4,-1.000000
..OO....X,5,-1.000000
..OO....X,6,-0.000000
..OO....X,7,-1.000000
..OO...X.,0,-1.000000
..OO...X.,1,-1.000000
..OO...X.,4,-0.000000
..OO...X.,5,-1.000000
..OO...X.,6,-1.000000
..OO...X.,8,-1.000000
..OO...XX,0,1.000000
..OO...XX,1,1.000000
..OO...XX,4,1.000000
..OO...XX,5,-1.000000
..OO...XX,6,1.000000
..OO..OXX,0,-1.000000
..OO..OXX,1,-1.000000
..OO..OXX,4,-1.000000
..OO..OXX,5,-1.000000
..OO..X..,0,-1.000000
..OO..X..,1,-1.000000
..OO..X..,4,-0.000000
..OO..X..,5,-0.000000
..OO..X..,7,-1.000000
..OO..X..,8,-0.000000
..OO..X.X,0,1.000000
..OO..X.X,1,0.000000
..OO..X.X,4,1.000000
..OO..X.X,5,0.000000
..OO..X.X,7,1.000000
..OO..XOX,0,-1.000000
..OO..XOX,1,-0.000000
..OO..XOX,4,-0.000000
..OO..XOX,5,-1.000000
..OO..XX.,0,0.000000
..OO..XX.,1,1.000000
..OO..XX.,4,1.000000
..OO..XX.,5,0.000000
..OO..XX.,8,1.000000
..OO..XXO,0,-1.000000
..OO..XXO,1,-1.000000
..OO..XXO,4,-1.000000
..OO..XXO,5,-1.000000
..OO.O.XX,0,-1.000000
..OO.O.XX,1,-1.000000
..OO.O.XX,4,1.000000
..OO.O.XX,6,1.000000
..OO.OX.X,0,-1.000000
..OO.OX.X,1,-1.000000
..OO.OX.X,4,1.000000
..OO.OX.X,7,1.000000
..OO.OXX.,0,-1.000000
..OO.OXX.,1,-1.000000
..OO.OXX.,4,-1.000000
..OO.OXX.,8,1.000000
..OO.X...,0,-0.000000
..OO.X...,1,-1.000000
..OO.X...,4,-1.000000
..OO.X...,6,-0.000000
..OO.X...,7,-1.000000
..OO.X...,8,-1.000000
..OO.X..X,0,0.000000
..OO.X..X,1,-1.000000
..OO.X..X,4,-1.000000
..OO.X..X,6,0.000000
..OO.X..X,7,-1.000000
..OO.X.OX,0,-1.000000
..OO.X.OX,1,-1.000000
..OO.X.OX,4,-1.000000
..OO.X.OX,6,-1.000000
..OO.X.X.,0,0.000000
..OO.X.X.,1,0.000000
..OO.X.X.,4,0.000000
..OO.X.X.,6,0.000000
..OO.X.X.,8,-1.000000
..OO.X.XO,0,-0.000000
..OO.X.XO,1,-1.000000
..OO.X.XO,4,-0.000000
..OO.X.XO,6,-1.000000
..OO.XO.X,0,-1.000000
..OO.XO.X,1,-1.000000
..OO.XO.X,4,-1.000000
..OO.XO.X,7,-1.000000
..OO.XOX.,0,-1.000000
..OO.XOX.,1,-1.000000
..OO.XOX.,4,-1.000000
..OO.XOX.,8,-1.000000
..OO.XOXX,0,-1.000000
..OO.XOXX,1,-1.000000
..OO.XOXX,4,-1.000000
..OO.XX..,0,0.000000
..OO.XX..,1,0.000000
..OO.XX..,4,0.000000
..OO.XX..,7,0.000000
..OO.XX..,8,0.000000
..OO.XX.O,0,-0.000000
..OO.XX.O,1,-0.000000
..OO.XX.O,4,-0.000000
..OO.XX.O,7,-1.000000
..OO.XXO.,0,-0.000000
..OO.XXO.,1,-0.000000
..OO.XXO.,4,-0.000000
..OO.XXO.,8,-1.000000
..OO.XXOX,0,0.000000
..OO.XXOX,1,0.000000
..OO.XXOX,4,0.000000
..OO.XXXO,0,0.000000
..OO.XXXO,1,0.000000
..OO.XXXO,4,0.000000
..OOO..XX,0,-1.000000
..OOO..XX,1,-1.000000
..OOO..XX,5,-1.000000
..OOO..XX,6,1.000000
..OOO.X.X,0,-1.000000
..OOO.X.X,1,-1.000000
..OOO.X.X,5,-0.000000
..OOO.X.X,7,1.000000
..OOO.XX.,0,-1.000000
..OOO.XX.,1,-1.000000
..OOO.XX.,5,-0.000000
..OOO.XX.,8,1.000000
..OOOX..X,0,-1.000000
..OOOX..X,1,-1.000000
..OOOX..X,6,-0.000000
..OOOX..X,7,-1.000000
..OOOX.X.,0,-1.000000
..OOOX.X.,1,-1.000000
..OOOX.X.,6,-0.000000
..OOOX.X.,8,-1.000000
..OOOX.XX,0,-1.000000
..OOOX.XX,1,-1.000000
..OOOX.XX,6,1.000000
..OOOXX..,0,-0.000000
..OOOXX..,1,-0.000000
..OOOXX..,7,-0.000000
..OOOXX..,8,-0.000000
..OOOXX.X,0,0.000000
..OOOXX.X,1,0.000000
..OOOXX.X,7,1.000000
..OOOXXOX,0,-1.000000
..OOOXXOX,1,-0.000000
..OOOXXX.,0,0.000000
..OOOXXX.,1,0.000000
..OOOXXX.,8,1.000000
..OOOXXXO,0,-0.000000
..OOOXXXO,1,-1.000000
..OOX....,0,-0.000000
..OOX....,1,-0.000000
..OOX....,5,-1.000000
..OOX....,6,-0.000000
..OOX....,7,-0.000000
..OOX....,8,-1.000000
..OOX...X,0,1.000000
..OOX...X,1,1.000000
..OOX...X,5,-1.000000
..OOX...X,6,1.000000
..OOX...X,7,1.000000
..OOX..OX,0,1.000000
..OOX..OX,1,-0.000000
..OOX..OX,5,-1.000000
..OOX..OX,6,-0.000000
..OOX..X.,0,1.000000
..OOX..X.,1,1.000000
..OOX..X.,5,0.000000
..OOX..X.,6,1.000000
..OOX..X.,8,1.000000
..OOX..XO,0,-1.000000
..OOX..XO,1,1.000000
..OOX..XO,5,-0.000000
..OOX..XO,6,-1.000000
..OOX.O.X,0,1.000000
..OOX.O.X,1,-1.000000
..OOX.O.X,5,-1.000000
..OOX.O.X,7,-1.000000
..OOX.OX.,0,1.000000
..OOX.OX.,1,1.000000
..OOX.OX.,5,-1.000000
..OOX.OX.,8,-1.000000
..OOX.OXX,0,1.000000
..OOX.OXX,1,1.000000
..OOX.OXX,5,-1.000000
..OOX.X..,0,0.000000
..OOX.X..,1,0.000000
..OOX.X..,5,0.000000
..OOX.X..,7,1.000000
..OOX.X..,8,1.000000
..OOX.X.O,0,-1.000000
..OOX.X.O,1,-1.000000
..OOX.X.O,5,-0.000000
..OOX.X.O,7,-1.000000
..OOX.XO.,0,-0.000000
..OOX.XO.,1,-0.000000
..OOX.XO.,5,-0.000000
..OOX.XO.,8,-0.000000
..OOX.XOX,0,1.000000
..OOX.XOX,1,0.000000
..OOX.XOX,5,0.000000
..OOX.XXO,0,-1.000000
..OOX.XXO,1,1.000000
..OOX.XXO,5,0.000000
..OOXO..X,0,1.000000
..OOXO..X,1,1.000000
..OOXO..X,6,1.000000
..OOXO..X,7,1.000000
..OOXO.X.,0,-1.000000
..OOXO.X.,1,1.000000
..OOXO.X.,6,-1.000000
..OOXO.X.,8,1.000000
..OOXO.XX,0,1.000000
..OOXO.XX,1,1.000000
..OOXO.XX,6,1.000000
..OOXOOXX,0,1.000000
..OOXOOXX,1,1.000000
..OOXOX..,0,-1.000000
..OOXOX..,1,-1.000000
..OOXOX..,7,-1.000000
..OOXOX..,8,1.000000
..OOXOX.X,0,1.000000
..OOXOX.X,1,1.000000
..OOXOX.X,7,1.000000
..OOXOXOX,0,1.000000
..OOXOXOX,1,-0.000000
..OOXOXX.,0,-1.000000
..OOXOXX.,1,1.000000
..OOXOXX.,8,1.000000
..OOXX...,0,0.000000
..OOXX...,1,0.000000
..OOXX...,6,0.000000
..OOXX...,7,0.000000
..OOXX...,8,-1.000000
..OOXX..O,0,-0.000000
..OOXX..O,1,-0.000000
..OOXX..O,6,-0.000000
..OOXX..O,7,-0.000000
..OOXX.O.,0,-0.000000
..OOXX.O.,1,-1.000000
..OOXX.O.,6,-0.000000
..OOXX.O.,8,-1.000000
..OOXX.OX,0,1.000000
..OOXX.OX,1,0.000000
..OOXX.OX,6,0.000000
..OOXX.XO,0,0.000000
..OOXX.XO,1,1.000000
..OOXX.XO,6,0.000000
..OOXXO..,0,-0.000000
..OOXXO..,1,-1.000000
..OOXXO..,7,-1.000000
..OOXXO..,8,-1.000000
..OOXXO.X,0,1.000000
..OOXXO.X,1,-1.000000
..OOXXO.X,7,-1.000000
..OOXXOOX,0,1.000000
..OOXXOOX,1,-1.000000
..OOXXOX.,0,1.000000
..OOXXOX.,1,1.000000
..OOXXOX.,8,-1.000000
..OOXXOXO,0,-0.000000
..OOXXOXO,1,1.000000
..OOXXX.O,0,0.000000
..OOXXX.O,1,0.000000
..OOXXX.O,7,0.000000
..OOXXXO.,0,0.000000
..OOXXXO.,1,0.000000
..OOXXXO.,8,0.000000
..OOXXXOO,0,-0.000000
..OOXXXOO,1,-0.000000
..OX.....,0,1.000000
..OX.....,1,-1.000000
..OX.....,4,0.000000
..OX.....,5,-1.000000
..OX.....,6,-1.000000
..OX.....,7,-1.000000
..OX.....,8,0.000000
..OX....O,0,-1.000000
..OX....O,1,-1.000000
..OX....O,4,-1.000000
..OX....O,5,-1.000000
..OX....O,6,-1.000000
..OX....O,7,-1.000000
..OX...O.,0,-1.000000
..OX...O.,1,-1.000000
..OX...O.,4,-0.000000
..OX...O.,5,-1.000000
..OX...O.,6,-1.000000
..OX...O.,8,-1.000000
..OX...OX,0,1.000000
..OX...OX,1,0.000000
..OX...OX,4,1.000000
..OX...OX,5,-1.000000
..OX...OX,6,0.000000
..OX...XO,0,-1.000000
..OX...XO,1,-1.000000
..OX...XO,4,-1.000000
..OX...XO,5,-1.000000
..OX...XO,6,-1.000000
..OX..O..,0,-1.000000
..OX..O..,1,-1.000000
..OX..O..,4,-0.000000
..OX..O..,5,-1.000000
..OX..O..,7,-1.000000
..OX..O..,8,-1.000000
..OX..O.X,0,-1.000000
..OX..O.X,1,-1.000000
..OX..O.X,4,1.000000
..OX..O.X,5,-1.000000
..OX..O.X,7,-1.000000
..OX..OOX,0,-1.000000
..OX..OOX,1,-1.000000
..OX..OOX,4,1.000000
..OX..OOX,5,-1.000000
..OX..OX.,0,-1.000000
..OX..OX.,1,-1.000000
..OX..OX.,4,1.000000
..OX..OX.,5,-1.000000
..OX..OX.,8,-1.000000
..OX..OXO,0,-1.000000
..OX..OXO,1,-1.000000
..OX..OXO,4,-1.000000
..OX..OXO,5,-1.000000
..OX..X.O,0,1.000000
..OX..X.O,1,-1.000000
..OX..X.O,4,-1.000000
..OX..X.O,5,1.000000
..OX..X.O,7,-1.000000
..OX..XO.,0,1.000000
..OX..XO.,1,0.000000
..OX..XO.,4,1.000000
..OX..XO.,5,1.000000
..OX..XO.,8,0.000000
..OX..XOO,0,1.000000
..OX..XOO,1,-1.000000
..OX..XOO,4,-1.000000
..OX..XOO,5,1.000000
..OX.O...,0,-1.000000
..OX.O...,1,-1.000000
..OX.O...,4,-1.000000
..OX.O...,6,-1.000000
..OX.O...,7,-1.000000
..OX.O...,8,-0.000000
..OX.O..X,0,1.000000
..OX.O..X,1,1.000000
..OX.O..X,4,0.000000
..OX.O..X,6,1.000000
..OX.O..X,7,1.000000
..OX.O.OX,0,1.000000
..OX.O.OX,1,-0.000000
..OX.O.OX,4,-0.000000
..OX.O.OX,6,-0.000000
..OX.O.X.,0,-1.000000
..OX.O.X.,1,-1.000000
..OX.O.X.,4,-1.000000
..OX.O.X.,6,-1.000000
..OX.O.X.,8,1.000000
..OX.OO.X,0,-1.000000
..OX.OO.X,1,-1.000000
..OX.OO.X,4,-0.000000
..OX.OO.X,7,-1.000000
..OX.OOX.,0,-1.000000
..OX.OOX.,1,-1.000000
..OX.OOX.,4,-1.000000
..OX.OOX.,8,-1.000000
..OX.OOXX,0,-1.000000
..OX.OOXX,1,-1.000000
..OX.OOXX,4,1.000000
..OX.OX..,0,1.000000
..OX.OX..,1,-1.000000
..OX.OX..,4,-1.000000
..OX.OX..,7,-1.000000
..OX.OX..,8,1.000000
..OX.OXO.,0,1.000000
..OX.OXO.,1,-1.000000
..OX.OXO.,4,-1.000000
..OX.OXO.,8,-0.000000
..OX.OXOX,0,1.000000
..OX.OXOX,1,0.000000
..OX.OXOX,4,0.000000
..OX.X..O,0,1.000000
..OX.X..O,1,-1.000000
..OX.X..O,4,1.000000
..OX.X..O,6,1.000000
..OX.X..O,7,-1.000000
..OX.X.O.,0,1.000000
..OX.X.O.,1,0.000000
..OX.X.O.,4,1.000000
..OX.X.O.,6,1.000000
..OX.X.O.,8,-1.000000
..OX.X.OO,0,-1.000000
..OX.X.OO,1,-1.000000
..OX.X.OO,4,1.000000
..OX.X.OO,6,1.000000
..OX.XO..,0,-1.000000
..OX.XO..,1,-1.000000
..OX.XO..,4,1.000000
..OX.XO..,7,-1.000000
..OX.XO..,8,-1.000000
..OX.XO.O,0,-1.000000
..OX.XO.O,1,-1.000000
..OX.XO.O,4,1.000000
..OX.XO.O,7,-1.000000
..OX.XOO.,0,-1.000000
..OX.XOO.,1,-1.000000
..OX.XOO.,4,1.000000
..OX.XOO.,8,-1.000000
..OX.XOOX,0,-1.000000
..OX.XOOX,1,-1.000000
..OX.XOOX,4,1.000000
..OX.XOXO,0,-1.000000
..OX.XOXO,1,-1.000000
..OX.XOXO,4,1.000000
..OX.XXOO,0,1.000000
..OX.XXOO,1,1.000000
..OX.XXOO,4,1.000000
..OXO....,0,-1.000000
..OXO....,1,-1.000000
..OXO....,5,-1.000000
..OXO....,6,-1.000000
..OXO....,7,-1.000000
..OXO....,8,-1.000000
..OXO...X,0,-1.000000
..OXO...X,1,-1.000000
..OXO...X,5,-1.000000
..OXO...X,6,1.000000
..OXO...X,7,-1.000000
..OXO..OX,0,-1.000000
..OXO..OX,1,-1.000000
..OXO..OX,5,-1.000000
..OXO..OX,6,-1.000000
..OXO..X.,0,-1.000000
..OXO..X.,1,-1.000000
..OXO..X.,5,-1.000000
..OXO..X.,6,1.000000
..OXO..X.,8,-1.000000
..OXO..XO,0,-1.000000
..OXO..XO,1,-1.000000
..OXO..XO,5,-1.000000
..OXO..XO,6,-1.000000
..OXO.X..,0,1.000000
..OXO.X..,1,0.000000
..OXO.X..,5,-1.000000
..OXO.X..,7,1.000000
..OXO.X..,8,1.000000
..OXO.X.O,0,1.000000
..OXO.X.O,1,-1.000000
..OXO.X.O,5,-1.000000
..OXO.X.O,7,-1.000000
..OXO.XO.,0,1.000000
..OXO.XO.,1,-0.000000
..OXO.XO.,5,-1.000000
..OXO.XO.,8,-1.000000
..OXO.XOX,0,1.000000
..OXO.XOX,1,0.000000
..OXO.XOX,5,-1.000000
..OXO.XXO,0,1.000000
..OXO.XXO,1,-1.000000
..OXO.XXO,5,-1.000000
..OXOO..X,0,-1.000000
..OXOO..X,1,-1.000000
..OXOO..X,6,1.000000
..OXOO..X,7,-1.000000
..OXOO.X.,0,-1.000000
..OXOO.X.,1,-1.000000
..OXOO.X.,6,-1.000000
..OXOO.X.,8,-1.000000
..OXOO.XX,0,-1.000000
..OXOO.XX,1,-1.000000
..OXOO.XX,6,1.000000
..OXOOX..,0,1.000000
..OXOOX..,1,-1.000000
..OXOOX..,7,-1.000000
..OXOOX..,8,1.000000
..OXOOX.X,0,1.000000
..OXOOX.X,1,1.000000
..OXOOX.X,7,1.000000
..OXOOXOX,0,1.000000
..OXOOXOX,1,-0.000000
..OXOOXX.,0,1.000000
..OXOOXX.,1,-1.000000
..OXOOXX.,8,1.000000
..OXOX...,0,-1.000000
..OXOX...,1,-1.000000
..OXOX...,6,-1.000000
..OXOX...,7,-1.000000
..OXOX...,8,-1.000000
..OXOX..O,0,-1.000000
..OXOX..O,1,-1.000000
..OXOX..O,6,-1.000000
..OXOX..O,7,-1.000000
..OXOX.O.,0,-1.000000
..OXOX.O.,1,-1.000000
..OXOX.O.,6,-1.000000
..OXOX.O.,8,-1.000000
..OXOX.OX,0,-1.000000
..OXOX.OX,1,-1.000000
..OXOX.OX,6,-1.000000
..OXOX.XO,0,-1.000000
..OXOX.XO,1,-1.000000
..OXOX.XO,6,-1.000000
..OXOXX.O,0,1.000000
..OXOXX.O,1,-1.000000
..OXOXX.O,7,-1.000000
..OXOXXO.,0,1.000000
..OXOXXO.,1,0.000000
..OXOXXO.,8,-1.000000
..OXOXXOO,0,1.000000
..OXOXXOO,1,-1.000000
..OXX...O,0,-1.000000
..OXX...O,1,-1.000000
..OXX...O,5,1.000000
..OXX...O,6,-1.000000
..OXX...O,7,-1.000000
..OXX..O.,0,1.000000
..OXX..O.,1,0.000000
..OXX..O.,5,1.000000
..OXX..O.,6,1.000000
..OXX..O.,8,1.000000
..OXX..OO,0,-1.000000
..OXX..OO,1,-1.000000
..OXX..OO,5,1.000000
..OXX..OO,6,-1.000000
..OXX.O..,0,1.000000
..OXX.O..,1,1.000000
..OXX.O..,5,1.000000
..OXX.O..,7,1.000000
..OXX.O..,8,1.000000
..OXX.O.O,0,-1.000000
..OXX.O.O,1,-1.000000
..OXX.O.O,5,1.000000
..OXX.O.O,7,-1.000000
..OXX.OO.,0,-1.000000
..OXX.OO.,1,-1.000000
..OXX.OO.,5,1.000000
..OXX.OO.,8,1.000000
..OXX.OOX,0,1.000000
..OXX.OOX,1,1.000000
..OXX.OOX,5,1.000000
..OXX.OXO,0,-1.000000
..OXX.OXO,1,1.000000
..OXX.OXO,5,1.000000
..OXX.XOO,0,1.000000
..OXX.XOO,1,-1.000000
..OXX.XOO,5,1.000000
..OXXO...,0,-1.000000
..OXXO...,1,-1.000000
..OXXO...,6,-1.000000
..OXXO...,7,-1.000000
..OXXO...,8,0.000000
..OXXO.O.,0,-1.000000
..OXXO.O.,1,-1.000000
..OXXO.O.,6,-1.000000
..OXXO.O.,8,-0.000000
..OXXO.OX,0,1.000000
..OXXO.OX,1,0.000000
..OXXO.OX,6,0.000000
..OXXOO..,0,-1.000000
..OXXOO..,1,-1.000000
..OXXOO..,7,-1.000000
..OXXOO..,8,-0.000000
..OXXOO.X,0,1.000000
..OXXOO.X,1,1.000000
..OXXOO.X,7,1.000000
..OXXOOOX,0,1.000000
..OXXOOOX,1,-0.000000
..OXXOOX.,0,-1.000000
..OXXOOX.,1,1.000000
..OXXOOX.,8,1.000000
..OXXOXO.,0,1.000000
..OXXOXO.,1,-1.000000
..OXXOXO.,8,0.000000
..X.....O,0,1.000000
..X.....O,1,1.000000
..X.....O,3,0.000000
..X.....O,4,0.000000
..X.....O,5,-1.000000
..X.....O,6,1.000000
..X.....O,7,0.000000
..X....O.,0,1.000000
..X....O.,1,0.000000
..X....O.,3,0.000000
..X....O.,4,1.000000
..X....O.,5,-1.000000
..X....O.,6,0.000000
..X....O.,8,1.000000
..X....OO,0,-1.000000
..X....OO,1,-1.000000
..X....OO,3,-1.000000
..X....OO,4,-1.000000
..X....OO,5,-1.000000
..X....OO,6,-1.000000
..X...O..,0,1.000000
..X...O..,1,-1.000000
..X...O..,3,0.000000
..X...O..,4,0.000000
..X...O..,5,-1.000000
..X...O..,7,0.000000
..X...O..,8,1.000000
..X...O.O,0,-1.000000
..X...O.O,1,-1.000000
..X...O.O,3,-1.000000
..X...O.O,4,-1.000000
..X...O.O,5,-1.000000
..X...O.O,7,-1.000000
..X...OO.,0,-1.000000
..X...OO.,1,-1.000000
..X...OO.,3,-1.000000
..X...OO.,4,-1.000000
..X...OO.,5,-1.000000
..X...OO.,8,1.000000
..X...OOX,0,1.000000
..X...OOX,1,1.000000
..X...OOX,3,1.000000
..X...OOX,4,1.000000
..X...OOX,5,1.000000
..X...OXO,0,0.000000
..X...OXO,1,1.000000
..X...OXO,3,0.000000
..X...OXO,4,0.000000
..X...OXO,5,-1.000000
..X...XOO,0,1.000000
..X...XOO,1,1.000000
..X...XOO,3,1.000000
..X...XOO,4,1.000000
..X...XOO,5,-1.000000
..X..O...,0,1.000000
..X..O...,1,1.000000
..X..O...,3,0.000000
..X..O...,4,1.000000
..X..O...,6,0.000000
..X..O...,7,0.000000
..X..O...,8,0.000000
..X..O..O,0,1.000000
..X..O..O,1,1.000000
..X..O..O,3,-0.000000
..X..O..O,4,-0.000000
..X..O..O,6,-1.000000
..X..O..O,7,-1.000000
..X..O.O.,0,1.000000
..X..O.O.,1,-1.000000
..X..O.O.,3,-0.000000
..X..O.O.,4,-0.000000
..X..O.O.,6,-1.000000
..X..O.O.,8,-1.000000
..X..O.OX,0,1.000000
..X..O.OX,1,0.000000
..X..O.OX,3,0.000000
..X..O.OX,4,1.000000
..X..O.OX,6,-1.000000
..X..O.XO,0,1.000000
..X..O.XO,1,1.000000
..X..O.XO,3,1.000000
..X..O.XO,4,1.000000
..X..O.XO,6,-1.000000
..X..OO..,0,-0.000000
..X..OO..,1,-1.000000
..X..OO..,3,-0.000000
..X..OO..,4,-0.000000
..X..OO..,7,-1.000000
..X..OO..,8,-1.000000
..X..OO.X,0,1.000000
..X..OO.X,1,0.000000
..X..OO.X,3,0.000000
..X..OO.X,4,0.000000
..X..OO.X,7,-1.000000
..X..OOOX,0,1.000000
..X..OOOX,1,-0.000000
..X..OOOX,3,-0.000000
..X..OOOX,4,-0.000000
..X..OOX.,0,0.000000
..X..OOX.,1,1.000000
..X..OOX.,3,0.000000
..X..OOX.,4,0.000000
..X..OOX.,8,-1.000000
..X..OOXO,0,-0.000000
..X..OOXO,1,1.000000
..X..OOXO,3,-0.000000
..X..OOXO,4,-0.000000
..X..OX.O,0,1.000000
..X..OX.O,1,1.000000
..X..OX.O,3,1.000000
..X..OX.O,4,1.000000
..X..OX.O,7,-1.000000
..X..OXO.,0,1.000000
..X..OXO.,1,1.000000
..X..OXO.,3,1.000000
..X..OXO.,4,1.000000
..X..OXO.,8,-1.000000
..X..OXOO,0,1.000000
..X..OXOO,1,1.000000
..X..OXOO,3,1.000000
..X..OXOO,4,1.000000
..X..X.OO,0,-1.000000
..X..X.OO,1,-1.000000
..X..X.OO,3,-1.000000
..X..X.OO,4,-1.000000
..X..X.OO,6,-1.000000
..X..XO.O,0,-1.000000
..X..XO.O,1,-1.000000
..X..XO.O,3,-1.000000
..X..XO.O,4,-1.000000
..X..XO.O,7,-1.000000
..X..XOO.,0,-1.000000
..X..XOO.,1,-1.000000
..X..XOO.,3,-1.000000
..X..XOO.,4,-1.000000
..X..XOO.,8,1.000000
..X.O....,0,0.000000
..X.O....,1,0.000000
..X.O....,3,0.000000
..X.O....,5,0.000000
..X.O....,6,0.000000
..X.O....,7,0.000000
..X.O....,8,0.000000
..X.O...O,0,-0.000000
..X.O...O,1,-1.000000
..X.O...O,3,-1.000000
..X.O...O,5,-1.000000
..X.O...O,6,-1.000000
..X.O...O,7,-1.000000
..X.O..O.,0,-1.000000
..X.O..O.,1,-0.000000
..X.O..O.,3,-1.000000
..X.O..O.,5,-1.000000
..X.O..O.,6,-1.000000
..X.O..O.,8,-1.000000
..X.O..OX,0,-1.000000
..X.O..OX,1,1.000000
..X.O..OX,3,-1.000000
..X.O..OX,5,1.000000
..X.O..OX,6,-1.000000
..X.O..XO,0,0.000000
..X.O..XO,1,-1.000000
..X.O..XO,3,-1.000000
..X.O..XO,5,-1.000000
..X.O..XO,6,-1.000000
..X.O.O..,0,-0.000000
..X.O.O..,1,-1.000000
..X.O.O..,3,-1.000000
..X.O.O..,5,-1.000000
..X.O.O..,7,-1.000000
..X.O.O..,8,-0.000000
..X.O.O.X,0,1.000000
..X.O.O.X,1,1.000000
..X.O.O.X,3,0.000000
..X.O.O.X,5,1.000000
..X.O.O.X,7,0.000000
..X.O.OOX,0,-1.000000
..X.O.OOX,1,1.000000
..X.O.OOX,3,-1.000000
..X.O.OOX,5,1.000000
..X.O.OX.,0,0.000000
..X.O.OX.,1,-1.000000
..X.O.OX.,3,0.000000
..X.O.OX.,5,0.000000
..X.O.OX.,8,0.000000
..X.O.OXO,0,-0.000000
..X.O.OXO,1,-1.000000
..X.O.OXO,3,-1.000000
..X.O.OXO,5,-1.000000
..X.O.X.O,0,1.000000
..X.O.X.O,1,-1.000000
..X.O.X.O,3,-1.000000
..X.O.X.O,5,-1.000000
..X.O.X.O,7,-1.000000
..X.O.XO.,0,-1.000000
..X.O.XO.,1,0.000000
..X.O.XO.,3,-1.000000
..X.O.XO.,5,-1.000000
..X.O.XO.,8,-1.000000
..X.O.XOO,0,-1.000000
..X.O.XOO,1,-1.000000
..X.O.XOO,3,-1.000000
..X.O.XOO,5,-1.000000
..X.OO...,0,-1.000000
..X.OO...,1,-1.000000
..X.OO...,3,-0.000000
..X.OO...,6,-1.000000
..X.OO...,7,-1.000000
..X.OO...,8,-1.000000
..X.OO..X,0,-1.000000
..X.OO..X,1,-1.000000
..X.OO..X,3,0.000000
..X.OO..X,6,-1.000000
..X.OO..X,7,-1.000000
..X.OO.OX,0,-1.000000
..X.OO.OX,1,-1.000000
..X.OO.OX,3,-1.000000
..X.OO.OX,6,-1.000000
..X.OO.X.,0,-1.000000
..X.OO.X.,1,-1.000000
..X.OO.X.,3,0.000000
..X.OO.X.,6,-1.000000
..X.OO.X.,8,-1.000000
..X.OO.XO,0,-1.000000
..X.OO.XO,1,-1.000000
..X.OO.XO,3,-1.000000
..X.OO.XO,6,-1.000000
..X.OOO.X,0,-1.000000
..X.OOO.X,1,-1.000000
..X.OOO.X,3,-0.000000
..X.OOO.X,7,-1.000000
..X.OOOX.,0,-1.000000
..X.OOOX.,1,-1.000000
..X.OOOX.,3,-0.000000
..X.OOOX.,8,-1.000000
..X.OOOXX,0,-1.000000
..X.OOOXX,1,-1.000000
..X.OOOXX,3,0.000000
..X.OOX..,0,-1.000000
..X.OOX..,1,-1.000000
..X.OOX..,3,0.000000
..X.OOX..,7,-1.000000
..X.OOX..,8,-1.000000
..X.OOX.O,0,-1.000000
..X.OOX.O,1,-1.000000
..X.OOX.O,3,-1.000000
..X.OOX.O,7,-1.000000
..X.OOXO.,0,-1.000000
..X.OOXO.,1,-1.000000
..X.OOXO.,3,-1.000000
..X.OOXO.,8,-1.000000
..X.OOXOX,0,-1.000000
..X.OOXOX,1,-1.000000
..X.OOXOX,3,-1.000000
..X.OOXXO,0,-1.000000
..X.OOXXO,1,-1.000000
..X.OOXXO,3,-1.000000
..X.OX..O,0,0.000000
..X.OX..O,1,-1.000000
..X.OX..O,3,-1.000000
..X.OX..O,6,-1.000000
..X.OX..O,7,-1.000000
..X.OX.O.,0,-1.000000
..X.OX.O.,1,1.000000
..X.OX.O.,3,-1.000000
..X.OX.O.,6,-1.000000
..X.OX.O.,8,1.000000
..X.OX.OO,0,-1.000000
..X.OX.OO,1,-1.000000
..X.OX.OO,3,-1.000000
..X.OX.OO,6,-1.000000
..X.OXO..,0,1.000000
..X.OXO..,1,1.000000
..X.OXO..,3,-1.000000
..X.OXO..,7,0.000000
..X.OXO..,8,1.000000
..X.OXO.O,0,-1.000000
..X.OXO.O,1,-1.000000
..X.OXO.O,3,-1.000000
..X.OXO.O,7,-1.000000
..X.OXOO.,0,-1.000000
..X.OXOO.,1,-1.000000
..X.OXOO.,3,-1.000000
..X.OXOO.,8,1.000000
..X.OXOXO,0,0.000000
..X.OXOXO,1,-1.000000
..X.OXOXO,3,-1.000000
..X.OXXOO,0,-1.000000
..X.OXXOO,1,-1.000000
..X.OXXOO,3,-1.000000
..X.X..OO,0,-1.000000
..X.X..OO,1,-1.000000
..X.X..OO,3,-1.000000
..X.X..OO,5,-1.000000
..X.X..OO,6,1.000000
..X.X.O.O,0,-1.000000
..X.X.O.O,1,-1.000000
..X.X.O.O,3,-1.000000
..X.X.O.O,5,-1.000000
..X.X.O.O,7,0.000000
..X.X.OO.,0,-1.000000
..X.X.OO.,1,-1.000000
..X.X.OO.,3,-1.000000
..X.X.OO.,5,-1.000000
..X.X.OO.,8,1.000000
..X.XO..O,0,1.000000
..X.XO..O,1,1.000000
..X.XO..O,3,0.000000
..X.XO..O,6,1.000000
..X.XO..O,7,1.000000
..X.XO.O.,0,1.000000
..X.XO.O.,1,1.000000
..X.XO.O.,3,0.000000
..X.XO.O.,6,1.000000
..X.XO.O.,8,1.000000
..X.XO.OO,0,-1.000000
..X.XO.OO,1,-1.000000
..X.XO.OO,3,-1.000000
..X.XO.OO,6,1.000000
..X.XOO..,0,1.000000
..X.XOO..,1,1.000000
..X.XOO..,3,0.000000
..X.XOO..,7,0.000000
..X.XOO..,8,0.000000
..X.XOO.O,0,-1.000000
..X.XOO.O,1,-1.000000
..X.XOO.O,3,-1.000000
..X.XOO.O,7,-0.000000
..X.XOOO.,0,-1.000000
..X.XOOO.,1,-1.000000
..X.XOOO.,3,-1.000000
..X.XOOO.,8,-0.000000
..X.XOOOX,0,1.000000
..X.XOOOX,1,0.000000
..X.XOOOX,3,0.000000
..X.XOOXO,0,0.000000
..X.XOOXO,1,1.000000
..X.XOOXO,3,0.000000
..XO.....,0,1.000000
..XO.....,1,-1.000000
..XO.....,4,1.000000
..XO.....,5,0.000000
..XO.....,6,0.000000
..XO.....,7,0.000000
..XO.....,8,1.000000
..XO....O,0,-0.000000
..XO....O,1,-1.000000
..XO....O,4,-1.000000
..XO....O,5,-1.000000
..XO....O,6,-1.000000
..XO....O,7,-1.000000
..XO...O.,0,1.000000
..XO...O.,1,-1.000000
..XO...O.,4,-1.000000
..XO...O.,5,-1.000000
..XO...O.,6,-1.000000
..XO...O.,8,1.000000
..XO...OX,0,1.000000
..XO...OX,1,1.000000
..XO...OX,4,1.000000
..XO...OX,5,1.000000
..XO...OX,6,1.000000
..XO...XO,0,0.000000
..XO...XO,1,1.000000
..XO...XO,4,1.000000
..XO...XO,5,-1.000000
..XO...XO,6,-1.000000
..XO..O..,0,1.000000
..XO..O..,1,-1.000000
..XO..O..,4,-1.000000
..XO..O..,5,-1.000000
..XO..O..,7,-1.000000
..XO..O..,8,-1.000000
..XO..O.X,0,1.000000
..XO..O.X,1,-1.000000
..XO..O.X,4,-1.000000
..XO..O.X,5,1.000000
..XO..O.X,7,-1.000000
..XO..OOX,0,1.000000
..XO..OOX,1,-1.000000
..XO..OOX,4,-1.000000
..XO..OOX,5,1.000000
..XO..OX.,0,1.000000
..XO..OX.,1,-1.000000
..XO..OX.,4,-1.000000
..XO..OX.,5,-1.000000
..XO..OX.,8,-1.000000
..XO..OXO,0,-0.000000
..XO..OXO,1,-1.000000
..XO..OXO,4,-1.000000
..XO..OXO,5,-1.000000
..XO..X.O,0,1.000000
..XO..X.O,1,1.000000
..XO..X.O,4,1.000000
..XO..X.O,5,0.000000
..XO..X.O,7,-1.000000
..XO..XO.,0,1.000000
..XO..XO.,1,1.000000
..XO..XO.,4,1.000000
..XO..XO.,5,1.000000
..XO..XO.,8,1.000000
..XO..XOO,0,1.000000
..XO..XOO,1,1.000000
..XO..XOO,4,1.000000
..XO..XOO,5,-1.000000
..XO.O...,0,-1.000000
..XO.O...,1,-1.000000
..XO.O...,4,1.000000
..XO.O...,6,-1.000000
..XO.O...,7,-1.000000
..XO.O...,8,-1.000000
..XO.O..X,0,-1.000000
..XO.O..X,1,-1.000000
..XO.O..X,4,1.000000
..XO.O..X,6,-1.000000
..XO.O..X,7,-1.000000
..XO.O.OX,0,-1.000000
..XO.O.OX,1,-1.000000
..XO.O.OX,4,1.000000
..XO.O.OX,6,-1.000000
..XO.O.X.,0,-1.000000
..XO.O.X.,1,-1.000000
..XO.O.X.,4,1.000000
..XO.O.X.,6,-1.000000
..XO.O.X.,8,-1.000000
..XO.O.XO,0,-1.000000
..XO.O.XO,1,-1.000000
..XO.O.XO,4,1.000000
..XO.O.XO,6,-1.000000
..XO.OO.X,0,-1.000000
..XO.OO.X,1,-1.000000
..XO.OO.X,4,-1.000000
..XO.OO.X,7,-1.000000
..XO.OOX.,0,-1.000000
..XO.OOX.,1,-1.000000
..XO.OOX.,4,-1.000000
..XO.OOX.,8,-1.000000
..XO.OOXX,0,-1.000000
..XO.OOXX,1,-1.000000
..XO.OOXX,4,-1.000000
..XO.OX..,0,-1.000000
..XO.OX..,1,-1.000000
..XO.OX..,4,1.000000
..XO.OX..,7,-1.000000
..XO.OX..,8,-1.000000
..XO.OX.O,0,-1.000000
..XO.OX.O,1,-1.000000
..XO.OX.O,4,1.000000
..XO.OX.O,7,-1.000000
..XO.OXO.,0,-1.000000
..XO.OXO.,1,-1.000000
..XO.OXO.,4,1.000000
..XO.OXO.,8,-1.000000
..XO.OXOX,0,-1.000000
..XO.OXOX,1,-1.000000
..XO.OXOX,4,1.000000
..XO.OXXO,0,-1.000000
..XO.OXXO,1,-1.000000
..XO.OXXO,4,1.000000
..XO.X..O,0,0.000000
..XO.X..O,1,-1.000000
..XO.X..O,4,-1.000000
..XO.X..O,6,0.000000
..XO.X..O,7,-1.000000
..XO.X.O.,0,1.000000
..XO.X.O.,1,1.000000
..XO.X.O.,4,1.000000
..XO.X.O.,6,1.000000
..XO.X.O.,8,1.000000
..XO.X.OO,0,-1.000000
..XO.X.OO,1,-1.000000
..XO.X.OO,4,-1.000000
..XO.X.OO,6,-1.000000
..XO.XO..,0,1.000000
..XO.XO..,1,-1.000000
..XO.XO..,4,-1.000000
..XO.XO..,7,-1.000000
..XO.XO..,8,1.000000
..XO.XO.O,0,-1.000000
..XO.XO.O,1,-1.000000
..XO.XO.O,4,-1.000000
..XO.XO.O,7,-1.000000
..XO.XOO.,0,-1.000000
..XO.XOO.,1,-1.000000
..XO.XOO.,4,-1.000000
..XO.XOO.,8,1.000000
..XO.XOXO,0,0.000000
..XO.XOXO,1,-1.000000
..XO.XOXO,4,-1.000000
..XO.XXOO,0,1.000000
..XO.XXOO,1,1.000000
..XO.XXOO,4,1.000000
..XOO....,0,-1.000000
..XOO....,1,-1.000000
..XOO....,5,-0.000000
..XOO....,6,-1.000000
..XOO....,7,-1.000000
..XOO....,8,-1.000000
..XOO...X,0,-1.000000
..XOO...X,1,-1.000000
..XOO...X,5,1.000000
..XOO...X,6,-1.000000
..XOO...X,7,-1.000000
..XOO..OX,0,-1.000000
..XOO..OX,1,-1.000000
..XOO..OX,5,1.000000
..XOO..OX,6,-1.000000
..XOO..X.,0,-1.000000
..XOO..X.,1,-1.000000
..XOO..X.,5,0.000000
..XOO..X.,6,-1.000000
..XOO..X.,8,-1.000000
..XOO..XO,0,-1.000000
..XOO..XO,1,-1.000000
..XOO..XO,5,-1.000000
..XOO..XO,6,-1.000000
..XOO.O.X,0,-1.000000
..XOO.O.X,1,-1.000000
..XOO.O.X,5,1.000000
..XOO.O.X,7,-1.000000
..XOO.OX.,0,-1.000000
..XOO.OX.,1,-1.000000
..XOO.OX.,5,-1.000000
..XOO.OX.,8,-1.000000
..XOO.OXX,0,-1.000000
..XOO.OXX,1,-1.000000
..XOO.OXX,5,1.000000
..XOO.X..,0,-1.000000
..XOO.X..,1,-1.000000
..XOO.X..,5,0.000000
..XOO.X..,7,-1.000000
..XOO.X..,8,-1.000000
..XOO.X.O,0,-1.000000
..XOO.X.O,1,-1.000000
..XOO.X.O,5,-1.000000
..XOO.X.O,7,-1.000000
..XOO.XO.,0,-1.000000
..XOO.XO.,1,-1.000000
..XOO.XO.,5,-1.000000
..XOO.XO.,8,-1.000000
..XOO.XOX,0,-1.000000
..XOO.XOX,1,-1.000000
..XOO.XOX,5,1.000000
..XOO.XXO,0,-1.000000
..XOO.XXO,1,-1.000000
..XOO.XXO,5,-1.000000
..XOOX...,0,1.000000
..XOOX...,1,1.000000
..XOOX...,6,0.000000
..XOOX...,7,0.000000
..XOOX...,8,1.000000
..XOOX..O,0,-0.000000
..XOOX..O,1,-1.000000
..XOOX..O,6,-1.000000
..XOOX..O,7,-1.000000
..XOOX.O.,0,-1.000000
..XOOX.O.,1,1.000000
..XOOX.O.,6,-1.000000
..XOOX.O.,8,1.000000
..XOOX.XO,0,0.000000
..XOOX.XO,1,-1.000000
..XOOX.XO,6,-1.000000
..XOOXO..,0,1.000000
..XOOXO..,1,-1.000000
..XOOXO..,7,-1.000000
..XOOXO..,8,1.000000
..XOOXOX.,0,1.000000
..XOOXOX.,1,-1.000000
..XOOXOX.,8,1.000000
..XOOXOXO,0,-0.000000
..XOOXOXO,1,-1.000000
..XOOXX.O,0,0.000000
..XOOXX.O,1,-1.000000
..XOOXX.O,7,-1.000000
..XOOXXO.,0,-1.000000
..XOOXXO.,1,1.000000
..XOOXXO.,8,1.000000
..XOOXXOO,0,-1.000000
..XOOXXOO,1,-1.000000
..XOX...O,0,1.000000
..XOX...O,1,1.000000
..XOX...O,5,-1.000000
..XOX...O,6,1.000000
..XOX...O,7,1.000000
..XOX..O.,0,1.000000
..XOX..O.,1,1.000000
..XOX..O.,5,1.000000
..XOX..O.,6,1.000000
..XOX..O.,8,1.000000
..XOX..OO,0,-1.000000
..XOX..OO,1,-1.000000
..XOX..OO,5,-1.000000
..XOX..OO,6,1.000000
..XOX.O..,0,1.000000
..XOX.O..,1,-1.000000
..XOX.O..,5,-1.000000
..XOX.O..,7,-1.000000
..XOX.O..,8,-1.000000
..XOX.O.O,0,-1.000000
..XOX.O.O,1,-1.000000
..XOX.O.O,5,-1.000000
..XOX.O.O,7,-1.000000
..XOX.OO.,0,-1.000000
..XOX.OO.,1,-1.000000
..XOX.OO.,5,-1.000000
..XOX.OO.,8,-1.000000
..XOX.OOX,0,1.000000
..XOX.OOX,1,-1.000000
..XOX.OOX,5,1.000000
..XOX.OXO,0,0.000000
..XOX.OXO,1,1.000000
..XOX.OXO,5,-1.000000
..XOXO...,0,1.000000
..XOXO...,1,1.000000
..XOXO...,6,1.000000
..XOXO...,7,1.000000
..XOXO...,8,1.000000
..XOXO..O,0,1.000000
..XOXO..O,1,1.000000
..XOXO..O,6,1.000000
..XOXO..O,7,1.000000
..XOXO.O.,0,1.000000
..XOXO.O.,1,1.000000
..XOXO.O.,6,1.000000
..XOXO.O.,8,1.000000
..XOXO.OX,0,1.000000
..XOXO.OX,1,1.000000
..XOXO.OX,6,1.000000
..XOXO.XO,0,1.000000
..XOXO.XO,1,1.000000
..XOXO.XO,6,1.000000
..XOXOO..,0,1.000000
..XOXOO..,1,-1.000000
..XOXOO..,7,-1.000000
..XOXOO..,8,-1.000000
..XOXOO.X,0,1.000000
..XOXOO.X,1,-1.000000
..XOXOO.X,7,-1.000000
..XOXOOOX,0,1.000000
..XOXOOOX,1,-1.000000
..XOXOOX.,0,1.000000
..XOXOOX.,1,1.000000
..XOXOOX.,8,-1.000000
..XOXOOXO,0,-0.000000
..XOXOOXO,1,1.000000
..XOXX.OO,0,-1.000000
..XOXX.OO,1,-1.000000
..XOXX.OO,6,1.000000
..XOXXO.O,0,-1.000000
..XOXXO.O,1,-1.000000
..XOXXO.O,7,-1.000000
..XOXXOO.,0,-1.000000
..XOXXOO.,1,-1.000000
..XOXXOO.,8,1.000000
..XX...OO,0,-1.000000
..XX...OO,1,-1.000000
..XX...OO,4,-1.000000
..XX...OO,5,-1.000000
..XX...OO,6,1.000000
..XX..O.O,0,-1.000000
..XX..O.O,1,-1.000000
..XX..O.O,4,-1.000000
..XX..O.O,5,-1.000000
..XX..O.O,7,0.000000
..XX..OO.,0,-1.000000
..XX..OO.,1,-1.000000
..XX..OO.,4,-1.000000
..XX..OO.,5,-1.000000
..XX..OO.,8,1.000000
..XX.O..O,0,1.000000
..XX.O..O,1,1.000000
..XX.O..O,4,0.000000
..XX.O..O,6,1.000000
..XX.O..O,7,1.000000
..XX.O.O.,0,1.000000
..XX.O.O.,1,0.000000
..XX.O.O.,4,0.000000
..XX.O.O.,6,1.000000
..XX.O.O.,8,0.000000
..XX.O.OO,0,-1.000000
..XX.O.OO,1,-1.000000
..XX.O.OO,4,-1.000000
..XX.O.OO,6,1.000000
..XX.OO..,0,0.000000
..XX.OO..,1,0.000000
..XX.OO..,4,0.000000
..XX.OO..,7,0.000000
..XX.OO..,8,0.000000
..XX.OO.O,0,-1.000000
..XX.OO.O,1,-1.000000
..XX.OO.O,4,-1.000000
..XX.OO.O,7,-0.000000
..XX.OOO.,0,-1.000000
..XX.OOO.,1,-1.000000
..XX.OOO.,4,-1.000000
..XX.OOO.,8,-0.000000
..XX.OOOX,0,1.000000
..XX.OOOX,1,0.000000
..XX.OOOX,4,0.000000
..XX.OOXO,0,0.000000
..XX.OOXO,1,1.000000
..XX.OOXO,4,0.000000
..XX.OXOO,0,1.000000
..XX.OXOO,1,1.000000
..XX.OXOO,4,1.000000
..XXO...O,0,1.000000
..XXO...O,1,-1.000000
..XXO...O,5,-1.000000
..XXO...O,6,-1.000000
..XXO...O,7,-1.000000
..XXO..O.,0,-1.000000
..XXO..O.,1,0.000000
..XXO..O.,5,-1.000000
..XXO..O.,6,-1.000000
..XXO..O.,8,-1.000000
..XXO..OO,0,-1.000000
..XXO..OO,1,-1.000000
..XXO..OO,5,-1.000000
..XXO..OO,6,-1.000000
..XXO.O..,0,0.000000
..XXO.O..,1,0.000000
..XXO.O..,5,-1.000000
..XXO.O..,7,0.000000
..XXO.O..,8,0.000000
..XXO.O.O,0,-1.000000
..XXO.O.O,1,-1.000000
..XXO.O.O,5,-1.000000
..XXO.O.O,7,-1.000000
..XXO.OO.,0,-1.000000
..XXO.OO.,1,-1.000000
..XXO.OO.,5,-1.000000
..XXO.OO.,8,-1.000000
..XXO.OOX,0,-1.000000
..XXO.OOX,1,1.000000
..XXO.OOX,5,1.000000
..XXO.OXO,0,0.000000
..XXO.OXO,1,-1.000000
..XXO.OXO,5,-1.000000
..XXO.XOO,0,1.000000
..XXO.XOO,1,-1.000000
..XXO.XOO,5,-1.000000
..XXOO...,0,1.000000
..XXOO...,1,0.000000
..XXOO...,6,0.000000
..XXOO...,7,0.000000
..XXOO...,8,0.000000
..XXOO..O,0,1.000000
..XXOO..O,1,-1.000000
..XXOO..O,6,-1.000000
..XXOO..O,7,-1.000000
..XXOO.O.,0,-1.000000
..XXOO.O.,1,-0.000000
..XXOO.O.,6,-1.000000
..XXOO.O.,8,-1.000000
..XXOO.OX,0,-1.000000
..XXOO.OX,1,0.000000
..XXOO.OX,6,-1.000000
..XXOO.XO,0,1.000000
..XXOO.XO,1,-1.000000
..XXOO.XO,6,-1.000000
..XXOOO..,0,-0.000000
..XXOOO..,1,-0.000000
..XXOOO..,7,-0.000000
..XXOOO..,8,-0.000000
..XXOOO.X,0,0.000000
..XXOOO.X,1,0.000000
..XXOOO.X,7,0.000000
..XXOOOOX,0,-1.000000
..XXOOOOX,1,-0.000000
..XXOOOX.,0,0.000000
..XXOOOX.,1,0.000000
..XXOOOX.,8,0.000000
..XXOOOXO,0,-0.000000
..XXOOOXO,1,-1.000000
..XXOOX.O,0,1.000000
..XXOOX.O,1,-1.000000
..XXOOX.O,7,-1.000000
..XXOOXO.,0,1.000000
..XXOOXO.,1,0.000000
..XXOOXO.,8,-1.000000
..XXOOXOO,0,1.000000
..XXOOXOO,1,-1.000000
..XXOX.OO,0,-1.000000
..XXOX.OO,1,-1.000000
..XXOX.OO,6,-1.000000
..XXOXO.O,0,-1.000000
..XXOXO.O,1,-1.000000
..XXOXO.O,7,-1.000000
..XXOXOO.,0,-1.000000
..XXOXOO.,1,-1.000000
..XXOXOO.,8,1.000000
..XXXO.OO,0,-1.000000
..XXXO.OO,1,-1.000000
..XXXO.OO,6,1.000000
..XXXOO.O,0,-1.000000
..XXXOO.O,1,-1.000000
..XXXOO.O,7,0.000000
..XXXOOO.,0,-1.000000
..XXXOOO.,1,-1.000000
..XXXOOO.,8,0.000000
.O.......,0,-0.000000
.O.......,2,-0.000000
.O.......,3,-1.000000
.O.......,4,-0.000000
.O.......,5,-1.000000
.O.......,6,-1.000000
.O.......,7,-0.000000
.O.......,8,-1.000000
.O......X,0,0.000000
.O......X,2,1.000000
.O......X,3,0.000000
.O......X,4,1.000000
.O......X,5,-1.000000
.O......X,6,1.000000
.O......X,7,0.000000
.O.....OX,0,-1.000000
.O.....OX,2,-1.000000
.O.....OX,3,-1.000000
.O.....OX,4,1.000000
.O.....OX,5,-1.000000
.O.....OX,6,-1.000000
.O.....X.,0,0.000000
.O.....X.,2,0.000000
.O.....X.,3,0.000000
.O.....X.,4,0.000000
.O.....X.,5,0.000000
.O.....X.,6,0.000000
.O.....X.,8,0.000000
.O.....XO,0,-0.000000
.O.....XO,2,-0.000000
.O.....XO,3,-1.000000
.O.....XO,4,-1.000000
.O.....XO,5,-1.000000
.O.....XO,6,-1.000000
.O....O.X,0,-1.000000
.O....O.X,2,-0.000000
.O....O.X,3,-1.000000
.O....O.X,4,-1.000000
.O....O.X,5,-1.000000
.O....O.X,7,-1.000000
.O....OX.,0,-0.000000
.O....OX.,2,-0.000000
.O....OX.,3,-1.000000
.O....OX.,4,-1.000000
.O....OX.,5,-1.000000
.O....OX.,8,-1.000000
.O....OXX,0,0.000000
.O....OXX,2,0.000000
.O....OXX,3,-1.000000
.O....OXX,4,-1.000000
.O....OXX,5,-1.000000
.O....X..,0,1.000000
.O....X..,2,0.000000
.O....X..,3,-1.000000
.O....X..,4,1.000000
.O....X..,5,0.000000
.O....X..,7,0.000000
.O....X..,8,1.000000
.O....X.O,0,-0.000000
.O....X.O,2,-1.000000
.O....X.O,3,-1.000000
.O....X.O,4,-1.000000
.O....X.O,5,-1.000000
.O....X.O,7,-1.000000
.O....XO.,0,-1.000000
.O....XO.,2,-1.000000
.O....XO.,3,-1.000000
.O....XO.,4,1.000000
.O....XO.,5,-1.000000
.O....XO.,8,-1.000000
.O....XOX,0,-1.000000
.O....XOX,2,-1.000000
.O....XOX,3,-1.000000
.O....XOX,4,1.000000
.O....XOX,5,-1.000000
.O....XXO,0,0.000000
.O....XXO,2,0.000000
.O....XXO,3,-1.000000
.O....XXO,4,-1.000000
.O....XXO,5,-1.000000
.O...O..X,0,-1.000000
.O...O..X,2,-1.000000
.O...O..X,3,-0.000000
.O...O..X,4,-0.000000
.O...O..X,6,1.000000
.O...O..X,7,-1.000000
.O...O.X.,0,-0.000000
.O...O.X.,2,-0.000000
.O...O.X.,3,-1.000000
.O...O.X.,4,-1.000000
.O...O.X.,6,-1.000000
.O...O.X.,8,-1.000000
.O...O.XX,0,1.000000
.O...O.XX,2,0.000000
.O...O.XX,3,0.000000
.O...O.XX,4,1.000000
.O...O.XX,6,1.000000
.O...OOXX,0,-1.000000
.O...OOXX,2,-1.000000
.O...OOXX,3,-1.000000
.O...OOXX,4,-1.000000
.O...OX..,0,1.000000
.O...OX..,2,-1.000000
.O...OX..,3,-1.000000
.O...OX..,4,-1.000000
.O...OX..,7,-1.000000
.O...OX..,8,1.000000
.O...OX.X,0,1.000000
.O...OX.X,2,1.000000
.O...OX.X,3,1.000000
.O...OX.X,4,1.000000
.O...OX.X,7,1.000000
.O...OXOX,0,-1.000000
.O...OXOX,2,-1.000000
.O...OXOX,3,-1.000000
.O...OXOX,4,1.000000
.O...OXX.,0,1.000000
.O...OXX.,2,1.000000
.O...OXX.,3,1.000000
.O...OXX.,4,1.000000
.O...OXX.,8,1.000000
.O...OXXO,0,-1.000000
.O...OXXO,2,-1.000000
.O...OXXO,3,-1.000000
.O...OXXO,4,-1.000000
.O...X...,0,0.000000
.O...X...,2,1.000000
.O...X...,3,-1.000000
.O...X...,4,1.000000
.O...X...,6,0.000000
.O...X...,7,0.000000
.O...X...,8,-1.000000
.O...X..O,0,-1.000000
.O...X..O,2,-1.000000
.O...X..O,3,-1.000000
.O...X..O,4,-0.000000
.O...X..O,6,-1.000000
.O...X..O,7,-1.000000
.O...X.O.,0,-1.000000
.O...X.O.,2,-1.000000
.O...X.O.,3,-1.000000
.O...X.O.,4,1.000000
.O...X.O.,6,-1.000000
.O...X.O.,8,-1.000000
.O...X.OX,0,-1.000000
.O...X.OX,2,1.000000
.O...X.OX,3,-1.000000
.O...X.OX,4,1.000000
.O...X.OX,6,-1.000000
.O...X.XO,0,0.000000
.O...X.XO,2,0.000000
.O...X.XO,3,0.000000
.O...X.XO,4,0.000000
.O...X.XO,6,-1.000000
.O...XO..,0,-1.000000
.O...XO..,2,-1.000000
.O...XO..,3,-1.000000
.O...XO..,4,-0.000000
.O...XO..,7,-1.000000
.O...XO..,8,-1.000000
.O...XO.X,0,1.000000
.O...XO.X,2,1.000000
.O...XO.X,3,1.000000
.O...XO.X,4,1.000000
.O...XO.X,7,-1.000000
.O...XOOX,0,-1.000000
.O...XOOX,2,1.000000
.O...XOOX,3,-1.000000
.O...XOOX,4,1.000000
.O...XOX.,0,0.000000
.O...XOX.,2,0.000000
.O...XOX.,3,0.000000
.O...XOX.,4,0.000000
.O...XOX.,8,-1.000000
.O...XOXO,0,-0.000000
.O...XOXO,2,-1.000000
.O...XOXO,3,-1.000000
.O...XOXO,4,-0.000000
.O...XX.O,0,0.000000
.O...XX.O,2,-1.000000
.O...XX.O,3,1.000000
.O...XX.O,4,1.000000
.O...XX.O,7,-1.000000
.O...XXO.,0,-1.000000
.O...XXO.,2,-1.000000
.O...XXO.,3,-1.000000
.O...XXO.,4,1.000000
.O...XXO.,8,-1.000000
.O...XXOO,0,-1.000000
.O...XXOO,2,-1.000000
.O...XXOO,3,-1.000000
.O...XXOO,4,1.000000
.O..O...X,0,-1.000000
.O..O...X,2,-1.000000
.O..O...X,3,-1.000000
.O..O...X,5,-1.000000
.O..O...X,6,-1.000000
.O..O...X,7,-0.000000
.O..O..X.,0,-0.000000
.O..O..X.,2,-0.000000
.O..O..X.,3,-1.000000
.O..O..X.,5,-1.000000
.O..O..X.,6,-0.000000
.O..O..X.,8,-0.000000
.O..O..XX,0,0.000000
.O..O..XX,2,1.000000
.O..O..XX,3,0.000000
.O..O..XX,5,1.000000
.O..O..XX,6,1.000000
.O..O.OXX,0,-1.000000
.O..O.OXX,2,-0.000000
.O..O.OXX,3,-1.000000
.O..O.OXX,5,-1.000000
.O..O.X..,0,-1.000000
.O..O.X..,2,-1.000000
.O..O.X..,3,-1.000000
.O..O.X..,5,-1.000000
.O..O.X..,7,-0.000000
.O..O.X..,8,-1.000000
.O..O.X.X,0,-1.000000
.O..O.X.X,2,-1.000000
.O..O.X.X,3,-1.000000
.O..O.X.X,5,-1.000000
.O..O.X.X,7,1.000000
.O..O.XX.,0,1.000000
.O..O.XX.,2,0.000000
.O..O.XX.,3,1.000000
.O..O.XX.,5,0.000000
.O..O.XX.,8,1.000000
.O..O.XXO,0,-0.000000
.O..O.XXO,2,-1.000000
.O..O.XXO,3,-1.000000
.O..O.XXO,5,-1.000000
.O..OO.XX,0,-1.000000
.O..OO.XX,2,-1.000000
.O..OO.XX,3,-0.000000
.O..OO.XX,6,1.000000
.O..OOX.X,0,-1.000000
.O..OOX.X,2,-1.000000
.O..OOX.X,3,-1.000000
.O..OOX.X,7,1.000000
.O..OOXX.,0,-1.000000
.O..OOXX.,2,-1.000000
.O..OOXX.,3,1.000000
.O..OOXX.,8,1.000000
.O..OX...,0,-1.000000
.O..OX...,2,-1.000000
.O..OX...,3,-1.000000
.O..OX...,6,-1.000000
.O..OX...,7,-1.000000
.O..OX...,8,-1.000000
.O..OX..X,0,-1.000000
.O..OX..X,2,1.000000
.O..OX..X,3,-1.000000
.O..OX..X,6,-1.000000
.O..OX..X,7,1.000000
.O..OX.X.,0,0.000000
.O..OX.X.,2,0.000000
.O..OX.X.,3,-1.000000
.O..OX.X.,6,0.000000
.O..OX.X.,8,1.000000
.O..OX.XO,0,-0.000000
.O..OX.XO,2,-1.000000
.O..OX.XO,3,-1.000000
.O..OX.XO,6,-1.000000
.O..OXO.X,0,-1.000000
.O..OXO.X,2,1.000000
.O..OXO.X,3,-1.000000
.O..OXO.X,7,-1.000000
.O..OXOX.,0,-1.000000
.O..OXOX.,2,-0.000000
.O..OXOX.,3,-1.000000
.O..OXOX.,8,-1.000000
.O..OXOXX,0,-1.000000
.O..OXOXX,2,1.000000
.O..OXOXX,3,-1.000000
.O..OXX..,0,-1.000000
.O..OXX..,2,-1.000000
.O..OXX..,3,-1.000000
.O..OXX..,7,0.000000
.O..OXX..,8,-1.000000
.O..OXX.O,0,-1.000000
.O..OXX.O,2,-1.000000
.O..OXX.O,3,-1.000000
.O..OXX.O,7,-1.000000
.O..OXXXO,0,0.000000
.O..OXXXO,2,-1.000000
.O..OXXXO,3,-1.000000
.O..X....,0,1.000000
.O..X....,2,1.000000
.O..X....,3,1.000000
.O..X....,5,1.000000
.O..X....,6,1.000000
.O..X....,7,0.000000
.O..X....,8,1.000000
.O..X...O,0,-0.000000
.O..X...O,2,-0.000000
.O..X...O,3,-0.000000
.O..X...O,5,-0.000000
.O..X...O,6,-1.000000
.O..X...O,7,-1.000000
.O..X..O.,0,1.000000
.O..X..O.,2,1.000000
.O..X..O.,3,1.000000
.O..X..O.,5,1.000000
.O..X..O.,6,1.000000
.O..X..O.,8,1.000000
.O..X..OX,0,1.000000
.O..X..OX,2,1.000000
.O..X..OX,3,1.000000
.O..X..OX,5,1.000000
.O..X..OX,6,1.000000
.O..X..XO,0,0.000000
.O..X..XO,2,0.000000
.O..X..XO,3,0.000000
.O..X..XO,5,0.000000
.O..X..XO,6,-1.000000
.O..X.O..,0,-0.000000
.O..X.O..,2,-0.000000
.O..X.O..,3,-0.000000
.O..X.O..,5,-0.000000
.O..X.O..,7,-1.000000
.O..X.O..,8,-1.000000
.O..X.O.X,0,1.000000
.O..X.O.X,2,1.000000
.O..X.O.X,3,1.000000
.O..X.O.X,5,1.000000
.O..X.O.X,7,-1.000000
.O..X.OOX,0,1.000000
.O..X.OOX,2,1.000000
.O..X.OOX,3,1.000000
.O..X.OOX,5,1.000000
.O..X.OX.,0,0.000000
.O..X.OX.,2,0.000000
.O..X.OX.,3,0.000000
.O..X.OX.,5,0.000000
.O..X.OX.,8,-1.000000
.O..X.OXO,0,-0.000000
.O..X.OXO,2,-0.000000
.O..X.OXO,3,-0.000000
.O..X.OXO,5,-0.000000
.O..X.X.O,0,1.000000
.O..X.X.O,2,1.000000
.O..X.X.O,3,1.000000
.O..X.X.O,5,1.000000
.O..X.X.O,7,-1.000000
.O..X.XO.,0,1.000000
.O..X.XO.,2,1.000000
.O..X.XO.,3,1.000000
.O..X.XO.,5,1.000000
.O..X.XO.,8,1.000000
.O..X.XOO,0,1.000000
.O..X.XOO,2,1.000000
.O..X.XOO,3,1.000000
.O..X.XOO,5,1.000000
.O..XO...,0,-0.000000
.O..XO...,2,-0.000000
.O..XO...,3,-1.000000
.O..XO...,6,-1.000000
.O..XO...,7,-1.000000
.O..XO...,8,-0.000000
.O..XO..X,0,1.000000
.O..XO..X,2,1.000000
.O..XO..X,3,0.000000
.O..XO..X,6,1.000000
.O..XO..X,7,1.000000
.O..XO.OX,0,1.000000
.O..XO.OX,2,1.000000
.O..XO.OX,3,-0.000000
.O..XO.OX,6,1.000000
.O..XO.X.,0,0.000000
.O..XO.X.,2,0.000000
.O..XO.X.,3,-1.000000
.O..XO.X.,6,1.000000
.O..XO.X.,8,1.000000
.O..XO.XO,0,-1.000000
.O..XO.XO,2,-0.000000
.O..XO.XO,3,-1.000000
.O..XO.XO,6,-1.000000
.O..XOO.X,0,1.000000
.O..XOO.X,2,-0.000000
.O..XOO.X,3,-0.000000
.O..XOO.X,7,-1.000000
.O..XOOX.,0,-0.000000
.O..XOOX.,2,-0.000000
.O..XOOX.,3,-1.000000
.O..XOOX.,8,-1.000000
.O..XOOXX,0,1.000000
.O..XOOXX,2,0.000000
.O..XOOXX,3,0.000000
.O..XOX..,0,1.000000
.O..XOX..,2,1.000000
.O..XOX..,3,1.000000
.O..XOX..,7,1.000000
.O..XOX..,8,1.000000
.O..XOX.O,0,-1.000000
.O..XOX.O,2,1.000000
.O..XOX.O,3,-1.000000
.O..XOX.O,7,-1.000000
.O..XOXO.,0,1.000000
.O..XOXO.,2,1.000000
.O..XOXO.,3,1.000000
.O..XOXO.,8,1.000000
.O..XOXOX,0,1.000000
.O..XOXOX,2,1.000000
.O..XOXOX,3,1.000000
.O..XOXXO,0,-1.000000
.O..XOXXO,2,1.000000
.O..XOXXO,3,-1.000000
.O..XX..O,0,0.000000
.O..XX..O,2,1.000000
.O..XX..O,3,1.000000
.O..XX..O,6,1.000000
.O..XX..O,7,0.000000
.O..XX.O.,0,1.000000
.O..XX.O.,2,1.000000
.O..XX.O.,3,1.000000
.O..XX.O.,6,1.000000
.O..XX.O.,8,1.000000
.O..XX.OO,0,-1.000000
.O..XX.OO,2,-1.000000
.O..XX.OO,3,1.000000
.O..XX.OO,6,1.000000
.O..XXO..,0,1.000000
.O..XXO..,2,1.000000
.O..XXO..,3,1.000000
.O..XXO..,7,0.000000
.O..XXO..,8,1.000000
.O..XXO.O,0,-1.000000
.O..XXO.O,2,-1.000000
.O..XXO.O,3,1.000000
.O..XXO.O,7,-0.000000
.O..XXOO.,0,-1.000000
.O..XXOO.,2,-1.000000
.O..XXOO.,3,1.000000
.O..XXOO.,8,1.000000
.O..XXOOX,0,1.000000
.O..XXOOX,2,1.000000
.O..XXOOX,3,1.000000
.O..XXOXO,0,0.000000
.O..XXOXO,2,0.000000
.O..XXOXO,3,1.000000
.O..XXXOO,0,1.000000
.O..XXXOO,2,1.000000
.O..XXXOO,3,1.000000
.O.O....X,0,-1.000000
.O.O....X,2,1.000000
.O.O....X,4,-1.000000
.O.O....X,5,-1.000000
.O.O....X,6,1.000000
.O.O....X,7,-1.000000
.O.O...X.,0,-0.000000
.O.O...X.,2,-0.000000
.O.O...X.,4,-1.000000
.O.O...X.,5,-1.000000
.O.O...X.,6,-1.000000
.O.O...X.,8,-1.000000
.O.O...XX,0,1.000000
.O.O...XX,2,1.000000
.O.O...XX,4,1.000000
.O.O...XX,5,1.000000
.O.O...XX,6,1.000000
.O.O..OXX,0,-1.000000
.O.O..OXX,2,-1.000000
.O.O..OXX,4,-1.000000
.O.O..OXX,5,-1.000000
.O.O..X..,0,-1.000000
.O.O..X..,2,-1.000000
.O.O..X..,4,-0.000000
.O.O..X..,5,-0.000000
.O.O..X..,7,-1.000000
.O.O..X..,8,1.000000
.O.O..X.X,0,1.000000
.O.O..X.X,2,1.000000
.O.O..X.X,4,1.000000
.O.O..X.X,5,1.000000
.O.O..X.X,7,1.000000
.O.O..XOX,0,-1.000000
.O.O..XOX,2,-1.000000
.O.O..XOX,4,1.000000
.O.O..XOX,5,-1.000000
.O.O..XX.,0,0.000000
.O.O..XX.,2,1.000000
.O.O..XX.,4,1.000000
.O.O..XX.,5,0.000000
.O.O..XX.,8,1.000000
.O.O..XXO,0,-1.000000
.O.O..XXO,2,-1.000000
.O.O..XXO,4,-1.000000
.O.O..XXO,5,-1.000000
.O.O.O.XX,0,-1.000000
.O.O.O.XX,2,-1.000000
.O.O.O.XX,4,1.000000
.O.O.O.XX,6,1.000000
.O.O.OX.X,0,-1.000000
.O.O.OX.X,2,-1.000000
.O.O.OX.X,4,1.000000
.O.O.OX.X,7,1.000000
.O.O.OXX.,0,-1.000000
.O.O.OXX.,2,-1.000000
.O.O.OXX.,4,1.000000
.O.O.OXX.,8,1.000000
.O.O.X...,0,-0.000000
.O.O.X...,2,-1.000000
.O.O.X...,4,-1.000000
.O.O.X...,6,-0.000000
.O.O.X...,7,-1.000000
.O.O.X...,8,-1.000000
.O.O.X..X,0,1.000000
.O.O.X..X,2,1.000000
.O.O.X..X,4,1.000000
.O.O.X..X,6,1.000000
.O.O.X..X,7,1.000000
.O.O.X.OX,0,-1.000000
.O.O.X.OX,2,1.000000
.O.O.X.OX,4,1.000000
.O.O.X.OX,6,-1.000000
.O.O.X.X.,0,0.000000
.O.O.X.X.,2,0.000000
.O.O.X.X.,4,-1.000000
.O.O.X.X.,6,0.000000
.O.O.X.X.,8,1.000000
.O.O.X.XO,0,-0.000000
.O.O.X.XO,2,-1.000000
.O.O.X.XO,4,-1.000000
.O.O.X.XO,6,-1.000000
.O.O.XO.X,0,1.000000
.O.O.XO.X,2,1.000000
.O.O.XO.X,4,-1.000000
.O.O.XO.X,7,-1.000000
.O.O.XOX.,0,-0.000000
.O.O.XOX.,2,-1.000000
.O.O.XOX.,4,-1.000000
.O.O.XOX.,8,-1.000000
.O.O.XOXX,0,1.000000
.O.O.XOXX,2,1.000000
.O.O.XOXX,4,-1.000000
.O.O.XX..,0,0.000000
.O.O.XX..,2,1.000000
.O.O.XX..,4,0.000000
.O.O.XX..,7,0.000000
.O.O.XX..,8,1.000000
.O.O.XX.O,0,-0.000000
.O.O.XX.O,2,-1.000000
.O.O.XX.O,4,-0.000000
.O.O.XX.O,7,-1.000000
.O.O.XXO.,0,-1.000000
.O.O.XXO.,2,-1.000000
.O.O.XXO.,4,-0.000000
.O.O.XXO.,8,-1.000000
.O.O.XXOX,0,-1.000000
.O.O.XXOX,2,1.000000
.O.O.XXOX,4,1.000000
.O.O.XXXO,0,0.000000
.O.O.XXXO,2,0.000000
.O.O.XXXO,4,0.000000
.O.OO..XX,0,-1.000000
.O.OO..XX,2,-1.000000
.O.OO..XX,5,1.000000
.O.OO..XX,6,1.000000
.O.OO.X.X,0,-1.000000
.O.OO.X.X,2,-1.000000
.O.OO.X.X,5,-1.000000
.O.OO.X.X,7,1.000000
.O.OO.XX.,0,-1.000000
.O.OO.XX.,2,-1.000000
.O.OO.XX.,5,-0.000000
.O.OO.XX.,8,1.000000
.O.OOX..X,0,-1.000000
.O.OOX..X,2,1.000000
.O.OOX..X,6,-1.000000
.O.OOX..X,7,1.000000
.O.OOX.X.,0,-0.000000
.O.OOX.X.,2,-0.000000
.O.OOX.X.,6,-0.000000
.O.OOX.X.,8,1.000000
.O.OOX.XX,0,1.000000
.O.OOX.XX,2,1.000000
.O.OOX.XX,6,1.000000
.O.OOXOXX,0,-1.000000
.O.OOXOXX,2,1.000000
.O.OOXX..,0,-1.000000
.O.OOXX..,2,-1.000000
.O.OOXX..,7,-0.000000
.O.OOXX..,8,-1.000000
.O.OOXX.X,0,-1.000000
.O.OOXX.X,2,1.000000
.O.OOXX.X,7,1.000000
.O.OOXXX.,0,0.000000
.O.OOXXX.,2,0.000000
.O.OOXXX.,8,1.000000
.O.OOXXXO,0,-0.000000
.O.OOXXXO,2,-1.000000
.O.OX....,0,-0.000000
.O.OX....,2,-0.000000
.O.OX....,5,-1.000000
.O.OX....,6,-0.000000
.O.OX....,7,-1.000000
.O.OX....,8,-1.000000
.O.OX...X,0,1.000000
.O.OX...X,2,1.000000
.O.OX...X,5,1.000000
.O.OX...X,6,1.000000
.O.OX...X,7,1.000000
.O.OX..OX,0,1.000000
.O.OX..OX,2,1.000000
.O.OX..OX,5,1.000000
.O.OX..OX,6,1.000000
.O.OX..X.,0,0.000000
.O.OX..X.,2,0.000000
.O.OX..X.,5,-1.000000
.O.OX..X.,6,1.000000
.O.OX..X.,8,1.000000
.O.OX..XO,0,-0.000000
.O.OX..XO,2,-0.000000
.O.OX..XO,5,-1.000000
.O.OX..XO,6,-1.000000
.O.OX.O.X,0,1.000000
.O.OX.O.X,2,-1.000000
.O.OX.O.X,5,-1.000000
.O.OX.O.X,7,-1.000000
.O.OX.OX.,0,-0.000000
.O.OX.OX.,2,-1.000000
.O.OX.OX.,5,-1.000000
.O.OX.OX.,8,-1.000000
.O.OX.OXX,0,1.000000
.O.OX.OXX,2,-1.000000
.O.OX.OXX,5,-1.000000
.O.OX.X..,0,1.000000
.O.OX.X..,2,1.000000
.O.OX.X..,5,0.000000
.O.OX.X..,7,1.000000
.O.OX.X..,8,1.000000
.O.OX.X.O,0,-0.000000
.O.OX.X.O,2,1.000000
.O.OX.X.O,5,-0.000000
.O.OX.X.O,7,-1.000000
.O.OX.XO.,0,1.000000
.O.OX.XO.,2,1.000000
.O.OX.XO.,5,-0.000000
.O.OX.XO.,8,1.000000
.O.OX.XOX,0,1.000000
.O.OX.XOX,2,1.000000
.O.OX.XOX,5,1.000000
.O.OX.XXO,0,0.000000
.O.OX.XXO,2,1.000000
.O.OX.XXO,5,0.000000
.O.OXO..X,0,1.000000
.O.OXO..X,2,1.000000
.O.OXO..X,6,1.000000
.O.OXO..X,7,1.000000
.O.OXO.X.,0,-0.000000
.O.OXO.X.,2,-0.000000
.O.OXO.X.,6,1.000000
.O.OXO.X.,8,1.000000
.O.OXO.XX,0,1.000000
.O.OXO.XX,2,1.000000
.O.OXO.XX,6,1.000000
.O.OXOOXX,0,1.000000
.O.OXOOXX,2,-1.000000
.O.OXOX..,0,1.000000
.O.OXOX..,2,1.000000
.O.OXOX..,7,1.000000
.O.OXOX..,8,1.000000
.O.OXOX.X,0,1.000000
.O.OXOX.X,2,1.000000
.O.OXOX.X,7,1.000000
.O.OXOXOX,0,1.000000
.O.OXOXOX,2,1.000000
.O.OXOXX.,0,1.000000
.O.OXOXX.,2,1.000000
.O.OXOXX.,8,1.000000
.O.OXOXXO,0,-1.000000
.O.OXOXXO,2,1.000000
.O.OXX...,0,0.000000
.O.OXX...,2,1.000000
.O.OXX...,6,0.000000
.O.OXX...,7,-1.000000
.O.OXX...,8,1.000000
.O.OXX..O,0,-0.000000
.O.OXX..O,2,-1.000000
.O.OXX..O,6,-0.000000
.O.OXX..O,7,-1.000000
.O.OXX.O.,0,-0.000000
.O.OXX.O.,2,1.000000
.O.OXX.O.,6,-0.000000
.O.OXX.O.,8,1.000000
.O.OXX.OX,0,1.000000
.O.OXX.OX,2,1.000000
.O.OXX.OX,6,1.000000
.O.OXX.XO,0,0.000000
.O.OXX.XO,2,0.000000
.O.OXX.XO,6,0.000000
.O.OXXO..,0,-0.000000
.O.OXXO..,2,-1.000000
.O.OXXO..,7,-1.000000
.O.OXXO..,8,-1.000000
.O.OXXO.X,0,1.000000
.O.OXXO.X,2,1.000000
.O.OXXO.X,7,-1.000000
.O.OXXOOX,0,1.000000
.O.OXXOOX,2,1.000000
.O.OXXOX.,0,0.000000
.O.OXXOX.,2,-1.000000
.O.OXXOX.,8,-1.000000
.O.OXXOXO,0,-0.000000
.O.OXXOXO,2,-1.000000
.O.OXXX.O,0,0.000000
.O.OXXX.O,2,1.000000
.O.OXXX.O,7,0.000000
.O.OXXXO.,0,1.000000
.O.OXXXO.,2,1.000000
.O.OXXXO.,8,1.000000
.O.OXXXOO,0,-0.000000
.O.OXXXOO,2,1.000000
.O.X.....,0,1.000000
.O.X.....,2,0.000000
.O.X.....,4,1.000000
.O.X.....,5,-1.000000
.O.X.....,6,-1.000000
.O.X.....,7,0.000000
.O.X.....,8,0.000000
.O.X....O,0,-1.000000
.O.X....O,2,-1.000000
.O.X....O,4,-0.000000
.O.X....O,5,-1.000000
.O.X....O,6,-1.000000
.O.X....O,7,-1.000000
.O.X...O.,0,-1.000000
.O.X...O.,2,-1.000000
.O.X...O.,4,1.000000
.O.X...O.,5,-1.000000
.O.X...O.,6,-1.000000
.O.X...O.,8,-1.000000
.O.X...OX,0,-1.000000
.O.X...OX,2,-1.000000
.O.X...OX,4,1.000000
.O.X...OX,5,-1.000000
.O.X...OX,6,-1.000000
.O.X...XO,0,0.000000
.O.X...XO,2,0.000000
.O.X...XO,4,0.000000
.O.X...XO,5,0.000000
.O.X...XO,6,-1.000000
.O.X..O..,0,-1.000000
.O.X..O..,2,-1.000000
.O.X..O..,4,-0.000000
.O.X..O..,5,-1.000000
.O.X..O..,7,-1.000000
.O.X..O..,8,-1.000000
.O.X..O.X,0,-1.000000
.O.X..O.X,2,0.000000
.O.X..O.X,4,1.000000
.O.X..O.X,5,1.000000
.O.X..O.X,7,-1.000000
.O.X..OOX,0,-1.000000
.O.X..OOX,2,-1.000000
.O.X..OOX,4,1.000000
.O.X..OOX,5,-1.000000
.O.X..OX.,0,0.000000
.O.X..OX.,2,0.000000
.O.X..OX.,4,0.000000
.O.X..OX.,5,0.000000
.O.X..OX.,8,-1.000000
.O.X..OXO,0,-1.000000
.O.X..OXO,2,-0.000000
.O.X..OXO,4,-0.000000
.O.X..OXO,5,-1.000000
.O.X..X.O,0,1.000000
.O.X..X.O,2,1.000000
.O.X..X.O,4,1.000000
.O.X..X.O,5,1.000000
.O.X..X.O,7,-1.000000
.O.X..XO.,0,1.000000
.O.X..XO.,2,-1.000000
.O.X..XO.,4,1.000000
.O.X..XO.,5,-1.000000
.O.X..XO.,8,-1.000000
.O.X..XOO,0,1.000000
.O.X..XOO,2,-1.000000
.O.X..XOO,4,1.000000
.O.X..XOO,5,-1.000000
.O.X.O...,0,-1.000000
.O.X.O...,2,-0.000000
.O.X.O...,4,-1.000000
.O.X.O...,6,-1.000000
.O.X.O...,7,-1.000000
.O.X.O...,8,-0.000000
.O.X.O..X,0,1.000000
.O.X.O..X,2,0.000000
.O.X.O..X,4,0.000000
.O.X.O..X,6,1.000000
.O.X.O..X,7,0.000000
.O.X.O.OX,0,-1.000000
.O.X.O.OX,2,-1.000000
.O.X.O.OX,4,-0.000000
.O.X.O.OX,6,-1.000000
.O.X.O.X.,0,0.000000
.O.X.O.X.,2,0.000000
.O.X.O.X.,4,-1.000000
.O.X.O.X.,6,1.000000
.O.X.O.X.,8,0.000000
.O.X.O.XO,0,-1.000000
.O.X.O.XO,2,-0.000000
.O.X.O.XO,4,-1.000000
.O.X.O.XO,6,-1.000000
.O.X.OO.X,0,-1.000000
.O.X.OO.X,2,-0.000000
.O.X.OO.X,4,-0.000000
.O.X.OO.X,7,-1.000000
.O.X.OOX.,0,-1.000000
.O.X.OOX.,2,-0.000000
.O.X.OOX.,4,-1.000000
.O.X.OOX.,8,-1.000000
.O.X.OOXX,0,0.000000
.O.X.OOXX,2,0.000000
.O.X.OOXX,4,0.000000
.O.X.OX..,0,1.000000
.O.X.OX..,2,1.000000
.O.X.OX..,4,1.000000
.O.X.OX..,7,1.000000
.O.X.OX..,8,1.000000
.O.X.OX.O,0,1.000000
.O.X.OX.O,2,1.000000
.O.X.OX.O,4,-1.000000
.O.X.OX.O,7,-1.000000
.O.X.OXO.,0,1.000000
.O.X.OXO.,2,-1.000000
.O.X.OXO.,4,1.000000
.O.X.OXO.,8,-1.000000
.O.X.OXOX,0,1.000000
.O.X.OXOX,2,-1.000000
.O.X.OXOX,4,1.000000
.O.X.OXXO,0,1.000000
.O.X.OXXO,2,1.000000
.O.X.OXXO,4,-1.000000
.O.X.X..O,0,1.000000
.O.X.X..O,2,-1.000000
.O.X.X..O,4,1.000000
.O.X.X..O,6,1.000000
.O.X.X..O,7,0.000000
.O.X.X.O.,0,-1.000000
.O.X.X.O.,2,-1.000000
.O.X.X.O.,4,1.000000
.O.X.X.O.,6,-1.000000
.O.X.X.O.,8,-1.000000
.O.X.X.OO,0,-1.000000
.O.X.X.OO,2,-1.000000
.O.X.X.OO,4,1.000000
.O.X.X.OO,6,-1.000000
.O.X.XO..,0,-1.000000
.O.X.XO..,2,1.000000
.O.X.XO..,4,1.000000
.O.X.XO..,7,0.000000
.O.X.XO..,8,1.000000
.O.X.XO.O,0,-1.000000
.O.X.XO.O,2,-1.000000
.O.X.XO.O,4,1.000000
.O.X.XO.O,7,-1.000000
.O.X.XOO.,0,-1.000000
.O.X.XOO.,2,-1.000000
.O.X.XOO.,4,1.000000
.O.X.XOO.,8,-1.000000
.O.X.XOOX,0,-1.000000
.O.X.XOOX,2,1.000000
.O.X.XOOX,4,1.000000
.O.X.XOXO,0,0.000000
.O.X.XOXO,2,0.000000
.O.X.XOXO,4,1.000000
.O.X.XXOO,0,1.000000
.O.X.XXOO,2,-1.000000
.O.X.XXOO,4,1.000000
.O.XO....,0,-1.000000
.O.XO....,2,-1.000000
.O.XO....,5,-1.000000
.O.XO....,6,-1.000000
.O.XO....,7,-1.000000
.O.XO....,8,-1.000000
.O.XO...X,0,-1.000000
.O.XO...X,2,-1.000000
.O.XO...X,5,-1.000000
.O.XO...X,6,-1.000000
.O.XO...X,7,0.000000
.O.XO..X.,0,0.000000
.O.XO..X.,2,0.000000
.O.XO..X.,5,-1.000000
.O.XO..X.,6,1.000000
.O.XO..X.,8,0.000000
.O.XO..XO,0,-0.000000
.O.XO..XO,2,-1.000000
.O.XO..XO,5,-1.000000
.O.XO..XO,6,-1.000000
.O.XO.O.X,0,-1.000000
.O.XO.O.X,2,-1.000000
.O.XO.O.X,5,-1.000000
.O.XO.O.X,7,-1.000000
.O.XO.OX.,0,-1.000000
.O.XO.OX.,2,-0.000000
.O.XO.OX.,5,-1.000000
.O.XO.OX.,8,-1.000000
.O.XO.OXX,0,-1.000000
.O.XO.OXX,2,0.000000
.O.XO.OXX,5,-1.000000
.O.XO.X..,0,1.000000
.O.XO.X..,2,-1.000000
.O.XO.X..,5,-1.000000
.O.XO.X..,7,1.000000
.O.XO.X..,8,-1.000000
.O.XO.X.O,0,1.000000
.O.XO.X.O,2,-1.000000
.O.XO.X.O,5,-1.000000
.O.XO.X.O,7,-1.000000
.O.XO.XXO,0,1.000000
.O.XO.XXO,2,-1.000000
.O.XO.XXO,5,-1.000000
.O.XOO..X,0,-1.000000
.O.XOO..X,2,-1.000000
.O.XOO..X,6,-1.000000
.O.XOO..X,7,-0.000000
.O.XOO.X.,0,-0.000000
.O.XOO.X.,2,-0.000000
.O.XOO.X.,6,1.000000
.O.XOO.X.,8,-0.000000
.O.XOO.XX,0,0.000000
.O.XOO.XX,2,0.000000
.O.XOO.XX,6,1.000000
.O.XOOOXX,0,-1.000000
.O.XOOOXX,2,-0.000000
.O.XOOX..,0,1.000000
.O.XOOX..,2,-1.000000
.O.XOOX..,7,1.000000
.O.XOOX..,8,-1.000000
.O.XOOX.X,0,1.000000
.O.XOOX.X,2,-1.000000
.O.XOOX.X,7,1.000000
.O.XOOXX.,0,1.000000
.O.XOOXX.,2,1.000000
.O.XOOXX.,8,1.000000
.O.XOOXXO,0,1.000000
.O.XOOXXO,2,-1.000000
.O.XOX...,0,-1.000000
.O.XOX...,2,-1.000000
.O.XOX...,6,-1.000000
.O.XOX...,7,-1.000000
.O.XOX...,8,-1.000000
.O.XOX..O,0,-1.000000
.O.XOX..O,2,-1.000000
.O.XOX..O,6,-1.000000
.O.XOX..O,7,-1.000000
.O.XOX.XO,0,0.000000
.O.XOX.XO,2,-1.000000
.O.XOX.XO,6,-1.000000
.O.XOXO..,0,-1.000000
.O.XOXO..,2,-1.000000
.O.XOXO..,7,-1.000000
.O.XOXO..,8,-1.000000
.O.XOXO.X,0,-1.000000
.O.XOXO.X,2,1.000000
.O.XOXO.X,7,-1.000000
.O.XOXOX.,0,-1.000000
.O.XOXOX.,2,0.000000
.O.XOXOX.,8,-1.000000
.O.XOXOXO,0,-1.000000
.O.XOXOXO,2,-1.000000
.O.XOXX.O,0,1.000000
.O.XOXX.O,2,-1.000000
.O.XOXX.O,7,-1.000000
.O.XX...O,0,1.000000
.O.XX...O,2,1.000000
.O.XX...O,5,1.000000
.O.XX...O,6,1.000000
.O.XX...O,7,0.000000
.O.XX..O.,0,1.000000
.O.XX..O.,2,1.000000
.O.XX..O.,5,1.000000
.O.XX..O.,6,1.000000
.O.XX..O.,8,1.000000
.O.XX..OO,0,-1.000000
.O.XX..OO,2,-1.000000
.O.XX..OO,5,1.000000
.O.XX..OO,6,1.000000
.O.XX.O..,0,1.000000
.O.XX.O..,2,0.000000
.O.XX.O..,5,1.000000
.O.XX.O..,7,0.000000
.O.XX.O..,8,1.000000
.O.XX.O.O,0,-1.000000
.O.XX.O.O,2,-1.000000
.O.XX.O.O,5,1.000000
.O.XX.O.O,7,-0.000000
.O.XX.OO.,0,-1.000000
.O.XX.OO.,2,-1.000000
.O.XX.OO.,5,1.000000
.O.XX.OO.,8,1.000000
.O.XX.OOX,0,1.000000
.O.XX.OOX,2,1.000000
.O.XX.OOX,5,1.000000
.O.XX.OXO,0,0.000000
.O.XX.OXO,2,0.000000
.O.XX.OXO,5,1.000000
.O.XX.XOO,0,1.000000
.O.XX.XOO,2,1.000000
.O.XX.XOO,5,1.000000
.O.XXO...,0,1.000000
.O.XXO...,2,0.000000
.O.XXO...,6,1.000000
.O.XXO...,7,-1.000000
.O.XXO...,8,0.000000
.O.XXO..O,0,-1.000000
.O.XXO..O,2,-0.000000
.O.XXO..O,6,-1.000000
.O.XXO..O,7,-1.000000
.O.XXO.O.,0,1.000000
.O.XXO.O.,2,-0.000000
.O.XXO.O.,6,1.000000
.O.XXO.O.,8,-0.000000
.O.XXO.OX,0,1.000000
.O.XXO.OX,2,1.000000
.O.XXO.OX,6,1.000000
.O.XXO.XO,0,-1.000000
.O.XXO.XO,2,0.000000
.O.XXO.XO,6,-1.000000
.O.XXOO..,0,-1.000000
.O.XXOO..,2,-0.000000
.O.XXOO..,7,-1.000000
.O.XXOO..,8,-0.000000
.O.XXOO.X,0,1.000000
.O.XXOO.X,2,0.000000
.O.XXOO.X,7,0.000000
.O.XXOOOX,0,1.000000
.O.XXOOOX,2,-0.000000
.O.XXOOX.,0,0.000000
.O.XXOOX.,2,0.000000
.O.XXOOX.,8,0.000000
.O.XXOOXO,0,-1.000000
.O.XXOOXO,2,-0.000000
.O.XXOX.O,0,1.000000
.O.XXOX.O,2,1.000000
.O.XXOX.O,7,-1.000000
.O.XXOXO.,0,1.000000
.O.XXOXO.,2,1.000000
.O.XXOXO.,8,1.000000
.O.XXOXOO,0,1.000000
.O.XXOXOO,2,1.000000
.OO.....X,0,-1.000000
.OO.....X,3,-1.000000
.OO.....X,4,-1.000000
.OO.....X,5,-1.000000
.OO.....X,6,-1.000000
.OO.....X,7,-1.000000
.OO....X.,0,-0.000000
.OO....X.,3,-1.000000
.OO....X.,4,-1.000000
.OO....X.,5,-1.000000
.OO....X.,6,-1.000000
.OO....X.,8,-1.000000
.OO....XX,0,1.000000
.OO....XX,3,-1.000000
.OO....XX,4,-1.000000
.OO....XX,5,-1.000000
.OO....XX,6,1.000000
.OO...OXX,0,-1.000000
.OO...OXX,3,-1.000000
.OO...OXX,4,-1.000000
.OO...OXX,5,-1.000000
.OO...X..,0,1.000000
.OO...X..,3,-1.000000
.OO...X..,4,-1.000000
.OO...X..,5,-1.000000
.OO...X..,7,-1.000000
.OO...X..,8,-1.000000
.OO...X.X,0,1.000000
.OO...X.X,3,-1.000000
.OO...X.X,4,-1.000000
.OO...X.X,5,-1.000000
.OO...X.X,7,1.000000
.OO...XOX,0,-1.000000
.OO...XOX,3,-1.000000
.OO...XOX,4,-1.000000
.OO...XOX,5,-1.000000
.OO...XX.,0,1.000000
.OO...XX.,3,-1.000000
.OO...XX.,4,-1.000000
.OO...XX.,5,-1.000000
.OO...XX.,8,1.000000
.OO...XXO,0,-1.000000
.OO...XXO,3,-1.000000
.OO...XXO,4,-1.000000
.OO...XXO,5,-1.000000
.OO..O.XX,0,1.000000
.OO..O.XX,3,-1.000000
.OO..O.XX,4,-1.000000
.OO..O.XX,6,1.000000
.OO..OX.X,0,1.000000
.OO..OX.X,3,-1.000000
.OO..OX.X,4,-1.000000
.OO..OX.X,7,1.000000
.OO..OXX.,0,-1.000000
.OO..OXX.,3,-1.000000
.OO..OXX.,4,-1.000000
.OO..OXX.,8,1.000000
.OO..X...,0,-1.000000
.OO..X...,3,-1.000000
.OO..X...,4,-1.000000
.OO..X...,6,-1.000000
.OO..X...,7,-1.000000
.OO..X...,8,-1.000000
.OO..X..X,0,-1.000000
.OO..X..X,3,-1.000000
.OO..X..X,4,-1.000000
.OO..X..X,6,-1.000000
.OO..X..X,7,-1.000000
.OO..X.OX,0,-1.000000
.OO..X.OX,3,-1.000000
.OO..X.OX,4,-1.000000
.OO..X.OX,6,-1.000000
.OO..X.X.,0,1.000000
.OO..X.X.,3,-1.000000
.OO..X.X.,4,-1.000000
.OO..X.X.,6,-1.000000
.OO..X.X.,8,-1.000000
.OO..X.XO,0,-0.000000
.OO..X.XO,3,-1.000000
.OO..X.XO,4,-1.000000
.OO..X.XO,6,-1.000000
.OO..XO.X,0,-1.000000
.OO..XO.X,3,-1.000000
.OO..XO.X,4,-1.000000
.OO..XO.X,7,-1.000000
.OO..XOX.,0,-1.000000
.OO..XOX.,3,-1.000000
.OO..XOX.,4,-1.000000
.OO..XOX.,8,-1.000000
.OO..XOXX,0,-1.000000
.OO..XOXX,3,-1.000000
.OO..XOXX,4,-1.000000
.OO..XX..,0,1.000000
.OO..XX..,3,-1.000000
.OO..XX..,4,-1.000000
.OO..XX..,7,-1.000000
.OO..XX..,8,-1.000000
.OO..XX.O,0,-0.000000
.OO..XX.O,3,-1.000000
.OO..XX.O,4,-1.000000
.OO..XX.O,7,-1.000000
.OO..XXO.,0,-1.000000
.OO..XXO.,3,-1.000000
.OO..XXO.,4,-1.000000
.OO..XXO.,8,-1.000000
.OO..XXOX,0,-1.000000
.OO..XXOX,3,-1.000000
.OO..XXOX,4,-1.000000
.OO..XXXO,0,0.000000
.OO..XXXO,3,-1.000000
.OO..XXXO,4,-1.000000
.OO.O..XX,0,-1.000000
.OO.O..XX,3,-1.000000
.OO.O..XX,5,-1.000000
.OO.O..XX,6,1.000000
.OO.O.X.X,0,-1.000000
.OO.O.X.X,3,-1.000000
.OO.O.X.X,5,-1.000000
.OO.O.X.X,7,1.000000
.OO.O.XX.,0,1.000000
.OO.O.XX.,3,-1.000000
.OO.O.XX.,5,-1.000000
.OO.O.XX.,8,1.000000
.OO.OX..X,0,-1.000000
.OO.OX..X,3,-1.000000
.OO.OX..X,6,-1.000000
.OO.OX..X,7,-1.000000
.OO.OX.X.,0,-1.000000
.OO.OX.X.,3,-1.000000
.OO.OX.X.,6,-1.000000
.OO.OX.X.,8,-1.000000
.OO.OX.XX,0,-1.000000
.OO.OX.XX,3,-1.000000
.OO.OX.XX,6,1.000000
.OO.OXX..,0,-1.000000
.OO.OXX..,3,-1.000000
.OO.OXX..,7,-1.000000
.OO.OXX..,8,-1.000000
.OO.OXX.X,0,-1.000000
.OO.OXX.X,3,-1.000000
.OO.OXX.X,7,1.000000
.OO.OXXX.,0,1.000000
.OO.OXXX.,3,-1.000000
.OO.OXXX.,8,1.000000
.OO.OXXXO,0,-0.000000
.OO.OXXXO,3,-1.000000
.OO.X....,0,-0.000000
.OO.X....,3,-1.000000
.OO.X....,5,-1.000000
.OO.X....,6,-1.000000
.OO.X....,7,-1.000000
.OO.X....,8,-1.000000
.OO.X...X,0,1.000000
.OO.X...X,3,-1.000000
.OO.X...X,5,-1.000000
.OO.X...X,6,-1.000000
.OO.X...X,7,-1.000000
.OO.X..OX,0,1.000000
.OO.X..OX,3,-1.000000
.OO.X..OX,5,-1.000000
.OO.X..OX,6,-1.000000
.OO.X..X.,0,0.000000
.OO.X..X.,3,-1.000000
.OO.X..X.,5,-1.000000
.OO.X..X.,6,-1.000000
.OO.X..X.,8,-1.000000
.OO.X..XO,0,-1.000000
.OO.X..XO,3,-1.000000
.OO.X..XO,5,-1.000000
.OO.X..XO,6,-1.000000
.OO.X.O.X,0,1.000000
.OO.X.O.X,3,-1.000000
.OO.X.O.X,5,-1.000000
.OO.X.O.X,7,-1.000000
.OO.X.OX.,0,-0.000000
.OO.X.OX.,3,-1.000000
.OO.X.OX.,5,-1.000000
.OO.X.OX.,8,-1.000000
.OO.X.OXX,0,1.000000
.OO.X.OXX,3,-1.000000
.OO.X.OXX,5,-1.000000
.OO.X.X..,0,1.000000
.OO.X.X..,3,-1.000000
.OO.X.X..,5,-1.000000
.OO.X.X..,7,-1.000000
.OO.X.X..,8,-1.000000
.OO.X.X.O,0,-1.000000
.OO.X.X.O,3,-1.000000
.OO.X.X.O,5,-1.000000
.OO.X.X.O,7,-1.000000
.OO.X.XO.,0,1.000000
.OO.X.XO.,3,-1.000000
.OO.X.XO.,5,-1.000000
.OO.X.XO.,8,-1.000000
.OO.X.XOX,0,1.000000
.OO.X.XOX,3,-1.000000
.OO.X.XOX,5,-1.000000
.OO.X.XXO,0,-1.000000
.OO.X.XXO,3,-1.000000
.OO.X.XXO,5,-1.000000
.OO.XO..X,0,1.000000
.OO.XO..X,3,-1.000000
.OO.XO..X,6,-1.000000
.OO.XO..X,7,-1.000000
.OO.XO.X.,0,-1.000000
.OO.XO.X.,3,-1.000000
.OO.XO.X.,6,-1.000000
.OO.XO.X.,8,-1.000000
.OO.XO.XX,0,1.000000
.OO.XO.XX,3,-1.000000
.OO.XO.XX,6,1.000000
.OO.XOOXX,0,1.000000
.OO.XOOXX,3,-1.000000
.OO.XOX..,0,-1.000000
.OO.XOX..,3,-1.000000
.OO.XOX..,7,-1.000000
.OO.XOX..,8,-1.000000
.OO.XOX.X,0,1.000000
.OO.XOX.X,3,-1.000000
.OO.XOX.X,7,1.000000
.OO.XOXOX,0,1.000000
.OO.XOXOX,3,-1.000000
.OO.XOXX.,0,-1.000000
.OO.XOXX.,3,-1.000000
.OO.XOXX.,8,1.000000
.OO.XX...,0,1.000000
.OO.XX...,3,1.000000
.OO.XX...,6,-1.000000
.OO.XX...,7,-1.000000
.OO.XX...,8,-1.000000
.OO.XX..O,0,-0.000000
.OO.XX..O,3,1.000000
.OO.XX..O,6,-1.000000
.OO.XX..O,7,-1.000000
.OO.XX.O.,0,1.000000
.OO.XX.O.,3,1.000000
.OO.XX.O.,6,-1.000000
.OO.XX.O.,8,-1.000000
.OO.XX.OX,0,1.000000
.OO.XX.OX,3,1.000000
.OO.XX.OX,6,-1.000000
.OO.XX.XO,0,0.000000
.OO.XX.XO,3,1.000000
.OO.XX.XO,6,-1.000000
.OO.XXO..,0,1.000000
.OO.XXO..,3,1.000000
.OO.XXO..,7,-1.000000
.OO.XXO..,8,-1.000000
.OO.XXO.X,0,1.000000
.OO.XXO.X,3,1.000000
.OO.XXO.X,7,-1.000000
.OO.XXOOX,0,1.000000
.OO.XXOOX,3,1.000000
.OO.XXOX.,0,1.000000
.OO.XXOX.,3,1.000000
.OO.XXOX.,8,-1.000000
.OO.XXOXO,0,-0.000000
.OO.XXOXO,3,1.000000
.OO.XXX.O,0,0.000000
.OO.XXX.O,3,1.000000
.OO.XXX.O,7,-1.000000
.OO.XXXO.,0,1.000000
.OO.XXXO.,3,1.000000
.OO.XXXO.,8,-1.000000
.OO.XXXOO,0,-0.000000
.OO.XXXOO,3,1.000000
.OOO...XX,0,1.000000
.OOO...XX,4,-1.000000
.OOO...XX,5,-1.000000
.OOO...XX,6,1.000000
.OOO..X.X,0,1.000000
.OOO..X.X,4,-1.000000
.OOO..X.X,5,-1.000000
.OOO..X.X,7,1.000000
.OOO..XX.,0,-0.000000
.OOO..XX.,4,-1.000000
.OOO..XX.,5,-1.000000
.OOO..XX.,8,1.000000
.OOO.X..X,0,-1.000000
.OOO.X..X,4,-1.000000
.OOO.X..X,6,-1.000000
.OOO.X..X,7,-1.000000
.OOO.X.X.,0,-0.000000
.OOO.X.X.,4,-1.000000
.OOO.X.X.,6,-1.000000
.OOO.X.X.,8,-1.000000
.OOO.X.XX,0,1.000000
.OOO.X.XX,4,-1.000000
.OOO.X.XX,6,1.000000
.OOO.XOXX,0,-1.000000
.OOO.XOXX,4,-1.000000
.OOO.XX..,0,-0.000000
.OOO.XX..,4,-1.000000
.OOO.XX..,7,-1.000000
.OOO.XX..,8,-1.000000
.OOO.XX.X,0,1.000000
.OOO.XX.X,4,-1.000000
.OOO.XX.X,7,1.000000
.OOO.XXOX,0,-1.000000
.OOO.XXOX,4,-1.000000
.OOO.XXX.,0,0.000000
.OOO.XXX.,4,-1.000000
.OOO.XXX.,8,1.000000
.OOO.XXXO,0,-0.000000
.OOO.XXXO,4,-1.000000
.OOOOX.XX,0,-1.000000
.OOOOX.XX,6,1.000000
.OOOOXX.X,0,-1.000000
.OOOOXX.X,7,1.000000
.OOOOXXX.,0,-0.000000
.OOOOXXX.,8,1.000000
.OOOX...X,0,1.000000
.OOOX...X,5,-1.000000
.OOOX...X,6,-1.000000
.OOOX...X,7,-1.000000
.OOOX..X.,0,-0.000000
.OOOX..X.,5,-1.000000
.OOOX..X.,6,-1.000000
.OOOX..X.,8,-1.000000
.OOOX..XX,0,1.000000
.OOOX..XX,5,-1.000000
.OOOX..XX,6,1.000000
.OOOX.OXX,0,1.000000
.OOOX.OXX,5,-1.000000
.OOOX.X..,0,-0.000000
.OOOX.X..,5,-1.000000
.OOOX.X..,7,-1.000000
.OOOX.X..,8,-1.000000
.OOOX.X.X,0,1.000000
.OOOX.X.X,5,-1.000000
.OOOX.X.X,7,1.000000
.OOOX.XOX,0,1.000000
.OOOX.XOX,5,-1.000000
.OOOX.XX.,0,0.000000
.OOOX.XX.,5,-1.000000
.OOOX.XX.,8,1.000000
.OOOX.XXO,0,-1.000000
.OOOX.XXO,5,-1.000000
.OOOXO.XX,0,1.000000
.OOOXO.XX,6,1.000000
.OOOXOX.X,0,1.000000
.OOOXOX.X,7,1.000000
.OOOXOXX.,0,-1.000000
.OOOXOXX.,8,1.000000
.OOOXX...,0,-0.000000
.OOOXX...,6,-1.000000
.OOOXX...,7,-1.000000
.OOOXX...,8,-1.000000
.OOOXX..X,0,1.000000
.OOOXX..X,6,-1.000000
.OOOXX..X,7,-1.000000
.OOOXX.OX,0,1.000000
.OOOXX.OX,6,-1.000000
.OOOXX.X.,0,0.000000
.OOOXX.X.,6,-1.000000
.OOOXX.X.,8,-1.000000
.OOOXX.XO,0,-0.000000
.OOOXX.XO,6,-1.000000
.OOOXXO.X,0,1.000000
.OOOXXO.X,7,-1.000000
.OOOXXOX.,0,-0.000000
.OOOXXOX.,8,-1.000000
.OOOXXOXX,0,1.000000
.OOOXXX..,0,0.000000
.OOOXXX..,7,-1.000000
.OOOXXX..,8,-1.000000
.OOOXXX.O,0,-0.000000
.OOOXXX.O,7,-1.000000
.OOOXXXO.,0,-0.000000
.OOOXXXO.,8,-1.000000
.OOOXXXOX,0,1.000000
.OOOXXXXO,0,0.000000
.OOX.....,0,1.000000
.OOX.....,4,-1.000000
.OOX.....,5,-1.000000
.OOX.....,6,-1.000000
.OOX.....,7,-1.000000
.OOX.....,8,-1.000000
.OOX....X,0,1.000000
.OOX....X,4,-1.000000
.OOX....X,5,-1.000000
.OOX....X,6,-1.000000
.OOX....X,7,-1.000000
.OOX...OX,0,-1.000000
.OOX...OX,4,-1.000000
.OOX...OX,5,-1.000000
.OOX...OX,6,-1.000000
.OOX...X.,0,1.000000
.OOX...X.,4,-1.000000
.OOX...X.,5,-1.000000
.OOX...X.,6,-1.000000
.OOX...X.,8,-1.000000
.OOX...XO,0,-1.000000
.OOX...XO,4,-1.000000
.OOX...XO,5,-1.000000
.OOX...XO,6,-1.000000
.OOX..O.X,0,-1.000000
.OOX..O.X,4,-1.000000
.OOX..O.X,5,-1.000000
.OOX..O.X,7,-1.000000
.OOX..OX.,0,-1.000000
.OOX..OX.,4,-1.000000
.OOX..OX.,5,-1.000000
.OOX..OX.,8,-1.000000
.OOX..OXX,0,-1.000000
.OOX..OXX,4,-1.000000
.OOX..OXX,5,-1.000000
.OOX..X..,0,1.000000
.OOX..X..,4,-1.000000
.OOX..X..,5,-1.000000
.OOX..X..,7,-1.000000
.OOX..X..,8,-1.000000
.OOX..X.O,0,1.000000
.OOX..X.O,4,-1.000000
.OOX..X.O,5,-1.000000
.OOX..X.O,7,-1.000000
.OOX..XO.,0,1.000000
.OOX..XO.,4,-1.000000
.OOX..XO.,5,-1.000000
.OOX..XO.,8,-1.000000
.OOX..XOX,0,1.000000
.OOX..XOX,4,-1.000000
.OOX..XOX,5,-1.000000
.OOX..XXO,0,1.000000
.OOX..XXO,4,-1.000000
.OOX..XXO,5,-1.000000
.OOX.O..X,0,1.000000
.OOX.O..X,4,-1.000000
.OOX.O..X,6,-1.000000
.OOX.O..X,7,-1.000000
.OOX.O.X.,0,-1.000000
.OOX.O.X.,4,-1.000000
.OOX.O.X.,6,-1.000000
.OOX.O.X.,8,-1.000000
.OOX.O.XX,0,1.000000
.OOX.O.XX,4,-1.000000
.OOX.O.XX,6,1.000000
.OOX.OOXX,0,-1.000000
.OOX.OOXX,4,-1.000000
.OOX.OX..,0,1.000000
.OOX.OX..,4,-1.000000
.OOX.OX..,7,-1.000000
.OOX.OX..,8,-1.000000
.OOX.OX.X,0,1.000000
.OOX.OX.X,4,-1.000000
.OOX.OX.X,7,1.000000
.OOX.OXOX,0,1.000000
.OOX.OXOX,4,-1.000000
.OOX.OXX.,0,1.000000
.OOX.OXX.,4,-1.000000
.OOX.OXX.,8,1.000000
.OOX.X...,0,1.000000
.OOX.X...,4,1.000000
.OOX.X...,6,-1.000000
.OOX.X...,7,-1.000000
.OOX.X...,8,-1.000000
.OOX.X..O,0,1.000000
.OOX.X..O,4,1.000000
.OOX.X..O,6,-1.000000
.OOX.X..O,7,-1.000000
.OOX.X.O.,0,-1.000000
.OOX.X.O.,4,1.000000
.OOX.X.O.,6,-1.000000
.OOX.X.O.,8,-1.000000
.OOX.X.OX,0,-1.000000
.OOX.X.OX,4,1.000000
.OOX.X.OX,6,-1.000000
.OOX.X.XO,0,1.000000
.OOX.X.XO,4,1.000000
.OOX.X.XO,6,-1.000000
.OOX.XO..,0,-1.000000
.OOX.XO..,4,1.000000
.OOX.XO..,7,-1.000000
.OOX.XO..,8,-1.000000
.OOX.XO.X,0,-1.000000
.OOX.XO.X,4,1.000000
.OOX.XO.X,7,-1.000000
.OOX.XOOX,0,-1.000000
.OOX.XOOX,4,1.000000
.OOX.XOX.,0,-1.000000
.OOX.XOX.,4,1.000000
.OOX.XOX.,8,-1.000000
.OOX.XOXO,0,-1.000000
.OOX.XOXO,4,1.000000
.OOX.XX.O,0,1.000000
.OOX.XX.O,4,1.000000
.OOX.XX.O,7,-1.000000
.OOX.XXO.,0,1.000000
.OOX.XXO.,4,1.000000
.OOX.XXO.,8,-1.000000
.OOX.XXOO,0,1.000000
.OOX.XXOO,4,1.000000
.OOXO...X,0,-1.000000
.OOXO...X,5,-1.000000
.OOXO...X,6,-1.000000
.OOXO...X,7,-1.000000
.OOXO..X.,0,-1.000000
.OOXO..X.,5,-1.000000
.OOXO..X.,6,-1.000000
.OOXO..X.,8,-1.000000
.OOXO..XX,0,-1.000000
.OOXO..XX,5,-1.000000
.OOXO..XX,6,1.000000
.OOXO.X..,0,1.000000
.OOXO.X..,5,-1.000000
.OOXO.X..,7,-1.000000
.OOXO.X..,8,-1.000000
.OOXO.X.X,0,1.000000
.OOXO.X.X,5,-1.000000
.OOXO.X.X,7,1.000000
.OOXO.XX.,0,1.000000
.OOXO.XX.,5,-1.000000
.OOXO.XX.,8,1.000000
.OOXO.XXO,0,1.000000
.OOXO.XXO,5,-1.000000
.OOXOO.XX,0,-1.000000
.OOXOO.XX,6,1.000000
.OOXOOX.X,0,1.000000
.OOXOOX.X,7,1.000000
.OOXOOXX.,0,1.000000
.OOXOOXX.,8,1.000000
.OOXOX...,0,-1.000000
.OOXOX...,6,-1.000000
.OOXOX...,7,-1.000000
.OOXOX...,8,-1.000000
.OOXOX..X,0,-1.000000
.OOXOX..X,6,-1.000000
.OOXOX..X,7,-1.000000
.OOXOX.X.,0,-1.000000
.OOXOX.X.,6,-1.000000
.OOXOX.X.,8,-1.000000
.OOXOX.XO,0,-1.000000
.OOXOX.XO,6,-1.000000
.OOXOXX..,0,1.000000
.OOXOXX..,7,-1.000000
.OOXOXX..,8,-1.000000
.OOXOXX.O,0,1.000000
.OOXOXX.O,7,-1.000000
.OOXOXXXO,0,1.000000
.OOXX....,0,1.000000
.OOXX....,5,1.000000
.OOXX....,6,-1.000000
.OOXX....,7,-1.000000
.OOXX....,8,-1.000000
.OOXX...O,0,-1.000000
.OOXX...O,5,1.000000
.OOXX...O,6,-1.000000
.OOXX...O,7,-1.000000
.OOXX..O.,0,1.000000
.OOXX..O.,5,1.000000
.OOXX..O.,6,-1.000000
.OOXX..O.,8,-1.000000
.OOXX..OX,0,1.000000
.OOXX..OX,5,1.000000
.OOXX..OX,6,-1.000000
.OOXX..XO,0,-1.000000
.OOXX..XO,5,1.000000
.OOXX..XO,6,-1.000000
.OOXX.O..,0,1.000000
.OOXX.O..,5,1.000000
.OOXX.O..,7,-1.000000
.OOXX.O..,8,-1.000000
.OOXX.O.X,0,1.000000
.OOXX.O.X,5,1.000000
.OOXX.O.X,7,-1.000000
.OOXX.OOX,0,1.000000
.OOXX.OOX,5,1.000000
.OOXX.OX.,0,1.000000
.OOXX.OX.,5,1.000000
.OOXX.OX.,8,-1.000000
.OOXX.OXO,0,-1.000000
.OOXX.OXO,5,1.000000
.OOXX.X.O,0,1.000000
.OOXX.X.O,5,1.000000
.OOXX.X.O,7,-1.000000
.OOXX.XO.,0,1.000000
.OOXX.XO.,5,1.000000
.OOXX.XO.,8,-1.000000
.OOXX.XOO,0,1.000000
.OOXX.XOO,5,1.000000
.OOXXO...,0,-1.000000
.OOXXO...,6,-1.000000
.OOXXO...,7,-1.000000
.OOXXO...,8,-1.000000
.OOXXO..X,0,1.000000
.OOXXO..X,6,-1.000000
.OOXXO..X,7,-1.000000
.OOXXO.OX,0,1.000000
.OOXXO.OX,6,-1.000000
.OOXXO.X.,0,-1.000000
.OOXXO.X.,6,-1.000000
.OOXXO.X.,8,-1.000000
.OOXXOO.X,0,1.000000
.OOXXOO.X,7,-1.000000
.OOXXOOX.,0,-1.000000
.OOXXOOX.,8,-1.000000
.OOXXOOXX,0,1.000000
.OOXXOX..,0,1.000000
.OOXXOX..,7,-1.000000
.OOXXOX..,8,-1.000000
.OOXXOXO.,0,1.000000
.OOXXOXO.,8,-1.000000
.OOXXOXOX,0,1.000000
.OX......,0,0.000000
.OX......,3,0.000000
.OX......,4,1.000000
.OX......,5,1.000000
.OX......,6,0.000000
.OX......,7,0.000000
.OX......,8,1.000000
.OX.....O,0,-1.000000
.OX.....O,3,-1.000000
.OX.....O,4,-0.000000
.OX.....O,5,-1.000000
.OX.....O,6,-1.000000
.OX.....O,7,-0.000000
.OX....O.,0,-1.000000
.OX....O.,3,-1.000000
.OX....O.,4,1.000000
.OX....O.,5,-1.000000
.OX....O.,6,-1.000000
.OX....O.,8,-1.000000
.OX....OX,0,-1.000000
.OX....OX,3,-1.000000
.OX....OX,4,1.000000
.OX....OX,5,1.000000
.OX....OX,6,-1.000000
.OX....XO,0,0.000000
.OX....XO,3,0.000000
.OX....XO,4,0.000000
.OX....XO,5,0.000000
.OX....XO,6,0.000000
.OX...O..,0,-1.000000
.OX...O..,3,-1.000000
.OX...O..,4,-0.000000
.OX...O..,5,-1.000000
.OX...O..,7,-0.000000
.OX...O..,8,-0.000000
.OX...O.X,0,1.000000
.OX...O.X,3,0.000000
.OX...O.X,4,1.000000
.OX...O.X,5,1.000000
.OX...O.X,7,0.000000
.OX...OOX,0,-1.000000
.OX...OOX,3,-1.000000
.OX...OOX,4,1.000000
.OX...OOX,5,1.000000
.OX...OX.,0,0.000000
.OX...OX.,3,0.000000
.OX...OX.,4,0.000000
.OX...OX.,5,0.000000
.OX...OX.,8,0.000000
.OX...OXO,0,-0.000000
.OX...OXO,3,-0.000000
.OX...OXO,4,-0.000000
.OX...OXO,5,-1.000000
.OX...X.O,0,1.000000
.OX...X.O,3,1.000000
.OX...X.O,4,1.000000
.OX...X.O,5,-1.000000
.OX...X.O,7,0.000000
.OX...XO.,0,-1.000000
.OX...XO.,3,-1.000000
.OX...XO.,4,1.000000
.OX...XO.,5,-1.000000
.OX...XO.,8,-1.000000
.OX...XOO,0,-1.000000
.OX...XOO,3,-1.000000
.OX...XOO,4,1.000000
.OX...XOO,5,-1.000000
.OX..O...,0,-1.000000
.OX..O...,3,-0.000000
.OX..O...,4,-0.000000
.OX..O...,6,-1.000000
.OX..O...,7,-0.000000
.OX..O...,8,-1.000000
.OX..O..X,0,-1.000000
.OX..O..X,3,0.000000
.OX..O..X,4,1.000000
.OX..O..X,6,1.000000
.OX..O..X,7,0.000000
.OX..O.OX,0,-1.000000
.OX..O.OX,3,-1.000000
.OX..O.OX,4,1.000000
.OX..O.OX,6,-1.000000
.OX..O.X.,0,0.000000
.OX..O.X.,3,0.000000
.OX..O.X.,4,0.000000
.OX..O.X.,6,1.000000
.OX..O.X.,8,0.000000
.OX..O.XO,0,-0.000000
.OX..O.XO,3,-0.000000
.OX..O.XO,4,-0.000000
.OX..O.XO,6,-1.000000
.OX..OO.X,0,-1.000000
.OX..OO.X,3,-0.000000
.OX..OO.X,4,-0.000000
.OX..OO.X,7,-1.000000
.OX..OOX.,0,-0.000000
.OX..OOX.,3,-0.000000
.OX..OOX.,4,-0.000000
.OX..OOX.,8,-1.000000
.OX..OOXX,0,0.000000
.OX..OOXX,3,0.000000
.OX..OOXX,4,0.000000
.OX..OX..,0,1.000000
.OX..OX..,3,1.000000
.OX..OX..,4,1.000000
.OX..OX..,7,1.000000
.OX..OX..,8,1.000000
.OX..OX.O,0,1.000000
.OX..OX.O,3,1.000000
.OX..OX.O,4,1.000000
.OX..OX.O,7,-1.000000
.OX..OXO.,0,-1.000000
.OX..OXO.,3,-1.000000
.OX..OXO.,4,1.000000
.OX..OXO.,8,-1.000000
.OX..OXOX,0,-1.000000
.OX..OXOX,3,-1.000000
.OX..OXOX,4,1.000000
.OX..OXXO,0,1.000000
.OX..OXXO,3,1.000000
.OX..OXXO,4,1.000000
.OX..X..O,0,-1.000000
.OX..X..O,3,-1.000000
.OX..X..O,4,1.000000
.OX..X..O,6,-1.000000
.OX..X..O,7,0.000000
.OX..X.O.,0,-1.000000
.OX..X.O.,3,-1.000000
.OX..X.O.,4,1.000000
.OX..X.O.,6,-1.000000
.OX..X.O.,8,1.000000
.OX..X.OO,0,-1.000000
.OX..X.OO,3,-1.000000
.OX..X.OO,4,-1.000000
.OX..X.OO,6,-1.000000
.OX..XO..,0,0.000000
.OX..XO..,3,1.000000
.OX..XO..,4,1.000000
.OX..XO..,7,0.000000
.OX..XO..,8,1.000000
.OX..XO.O,0,-1.000000
.OX..XO.O,3,-1.000000
.OX..XO.O,4,-1.000000
.OX..XO.O,7,-1.000000
.OX..XOO.,0,-1.000000
.OX..XOO.,3,-1.000000
.OX..XOO.,4,-1.000000
.OX..XOO.,8,1.000000
.OX..XOXO,0,0.000000
.OX..XOXO,3,0.000000
.OX..XOXO,4,0.000000
.OX..XXOO,0,-1.000000
.OX..XXOO,3,-1.000000
.OX..XXOO,4,1.000000
.OX.O....,0,-1.000000
.OX.O....,3,-1.000000
.OX.O....,5,-1.000000
.OX.O....,6,-1.000000
.OX.O....,7,-0.000000
.OX.O....,8,-1.000000
.OX.O...X,0,-1.000000
.OX.O...X,3,-1.000000
.OX.O...X,5,1.000000
.OX.O...X,6,-1.000000
.OX.O...X,7,1.000000
.OX.O..X.,0,0.000000
.OX.O..X.,3,0.000000
.OX.O..X.,5,0.000000
.OX.O..X.,6,0.000000
.OX.O..X.,8,1.000000
.OX.O..XO,0,-0.000000
.OX.O..XO,3,-1.000000
.OX.O..XO,5,-1.000000
.OX.O..XO,6,-1.000000
.OX.O.O.X,0,-1.000000
.OX.O.O.X,3,-1.000000
.OX.O.O.X,5,1.000000
.OX.O.O.X,7,-0.000000
.OX.O.OX.,0,-0.000000
.OX.O.OX.,3,-0.000000
.OX.O.OX.,5,-0.000000
.OX.O.OX.,8,-0.000000
.OX.O.OXX,0,0.000000
.OX.O.OXX,3,0.000000
.OX.O.OXX,5,1.000000
.OX.O.X..,0,-1.000000
.OX.O.X..,3,-1.000000
.OX.O.X..,5,-1.000000
.OX.O.X..,7,0.000000
.OX.O.X..,8,-1.000000
.OX.O.X.O,0,-1.000000
.OX.O.X.O,3,-1.000000
.OX.O.X.O,5,-1.000000
.OX.O.X.O,7,-1.000000
.OX.O.XXO,0,0.000000
.OX.O.XXO,3,-1.000000
.OX.O.XXO,5,-1.000000
.OX.OO..X,0,-1.000000
.OX.OO..X,3,-1.000000
.OX.OO..X,6,-1.000000
.OX.OO..X,7,-1.000000
.OX.OO.X.,0,-1.000000
.OX.OO.X.,3,-0.000000
.OX.OO.X.,6,-1.000000
.OX.OO.X.,8,-1.000000
.OX.OO.XX,0,-1.000000
.OX.OO.XX,3,0.000000
.OX.OO.XX,6,1.000000
.OX.OOOXX,0,-1.000000
.OX.OOOXX,3,-0.000000
.OX.OOX..,0,-1.000000
.OX.OOX..,3,-1.000000
.OX.OOX..,7,-1.000000
.OX.OOX..,8,-1.000000
.OX.OOX.X,0,-1.000000
.OX.OOX.X,3,-1.000000
.OX.OOX.X,7,1.000000
.OX.OOXX.,0,-1.000000
.OX.OOXX.,3,1.000000
.OX.OOXX.,8,1.000000
.OX.OOXXO,0,-1.000000
.OX.OOXXO,3,-1.000000
.OX.OX...,0,-1.000000
.OX.OX...,3,-1.000000
.OX.OX...,6,-1.000000
.OX.OX...,7,0.000000
.OX.OX...,8,1.000000
.OX.OX..O,0,-1.000000
.OX.OX..O,3,-1.000000
.OX.OX..O,6,-1.000000
.OX.OX..O,7,-1.000000
.OX.OX.XO,0,0.000000
.OX.OX.XO,3,-1.000000
.OX.OX.XO,6,-1.000000
.OX.OXO..,0,-1.000000
.OX.OXO..,3,-1.000000
.OX.OXO..,7,-0.000000
.OX.OXO..,8,1.000000
.OX.OXOX.,0,0.000000
.OX.OXOX.,3,0.000000
.OX.OXOX.,8,1.000000
.OX.OXOXO,0,-0.000000
.OX.OXOXO,3,-1.000000
.OX.OXX.O,0,-1.000000
.OX.OXX.O,3,-1.000000
.OX.OXX.O,7,-1.000000
.OX.X...O,0,0.000000
.OX.X...O,3,1.000000
.OX.X...O,5,1.000000
.OX.X...O,6,1.000000
.OX.X...O,7,0.000000
.OX.X..O.,0,1.000000
.OX.X..O.,3,1.000000
.OX.X..O.,5,1.000000
.OX.X..O.,6,1.000000
.OX.X..O.,8,1.000000
.OX.X..OO,0,-1.000000
.OX.X..OO,3,-1.000000
.OX.X..OO,5,-1.000000
.OX.X..OO,6,1.000000
.OX.X.O..,0,0.000000
.OX.X.O..,3,0.000000
.OX.X.O..,5,1.000000
.OX.X.O..,7,0.000000
.OX.X.O..,8,1.000000
.OX.X.O.O,0,-1.000000
.OX.X.O.O,3,-1.000000
.OX.X.O.O,5,-1.000000
.OX.X.O.O,7,-0.000000
.OX.X.OO.,0,-1.000000
.OX.X.OO.,3,-1.000000
.OX.X.OO.,5,-1.000000
.OX.X.OO.,8,1.000000
.OX.X.OOX,0,1.000000
.OX.X.OOX,3,1.000000
.OX.X.OOX,5,1.000000
.OX.X.OXO,0,0.000000
.OX.X.OXO,3,0.000000
.OX.X.OXO,5,0.000000
.OX.XO...,0,1.000000
.OX.XO...,3,0.000000
.OX.XO...,6,1.000000
.OX.XO...,7,0.000000
.OX.XO...,8,1.000000
.OX.XO..O,0,-0.000000
.OX.XO..O,3,-0.000000
.OX.XO..O,6,1.000000
.OX.XO..O,7,-0.000000
.OX.XO.O.,0,1.000000
.OX.XO.O.,3,-0.000000
.OX.XO.O.,6,1.000000
.OX.XO.O.,8,1.000000
.OX.XO.OX,0,1.000000
.OX.XO.OX,3,1.000000
.OX.XO.OX,6,1.000000
.OX.XO.XO,0,0.000000
.OX.XO.XO,3,0.000000
.OX.XO.XO,6,1.000000
.OX.XOO..,0,-0.000000
.OX.XOO..,3,-0.000000
.OX.XOO..,7,-0.000000
.OX.XOO..,8,-0.000000
.OX.XOO.X,0,1.000000
.OX.XOO.X,3,0.000000
.OX.XOO.X,7,0.000000
.OX.XOOOX,0,1.000000
.OX.XOOOX,3,-0.000000
.OX.XOOX.,0,0.000000
.OX.XOOX.,3,0.000000
.OX.XOOX.,8,0.000000
.OX.XOOXO,0,-0.000000
.OX.XOOXO,3,-0.000000
.OX.XX.OO,0,-1.000000
.OX.XX.OO,3,1.000000
.OX.XX.OO,6,1.000000
.OX.XXO.O,0,-1.000000
.OX.XXO.O,3,1.000000
.OX.XXO.O,7,0.000000
.OX.XXOO.,0,-1.000000
.OX.XXOO.,3,1.000000
.OX.XXOO.,8,1.000000
.OXO.....,0,-1.000000
.OXO.....,4,-0.000000
.OXO.....,5,-1.000000
.OXO.....,6,-1.000000
.OXO.....,7,-0.000000
.OXO.....,8,1.000000
.OXO....X,0,1.000000
.OXO....X,4,1.000000
.OXO....X,5,1.000000
.OXO....X,6,1.000000
.OXO....X,7,1.000000
.OXO...OX,0,-1.000000
.OXO...OX,4,1.000000
.OXO...OX,5,1.000000
.OXO...OX,6,-1.000000
.OXO...X.,0,0.000000
.OXO...X.,4,0.000000
.OXO...X.,5,0.000000
.OXO...X.,6,1.000000
.OXO...X.,8,1.000000
.OXO...XO,0,-0.000000
.OXO...XO,4,-0.000000
.OXO...XO,5,-1.000000
.OXO...XO,6,-1.000000
.OXO..O.X,0,1.000000
.OXO..O.X,4,-1.000000
.OXO..O.X,5,1.000000
.OXO..O.X,7,-1.000000
.OXO..OX.,0,-0.000000
.OXO..OX.,4,-1.000000
.OXO..OX.,5,-1.000000
.OXO..OX.,8,-1.000000
.OXO..OXX,0,1.000000
.OXO..OXX,4,-1.000000
.OXO..OXX,5,1.000000
.OXO..X..,0,-1.000000
.OXO..X..,4,1.000000
.OXO..X..,5,1.000000
.OXO..X..,7,1.000000
.OXO..X..,8,1.000000
.OXO..X.O,0,-1.000000
.OXO..X.O,4,1.000000
.OXO..X.O,5,-1.000000
.OXO..X.O,7,-1.000000
.OXO..XO.,0,-1.000000
.OXO..XO.,4,1.000000
.OXO..XO.,5,-1.000000
.OXO..XO.,8,-1.000000
.OXO..XOX,0,-1.000000
.OXO..XOX,4,1.000000
.OXO..XOX,5,1.000000
.OXO..XXO,0,0.000000
.OXO..XXO,4,1.000000
.OXO..XXO,5,0.000000
.OXO.O..X,0,-1.000000
.OXO.O..X,4,1.000000
.OXO.O..X,6,-1.000000
.OXO.O..X,7,-1.000000
.OXO.O.X.,0,-1.000000
.OXO.O.X.,4,-0.000000
.OXO.O.X.,6,-1.000000
.OXO.O.X.,8,-1.000000
.OXO.O.XX,0,-1.000000
.OXO.O.XX,4,1.000000
.OXO.O.XX,6,1.000000
.OXO.OOXX,0,-1.000000
.OXO.OOXX,4,-1.000000
.OXO.OX..,0,-1.000000
.OXO.OX..,4,1.000000
.OXO.OX..,7,-1.000000
.OXO.OX..,8,-1.000000
.OXO.OX.X,0,-1.000000
.OXO.OX.X,4,1.000000
.OXO.OX.X,7,1.000000
.OXO.OXOX,0,-1.000000
.OXO.OXOX,4,1.000000
.OXO.OXX.,0,-1.000000
.OXO.OXX.,4,1.000000
.OXO.OXX.,8,1.000000
.OXO.OXXO,0,-1.000000
.OXO.OXXO,4,1.000000
.OXO.X...,0,0.000000
.OXO.X...,4,1.000000
.OXO.X...,6,1.000000
.OXO.X...,7,0.000000
.OXO.X...,8,1.000000
.OXO.X..O,0,-1.000000
.OXO.X..O,4,-1.000000
.OXO.X..O,6,-1.000000
.OXO.X..O,7,-1.000000
.OXO.X.O.,0,-1.000000
.OXO.X.O.,4,1.000000
.OXO.X.O.,6,-1.000000
.OXO.X.O.,8,1.000000
.OXO.X.XO,0,0.000000
.OXO.X.XO,4,0.000000
.OXO.X.XO,6,0.000000
.OXO.XO..,0,-0.000000
.OXO.XO..,4,-1.000000
.OXO.XO..,7,-1.000000
.OXO.XO..,8,1.000000
.OXO.XOX.,0,0.000000
.OXO.XOX.,4,-1.000000
.OXO.XOX.,8,1.000000
.OXO.XOXO,0,-0.000000
.OXO.XOXO,4,-1.000000
.OXO.XX.O,0,0.000000
.OXO.XX.O,4,1.000000
.OXO.XX.O,7,0.000000
.OXO.XXO.,0,-1.000000
.OXO.XXO.,4,1.000000
.OXO.XXO.,8,1.000000
.OXO.XXOO,0,-1.000000
.OXO.XXOO,4,1.000000
.OXOO...X,0,-1.000000
.OXOO...X,5,1.000000
.OXOO...X,6,-1.000000
.OXOO...X,7,-1.000000
.OXOO..X.,0,-1.000000
.OXOO..X.,5,-0.000000
.OXOO..X.,6,-1.000000
.OXOO..X.,8,-1.000000
.OXOO..XX,0,-1.000000
.OXOO..XX,5,1.000000
.OXOO..XX,6,1.000000
.OXOO.OXX,0,-1.000000
.OXOO.OXX,5,1.000000
.OXOO.X..,0,-1.000000
.OXOO.X..,5,-1.000000
.OXOO.X..,7,-1.000000
.OXOO.X..,8,-1.000000
.OXOO.X.X,0,-1.000000
.OXOO.X.X,5,1.000000
.OXOO.X.X,7,1.000000
.OXOO.XX.,0,-1.000000
.OXOO.XX.,5,0.000000
.OXOO.XX.,8,1.000000
.OXOO.XXO,0,-1.000000
.OXOO.XXO,5,-1.000000
.OXOOX...,0,-1.000000
.OXOOX...,6,-1.000000
.OXOOX...,7,-0.000000
.OXOOX...,8,1.000000
.OXOOX.X.,0,0.000000
.OXOOX.X.,6,0.000000
.OXOOX.X.,8,1.000000
.OXOOX.XO,0,-0.000000
.OXOOX.XO,6,-1.000000
.OXOOXOX.,0,-0.000000
.OXOOXOX.,8,1.000000
.OXOOXX..,0,-1.000000
.OXOOXX..,7,0.000000
.OXOOXX..,8,1.000000
.OXOOXX.O,0,-1.000000
.OXOOXX.O,7,-1.000000
.OXOOXXXO,0,0.000000
.OXOX....,0,1.000000
.OXOX....,5,1.000000
.OXOX....,6,1.000000
.OXOX....,7,0.000000
.OXOX....,8,1.000000
.OXOX...O,0,-0.000000
.OXOX...O,5,-1.000000
.OXOX...O,6,1.000000
.OXOX...O,7,-0.000000
.OXOX..O.,0,1.000000
.OXOX..O.,5,1.000000
.OXOX..O.,6,1.000000
.OXOX..O.,8,1.000000
.OXOX..OX,0,1.000000
.OXOX..OX,5,1.000000
.OXOX..OX,6,1.000000
.OXOX..XO,0,0.000000
.OXOX..XO,5,0.000000
.OXOX..XO,6,1.000000
.OXOX.O..,0,-0.000000
.OXOX.O..,5,-1.000000
.OXOX.O..,7,-1.000000
.OXOX.O..,8,-1.000000
.OXOX.O.X,0,1.000000
.OXOX.O.X,5,1.000000
.OXOX.O.X,7,-1.000000
.OXOX.OOX,0,1.000000
.OXOX.OOX,5,1.000000
.OXOX.OX.,0,0.000000
.OXOX.OX.,5,-1.000000
.OXOX.OX.,8,-1.000000
.OXOX.OXO,0,-0.000000
.OXOX.OXO,5,-1.000000
.OXOXO...,0,1.000000
.OXOXO...,6,1.000000
.OXOXO...,7,-0.000000
.OXOXO...,8,1.000000
.OXOXO..X,0,1.000000
.OXOXO..X,6,1.000000
.OXOXO..X,7,1.000000
.OXOXO.OX,0,1.000000
.OXOXO.OX,6,1.000000
.OXOXO.X.,0,1.000000
.OXOXO.X.,6,1.000000
.OXOXO.X.,8,1.000000
.OXOXO.XO,0,-0.000000
.OXOXO.XO,6,1.000000
.OXOXOO.X,0,1.000000
.OXOXOO.X,7,-1.000000
.OXOXOOX.,0,-0.000000
.OXOXOOX.,8,-1.000000
.OXOXOOXX,0,1.000000
.OXOXX..O,0,0.000000
.OXOXX..O,6,1.000000
.OXOXX..O,7,0.000000
.OXOXX.O.,0,1.000000
.OXOXX.O.,6,1.000000
.OXOXX.O.,8,1.000000
.OXOXX.OO,0,-1.000000
.OXOXX.OO,6,1.000000
.OXOXXO..,0,0.000000
.OXOXXO..,7,-1.000000
.OXOXXO..,8,1.000000
.OXOXXO.O,0,-1.000000
.OXOXXO.O,7,-1.000000
.OXOXXOO.,0,-1.000000
.OXOXXOO.,8,1.000000
.OXOXXOXO,0,0.000000
.OXX....O,0,0.000000
.OXX....O,4,1.000000
.OXX....O,5,-1.000000
.OXX....O,6,1.000000
.OXX....O,7,0.000000
.OXX...O.,0,-1.000000
.OXX...O.,4,1.000000
.OXX...O.,5,-1.000000
.OXX...O.,6,-1.000000
.OXX...O.,8,-1.000000
.OXX...OO,0,-1.000000
.OXX...OO,4,-1.000000
.OXX...OO,5,-1.000000
.OXX...OO,6,-1.000000
.OXX..O..,0,-1.000000
.OXX..O..,4,0.000000
.OXX..O..,5,1.000000
.OXX..O..,7,0.000000
.OXX..O..,8,0.000000
.OXX..O.O,0,-1.000000
.OXX..O.O,4,-1.000000
.OXX..O.O,5,-1.000000
.OXX..O.O,7,-0.000000
.OXX..OO.,0,-1.000000
.OXX..OO.,4,-1.000000
.OXX..OO.,5,-1.000000
.OXX..OO.,8,-1.000000
.OXX..OOX,0,-1.000000
.OXX..OOX,4,1.000000
.OXX..OOX,5,1.000000
.OXX..OXO,0,0.000000
.OXX..OXO,4,0.000000
.OXX..OXO,5,0.000000
.OXX..XOO,0,1.000000
.OXX..XOO,4,1.000000
.OXX..XOO,5,-1.000000
.OXX.O...,0,0.000000
.OXX.O...,4,0.000000
.OXX.O...,6,1.000000
.OXX.O...,7,0.000000
.OXX.O...,8,0.000000
.OXX.O..O,0,-0.000000
.OXX.O..O,4,-0.000000
.OXX.O..O,6,1.000000
.OXX.O..O,7,-0.000000
.OXX.O.O.,0,-1.000000
.OXX.O.O.,4,-0.000000
.OXX.O.O.,6,-1.000000
.OXX.O.O.,8,-1.000000
.OXX.O.OX,0,-1.000000
.OXX.O.OX,4,1.000000
.OXX.O.OX,6,-1.000000
.OXX.O.XO,0,0.000000
.OXX.O.XO,4,0.000000
.OXX.O.XO,6,1.000000
.OXX.OO..,0,-1.000000
.OXX.OO..,4,-0.000000
.OXX.OO..,7,-0.000000
.OXX.OO..,8,-0.000000
.OXX.OO.X,0,0.000000
.OXX.OO.X,4,0.000000
.OXX.OO.X,7,0.000000
.OXX.OOOX,0,-1.000000
.OXX.OOOX,4,-0.000000
.OXX.OOX.,0,0.000000
.OXX.OOX.,4,0.000000
.OXX.OOX.,8,0.000000
.OXX.OOXO,0,-0.000000
.OXX.OOXO,4,-0.000000
.OXX.OX.O,0,1.000000
.OXX.OX.O,4,1.000000
.OXX.OX.O,7,1.000000
.OXX.OXO.,0,1.000000
.OXX.OXO.,4,1.000000
.OXX.OXO.,8,-1.000000
.OXX.OXOO,0,1.000000
.OXX.OXOO,4,1.000000
.OXX.X.OO,0,-1.000000
.OXX.X.OO,4,1.000000
.OXX.X.OO,6,-1.000000
.OXX.XO.O,0,-1.000000
.OXX.XO.O,4,1.000000
.OXX.XO.O,7,0.000000
.OXX.XOO.,0,-1.000000
.OXX.XOO.,4,1.000000
.OXX.XOO.,8,1.000000
.OXXO....,0,-1.000000
.OXXO....,5,-1.000000
.OXXO....,6,-1.000000
.OXXO....,7,0.000000
.OXXO....,8,-1.000000
.OXXO...O,0,-1.000000
.OXXO...O,5,-1.000000
.OXXO...O,6,-1.000000
.OXXO...O,7,-1.000000
.OXXO..XO,0,0.000000
.OXXO..XO,5,-1.000000
.OXXO..XO,6,-1.000000
.OXXO.O..,0,-1.000000
.OXXO.O..,5,-1.000000
.OXXO.O..,7,-0.000000
.OXXO.O..,8,-1.000000
.OXXO.O.X,0,-1.000000
.OXXO.O.X,5,1.000000
.OXXO.O.X,7,0.000000
.OXXO.OX.,0,0.000000
.OXXO.OX.,5,0.000000
.OXXO.OX.,8,0.000000
.OXXO.OXO,0,-0.000000
.OXXO.OXO,5,-1.000000
.OXXO.X.O,0,1.000000
.OXXO.X.O,5,-1.000000
.OXXO.X.O,7,-1.000000
.OXXOO...,0,-1.000000
.OXXOO...,6,-1.000000
.OXXOO...,7,-0.000000
.OXXOO...,8,-1.000000
.OXXOO..X,0,-1.000000
.OXXOO..X,6,-1.000000
.OXXOO..X,7,0.000000
.OXXOO.X.,0,0.000000
.OXXOO.X.,6,1.000000
.OXXOO.X.,8,0.000000
.OXXOO.XO,0,-0.000000
.OXXOO.XO,6,-1.000000
.OXXOOO.X,0,-1.000000
.OXXOOO.X,7,-0.000000
.OXXOOOX.,0,-0.000000
.OXXOOOX.,8,-0.000000
.OXXOOOXX,0,0.000000
.OXXOOX..,0,1.000000
.OXXOOX..,7,1.000000
.OXXOOX..,8,-1.000000
.OXXOOX.O,0,1.000000
.OXXOOX.O,7,-1.000000
.OXXOOXXO,0,1.000000
.OXXOX..O,0,-1.000000
.OXXOX..O,6,-1.000000
.OXXOX..O,7,-1.000000
.OXXOXO..,0,-1.000000
.OXXOXO..,7,0.000000
.OXXOXO..,8,1.000000
.OXXOXO.O,0,-1.000000
.OXXOXO.O,7,-1.000000
.OXXOXOXO,0,0.000000
.OXXX..OO,0,-1.000000
.OXXX..OO,5,1.000000
.OXXX..OO,6,1.000000
.OXXX.O.O,0,-1.000000
.OXXX.O.O,5,1.000000
.OXXX.O.O,7,0.000000
.OXXX.OO.,0,-1.000000
.OXXX.OO.,5,1.000000
.OXXX.OO.,8,1.000000
.OXXXO..O,0,0.000000
.OXXXO..O,6,1.000000
.OXXXO..O,7,0.000000
.OXXXO.O.,0,1.000000
.OXXXO.O.,6,1.000000
.OXXXO.O.,8,1.000000
.OXXXO.OO,0,-1.000000
.OXXXO.OO,6,1.000000
.OXXXOO..,0,0.000000
.OXXXOO..,7,0.000000
.OXXXOO..,8,0.000000
.OXXXOO.O,0,-1.000000
.OXXXOO.O,7,-0.000000
.OXXXOOO.,0,-1.000000
.OXXXOOO.,8,-0.000000
.OXXXOOOX,0,1.000000
.OXXXOOXO,0,0.000000
.X......O,0,-1.000000
.X......O,2,1.000000
.X......O,3,-1.000000
.X......O,4,0.000000
.X......O,5,-1.000000
.X......O,6,0.000000
.X......O,7,-1.000000
.X.....O.,0,0.000000
.X.....O.,2,0.000000
.X.....O.,3,0.000000
.X.....O.,4,0.000000
.X.....O.,5,0.000000
.X.....O.,6,0.000000
.X.....O.,8,0.000000
.X.....OO,0,-1.000000
.X.....OO,2,-1.000000
.X.....OO,3,-1.000000
.X.....OO,4,-1.000000
.X.....OO,5,-1.000000
.X.....OO,6,-0.000000
.X....O..,0,1.000000
.X....O..,2,-1.000000
.X....O..,3,-1.000000
.X....O..,4,0.000000
.X....O..,5,-1.000000
.X....O..,7,-1.000000
.X....O..,8,0.000000
.X....O.O,0,-1.000000
.X....O.O,2,-1.000000
.X....O.O,3,-1.000000
.X....O.O,4,-1.000000
.X....O.O,5,-1.000000
.X....O.O,7,-1.000000
.X....OO.,0,-1.000000
.X....OO.,2,-1.000000
.X....OO.,3,-1.000000
.X....OO.,4,-1.000000
.X....OO.,5,-1.000000
.X....OO.,8,-0.000000
.X....OOX,0,1.000000
.X....OOX,2,1.000000
.X....OOX,3,1.000000
.X....OOX,4,0.000000
.X....OOX,5,1.000000
.X....OXO,0,1.000000
.X....OXO,2,1.000000
.X....OXO,3,-1.000000
.X....OXO,4,1.000000
.X....OXO,5,-1.000000
.X....XOO,0,1.000000
.X....XOO,2,1.000000
.X....XOO,3,1.000000
.X....XOO,4,0.000000
.X....XOO,5,1.000000
.X...O...,0,-1.000000
.X...O...,2,1.000000
.X...O...,3,0.000000
.X...O...,4,1.000000
.X...O...,6,0.000000
.X...O...,7,-1.000000
.X...O...,8,0.000000
.X...O..O,0,-1.000000
.X...O..O,2,1.000000
.X...O..O,3,-1.000000
.X...O..O,4,-1.000000
.X...O..O,6,-1.000000
.X...O..O,7,-1.000000
.X...O.O.,0,-1.000000
.X...O.O.,2,-1.000000
.X...O.O.,3,-1.000000
.X...O.O.,4,-1.000000
.X...O.O.,6,-0.000000
.X...O.O.,8,-0.000000
.X...O.OX,0,1.000000
.X...O.OX,2,0.000000
.X...O.OX,3,0.000000
.X...O.OX,4,0.000000
.X...O.OX,6,0.000000
.X...O.XO,0,-1.000000
.X...O.XO,2,1.000000
.X...O.XO,3,-1.000000
.X...O.XO,4,1.000000
.X...O.XO,6,-1.000000
.X...OO..,0,-1.000000
.X...OO..,2,-1.000000
.X...OO..,3,-1.000000
.X...OO..,4,-0.000000
.X...OO..,7,-1.000000
.X...OO..,8,-1.000000
.X...OO.X,0,1.000000
.X...OO.X,2,0.000000
.X...OO.X,3,0.000000
.X...OO.X,4,1.000000
.X...OO.X,7,-1.000000
.X...OOOX,0,1.000000
.X...OOOX,2,-0.000000
.X...OOOX,3,-0.000000
.X...OOOX,4,-0.000000
.X...OOX.,0,1.000000
.X...OOX.,2,1.000000
.X...OOX.,3,0.000000
.X...OOX.,4,1.000000
.X...OOX.,8,-1.000000
.X...OOXO,0,-1.000000
.X...OOXO,2,1.000000
.X...OOXO,3,-1.000000
.X...OOXO,4,1.000000
.X...OX.O,0,-1.000000
.X...OX.O,2,1.000000
.X...OX.O,3,-1.000000
.X...OX.O,4,-1.000000
.X...OX.O,7,-1.000000
.X...OXO.,0,1.000000
.X...OXO.,2,1.000000
.X...OXO.,3,0.000000
.X...OXO.,4,0.000000
.X...OXO.,8,0.000000
.X...OXOO,0,-1.000000
.X...OXOO,2,1.000000
.X...OXOO,3,-1.000000
.X...OXOO,4,-1.000000
.X...X.OO,0,-1.000000
.X...X.OO,2,-1.000000
.X...X.OO,3,-1.000000
.X...X.OO,4,-1.000000
.X...X.OO,6,1.000000
.X...XO.O,0,-1.000000
.X...XO.O,2,-1.000000
.X...XO.O,3,-1.000000
.X...XO.O,4,-1.000000
.X...XO.O,7,-1.000000
.X...XOO.,0,-1.000000
.X...XOO.,2,-1.000000
.X...XOO.,3,-1.000000
.X...XOO.,4,-1.000000
.X...XOO.,8,1.000000
.X..O....,0,0.000000
.X..O....,2,0.000000
.X..O....,3,0.000000
.X..O....,5,0.000000
.X..O....,6,0.000000
.X..O....,7,-1.000000
.X..O....,8,0.000000
.X..O...O,0,-1.000000
.X..O...O,2,-1.000000
.X..O...O,3,-1.000000
.X..O...O,5,-1.000000
.X..O...O,6,-1.000000
.X..O...O,7,-1.000000
.X..O..O.,0,-0.000000
.X..O..O.,2,-0.000000
.X..O..O.,3,-1.000000
.X..O..O.,5,-1.000000
.X..O..O.,6,-0.000000
.X..O..O.,8,-0.000000
.X..O..OX,0,0.000000
.X..O..OX,2,1.000000
.X..O..OX,3,0.000000
.X..O..OX,5,0.000000
.X..O..OX,6,0.000000
.X..O..XO,0,-1.000000
.X..O..XO,2,-1.000000
.X..O..XO,3,-1.000000
.X..O..XO,5,-1.000000
.X..O..XO,6,-1.000000
.X..O.O..,0,-1.000000
.X..O.O..,2,-1.000000
.X..O.O..,3,-1.000000
.X..O.O..,5,-1.000000
.X..O.O..,7,-1.000000
.X..O.O..,8,-1.000000
.X..O.O.X,0,-1.000000
.X..O.O.X,2,1.000000
.X..O.O.X,3,-1.000000
.X..O.O.X,5,-1.000000
.X..O.O.X,7,-1.000000
.X..O.OOX,0,-1.000000
.X..O.OOX,2,1.000000
.X..O.OOX,3,-1.000000
.X..O.OOX,5,-1.000000
.X..O.OX.,0,-1.000000
.X..O.OX.,2,-1.000000
.X..O.OX.,3,-1.000000
.X..O.OX.,5,-1.000000
.X..O.OX.,8,-1.000000
.X..O.OXO,0,-1.000000
.X..O.OXO,2,-1.000000
.X..O.OXO,3,-1.000000
.X..O.OXO,5,-1.000000
.X..O.X.O,0,1.000000
.X..O.X.O,2,-1.000000
.X..O.X.O,3,-1.000000
.X..O.X.O,5,-1.000000
.X..O.X.O,7,-1.000000
.X..O.XO.,0,1.000000
.X..O.XO.,2,0.000000
.X..O.XO.,3,0.000000
.X..O.XO.,5,0.000000
.X..O.XO.,8,0.000000
.X..O.XOO,0,1.000000
.X..O.XOO,2,-1.000000
.X..O.XOO,3,-1.000000
.X..O.XOO,5,-1.000000
.X..OO...,0,-1.000000
.X..OO...,2,-1.000000
.X..OO...,3,-1.000000
.X..OO...,6,-1.000000
.X..OO...,7,-1.000000
.X..OO...,8,-1.000000
.X..OO..X,0,-1.000000
.X..OO..X,2,-1.000000
.X..OO..X,3,0.000000
.X..OO..X,6,-1.000000
.X..OO..X,7,-1.000000
.X..OO.OX,0,-1.000000
.X..OO.OX,2,-1.000000
.X..OO.OX,3,-0.000000
.X..OO.OX,6,-1.000000
.X..OO.X.,0,-1.000000
.X..OO.X.,2,-1.000000
.X..OO.X.,3,-1.000000
.X..OO.X.,6,-1.000000
.X..OO.X.,8,-1.000000
.X..OO.XO,0,-1.000000
.X..OO.XO,2,-1.000000
.X..OO.XO,3,-1.000000
.X..OO.XO,6,-1.000000
.X..OOO.X,0,-1.000000
.X..OOO.X,2,-1.000000
.X..OOO.X,3,-1.000000
.X..OOO.X,7,-1.000000
.X..OOOX.,0,-1.000000
.X..OOOX.,2,-1.000000
.X..OOOX.,3,-1.000000
.X..OOOX.,8,-1.000000
.X..OOOXX,0,-1.000000
.X..OOOXX,2,-1.000000
.X..OOOXX,3,-1.000000
.X..OOX..,0,-1.000000
.X..OOX..,2,-1.000000
.X..OOX..,3,0.000000
.X..OOX..,7,-1.000000
.X..OOX..,8,-1.000000
.X..OOX.O,0,-1.000000
.X..OOX.O,2,-1.000000
.X..OOX.O,3,-1.000000
.X..OOX.O,7,-1.000000
.X..OOXO.,0,-1.000000
.X..OOXO.,2,-1.000000
.X..OOXO.,3,-0.000000
.X..OOXO.,8,-1.000000
.X..OOXOX,0,-1.000000
.X..OOXOX,2,-1.000000
.X..OOXOX,3,0.000000
.X..OOXXO,0,-1.000000
.X..OOXXO,2,-1.000000
.X..OOXXO,3,-1.000000
.X..OX..O,0,0.000000
.X..OX..O,2,-1.000000
.X..OX..O,3,-1.000000
.X..OX..O,6,-1.000000
.X..OX..O,7,-1.000000
.X..OX.O.,0,0.000000
.X..OX.O.,2,1.000000
.X..OX.O.,3,-1.000000
.X..OX.O.,6,0.000000
.X..OX.O.,8,0.000000
.X..OX.OO,0,-1.000000
.X..OX.OO,2,-1.000000
.X..OX.OO,3,-1.000000
.X..OX.OO,6,-1.000000
.X..OXO..,0,-1.000000
.X..OXO..,2,1.000000
.X..OXO..,3,-1.000000
.X..OXO..,7,-1.000000
.X..OXO..,8,-1.000000
.X..OXO.O,0,-1.000000
.X..OXO.O,2,-1.000000
.X..OXO.O,3,-1.000000
.X..OXO.O,7,-1.000000
.X..OXOO.,0,-1.000000
.X..OXOO.,2,-1.000000
.X..OXOO.,3,-1.000000
.X..OXOO.,8,-1.000000
.X..OXOOX,0,-1.000000
.X..OXOOX,2,1.000000
.X..OXOOX,3,-1.000000
.X..OXOXO,0,-1.000000
.X..OXOXO,2,-1.000000
.X..OXOXO,3,-1.000000
.X..OXXOO,0,1.000000
.X..OXXOO,2,-1.000000
.X..OXXOO,3,-1.000000
.X..X..OO,0,-1.000000
.X..X..OO,2,-1.000000
.X..X..OO,3,-1.000000
.X..X..OO,5,-1.000000
.X..X..OO,6,0.000000
.X..X.O.O,0,-1.000000
.X..X.O.O,2,-1.000000
.X..X.O.O,3,-1.000000
.X..X.O.O,5,-1.000000
.X..X.O.O,7,1.000000
.X..X.OO.,0,-1.000000
.X..X.OO.,2,-1.000000
.X..X.OO.,3,-1.000000
.X..X.OO.,5,-1.000000
.X..X.OO.,8,0.000000
.X..XO..O,0,-1.000000
.X..XO..O,2,1.000000
.X..XO..O,3,-1.000000
.X..XO..O,6,-1.000000
.X..XO..O,7,1.000000
.X..XO.O.,0,1.000000
.X..XO.O.,2,1.000000
.X..XO.O.,3,-1.000000
.X..XO.O.,6,0.000000
.X..XO.O.,8,0.000000
.X..XO.OO,0,-1.000000
.X..XO.OO,2,-1.000000
.X..XO.OO,3,-1.000000
.X..XO.OO,6,-1.000000
.X..XOO..,0,1.000000
.X..XOO..,2,1.000000
.X..XOO..,3,0.000000
.X..XOO..,7,1.000000
.X..XOO..,8,1.000000
.X..XOO.O,0,-1.000000
.X..XOO.O,2,-1.000000
.X..XOO.O,3,-1.000000
.X..XOO.O,7,1.000000
.X..XOOO.,0,-1.000000
.X..XOOO.,2,-1.000000
.X..XOOO.,3,-1.000000
.X..XOOO.,8,-0.000000
.X..XOOOX,0,1.000000
.X..XOOOX,2,0.000000
.X..XOOOX,3,0.000000
.X..XOXOO,0,-1.000000
.X..XOXOO,2,1.000000
.X..XOXOO,3,-1.000000
.X.O.....,0,1.000000
.X.O.....,2,-1.000000
.X.O.....,4,1.000000
.X.O.....,5,0.000000
.X.O.....,6,0.000000
.X.O.....,7,-1.000000
.X.O.....,8,0.000000
.X.O....O,0,-1.000000
.X.O....O,2,-1.000000
.X.O....O,4,-0.000000
.X.O....O,5,-1.000000
.X.O....O,6,-1.000000
.X.O....O,7,-1.000000
.X.O...O.,0,-1.000000
.X.O...O.,2,-1.000000
.X.O...O.,4,-1.000000
.X.O...O.,5,-1.000000
.X.O...O.,6,-0.000000
.X.O...O.,8,-0.000000
.X.O...OX,0,1.000000
.X.O...OX,2,1.000000
.X.O...OX,4,0.000000
.X.O...OX,5,0.000000
.X.O...OX,6,0.000000
.X.O...XO,0,1.000000
.X.O...XO,2,1.000000
.X.O...XO,4,1.000000
.X.O...XO,5,0.000000
.X.O...XO,6,-1.000000
.X.O..O..,0,1.000000
.X.O..O..,2,-1.000000
.X.O..O..,4,-1.000000
.X.O..O..,5,-1.000000
.X.O..O..,7,-1.000000
.X.O..O..,8,-1.000000
.X.O..O.X,0,1.000000
.X.O..O.X,2,-1.000000
.X.O..O.X,4,-1.000000
.X.O..O.X,5,-1.000000
.X.O..O.X,7,-1.000000
.X.O..OOX,0,1.000000
.X.O..OOX,2,-1.000000
.X.O..OOX,4,-1.000000
.X.O..OOX,5,-1.000000
.X.O..OX.,0,1.000000
.X.O..OX.,2,-1.000000
.X.O..OX.,4,1.000000
.X.O..OX.,5,-1.000000
.X.O..OX.,8,-1.000000
.X.O..OXO,0,1.000000
.X.O..OXO,2,-1.000000
.X.O..OXO,4,1.000000
.X.O..OXO,5,-1.000000
.X.O..X.O,0,0.000000
.X.O..X.O,2,1.000000
.X.O..X.O,4,1.000000
.X.O..X.O,5,0.000000
.X.O..X.O,7,-1.000000
.X.O..XO.,0,0.000000
.X.O..XO.,2,1.000000
.X.O..XO.,4,0.000000
.X.O..XO.,5,0.000000
.X.O..XO.,8,0.000000
.X.O..XOO,0,-0.000000
.X.O..XOO,2,1.000000
.X.O..XOO,4,-0.000000
.X.O..XOO,5,-0.000000
.X.O.O...,0,-1.000000
.X.O.O...,2,-1.000000
.X.O.O...,4,1.000000
.X.O.O...,6,-1.000000
.X.O.O...,7,-1.000000
.X.O.O...,8,-1.000000
.X.O.O..X,0,-1.000000
.X.O.O..X,2,-1.000000
.X.O.O..X,4,1.000000
.X.O.O..X,6,-1.000000
.X.O.O..X,7,-1.000000
.X.O.O.OX,0,-1.000000
.X.O.O.OX,2,-1.000000
.X.O.O.OX,4,-0.000000
.X.O.O.OX,6,-1.000000
.X.O.O.X.,0,-1.000000
.X.O.O.X.,2,-1.000000
.X.O.O.X.,4,1.000000
.X.O.O.X.,6,-1.000000
.X.O.O.X.,8,-1.000000
.X.O.O.XO,0,-1.000000
.X.O.O.XO,2,-1.000000
.X.O.O.XO,4,1.000000
.X.O.O.XO,6,-1.000000
.X.O.OO.X,0,-1.000000
.X.O.OO.X,2,-1.000000
.X.O.OO.X,4,-1.000000
.X.O.OO.X,7,-1.000000
.X.O.OOX.,0,-1.000000
.X.O.OOX.,2,-1.000000
.X.O.OOX.,4,1.000000
.X.O.OOX.,8,-1.000000
.X.O.OOXX,0,-1.000000
.X.O.OOXX,2,-1.000000
.X.O.OOXX,4,1.000000
.X.O.OX..,0,-1.000000
.X.O.OX..,2,-1.000000
.X.O.OX..,4,1.000000
.X.O.OX..,7,-1.000000
.X.O.OX..,8,-1.000000
.X.O.OX.O,0,-1.000000
.X.O.OX.O,2,-1.000000
.X.O.OX.O,4,-1.000000
.X.O.OX.O,7,-1.000000
.X.O.OXO.,0,-1.000000
.X.O.OXO.,2,-1.000000
.X.O.OXO.,4,-0.000000
.X.O.OXO.,8,-1.000000
.X.O.OXOX,0,-1.000000
.X.O.OXOX,2,-1.000000
.X.O.OXOX,4,1.000000
.X.O.OXXO,0,-1.000000
.X.O.OXXO,2,-1.000000
.X.O.OXXO,4,1.000000
.X.O.X..O,0,0.000000
.X.O.X..O,2,-1.000000
.X.O.X..O,4,0.000000
.X.O.X..O,6,0.000000
.X.O.X..O,7,0.000000
.X.O.X.O.,0,0.000000
.X.O.X.O.,2,1.000000
.X.O.X.O.,4,-1.000000
.X.O.X.O.,6,0.000000
.X.O.X.O.,8,0.000000
.X.O.X.OO,0,-1.000000
.X.O.X.OO,2,-1.000000
.X.O.X.OO,4,-1.000000
.X.O.X.OO,6,-0.000000
.X.O.XO..,0,1.000000
.X.O.XO..,2,-1.000000
.X.O.XO..,4,-1.000000
.X.O.XO..,7,-1.000000
.X.O.XO..,8,-1.000000
.X.O.XO.O,0,-1.000000
.X.O.XO.O,2,-1.000000
.X.O.XO.O,4,-1.000000
.X.O.XO.O,7,-1.000000
.X.O.XOO.,0,-1.000000
.X.O.XOO.,2,-1.000000
.X.O.XOO.,4,-1.000000
.X.O.XOO.,8,-1.000000
.X.O.XOOX,0,1.000000
.X.O.XOOX,2,1.000000
.X.O.XOOX,4,-1.000000
.X.O.XOXO,0,1.000000
.X.O.XOXO,2,-1.000000
.X.O.XOXO,4,1.000000
.X.O.XXOO,0,0.000000
.X.O.XXOO,2,1.000000
.X.O.XXOO,4,0.000000
.X.OO....,0,-1.000000
.X.OO....,2,-1.000000
.X.OO....,5,-1.000000
.X.OO....,6,-1.000000
.X.OO....,7,-1.000000
.X.OO....,8,-1.000000
.X.OO...X,0,-1.000000
.X.OO...X,2,-1.000000
.X.OO...X,5,0.000000
.X.OO...X,6,-1.000000
.X.OO...X,7,-1.000000
.X.OO..OX,0,-1.000000
.X.OO..OX,2,-1.000000
.X.OO..OX,5,-0.000000
.X.OO..OX,6,-1.000000
.X.OO..X.,0,-1.000000
.X.OO..X.,2,-1.000000
.X.OO..X.,5,-1.000000
.X.OO..X.,6,-1.000000
.X.OO..X.,8,-1.000000
.X.OO..XO,0,-1.000000
.X.OO..XO,2,-1.000000
.X.OO..XO,5,-1.000000
.X.OO..XO,6,-1.000000
.X.OO.O.X,0,-1.000000
.X.OO.O.X,2,-1.000000
.X.OO.O.X,5,-1.000000
.X.OO.O.X,7,-1.000000
.X.OO.OX.,0,-1.000000
.X.OO.OX.,2,-1.000000
.X.OO.OX.,5,-1.000000
.X.OO.OX.,8,-1.000000
.X.OO.OXX,0,-1.000000
.X.OO.OXX,2,-1.000000
.X.OO.OXX,5,-1.000000
.X.OO.X..,0,-1.000000
.X.OO.X..,2,-1.000000
.X.OO.X..,5,0.000000
.X.OO.X..,7,-1.000000
.X.OO.X..,8,-1.000000
.X.OO.X.O,0,-1.000000
.X.OO.X.O,2,-1.000000
.X.OO.X.O,5,-1.000000
.X.OO.X.O,7,-1.000000
.X.OO.XO.,0,-1.000000
.X.OO.XO.,2,-1.000000
.X.OO.XO.,5,-0.000000
.X.OO.XO.,8,-1.000000
.X.OO.XOX,0,-1.000000
.X.OO.XOX,2,-1.000000
.X.OO.XOX,5,0.000000
.X.OO.XXO,0,-1.000000
.X.OO.XXO,2,-1.000000
.X.OO.XXO,5,-1.000000
.X.OOX...,0,0.000000
.X.OOX...,2,1.000000
.X.OOX...,6,0.000000
.X.OOX...,7,-1.000000
.X.OOX...,8,0.000000
.X.OOX..O,0,-0.000000
.X.OOX..O,2,-1.000000
.X.OOX..O,6,-1.000000
.X.OOX..O,7,-1.000000
.X.OOX.O.,0,-0.000000
.X.OOX.O.,2,1.000000
.X.OOX.O.,6,-0.000000
.X.OOX.O.,8,-0.000000
.X.OOX.OX,0,0.000000
.X.OOX.OX,2,1.000000
.X.OOX.OX,6,0.000000
.X.OOX.XO,0,0.000000
.X.OOX.XO,2,-1.000000
.X.OOX.XO,6,-1.000000
.X.OOXO..,0,-1.000000
.X.OOXO..,2,-1.000000
.X.OOXO..,7,-1.000000
.X.OOXO..,8,-1.000000
.X.OOXO.X,0,-1.000000
.X.OOXO.X,2,1.000000
.X.OOXO.X,7,-1.000000
.X.OOXOOX,0,-1.000000
.X.OOXOOX,2,1.000000
.X.OOXOX.,0,-1.000000
.X.OOXOX.,2,-1.000000
.X.OOXOX.,8,-1.000000
.X.OOXOXO,0,-1.000000
.X.OOXOXO,2,-1.000000
.X.OOXX.O,0,0.000000
.X.OOXX.O,2,-1.000000
.X.OOXX.O,7,-1.000000
.X.OOXXO.,0,0.000000
.X.OOXXO.,2,1.000000
.X.OOXXO.,8,0.000000
.X.OOXXOO,0,-0.000000
.X.OOXXOO,2,-1.000000
.X.OX...O,0,1.000000
.X.OX...O,2,1.000000
.X.OX...O,5,0.000000
.X.OX...O,6,1.000000
.X.OX...O,7,1.000000
.X.OX..O.,0,1.000000
.X.OX..O.,2,1.000000
.X.OX..O.,5,-1.000000
.X.OX..O.,6,0.000000
.X.OX..O.,8,0.000000
.X.OX..OO,0,-1.000000
.X.OX..OO,2,-1.000000
.X.OX..OO,5,-1.000000
.X.OX..OO,6,-0.000000
.X.OX.O..,0,1.000000
.X.OX.O..,2,-1.000000
.X.OX.O..,5,-1.000000
.X.OX.O..,7,1.000000
.X.OX.O..,8,-1.000000
.X.OX.O.O,0,-1.000000
.X.OX.O.O,2,-1.000000
.X.OX.O.O,5,-1.000000
.X.OX.O.O,7,1.000000
.X.OX.OO.,0,-1.000000
.X.OX.OO.,2,-1.000000
.X.OX.OO.,5,-1.000000
.X.OX.OO.,8,-1.000000
.X.OX.OOX,0,1.000000
.X.OX.OOX,2,-1.000000
.X.OX.OOX,5,-1.000000
.X.OX.XOO,0,0.000000
.X.OX.XOO,2,1.000000
.X.OX.XOO,5,0.000000
.X.OXO...,0,1.000000
.X.OXO...,2,1.000000
.X.OXO...,6,1.000000
.X.OXO...,7,1.000000
.X.OXO...,8,1.000000
.X.OXO..O,0,-1.000000
.X.OXO..O,2,1.000000
.X.OXO..O,6,-1.000000
.X.OXO..O,7,1.000000
.X.OXO.O.,0,1.000000
.X.OXO.O.,2,1.000000
.X.OXO.O.,6,-0.000000
.X.OXO.O.,8,-0.000000
.X.OXO.OX,0,1.000000
.X.OXO.OX,2,1.000000
.X.OXO.OX,6,1.000000
.X.OXOO..,0,1.000000
.X.OXOO..,2,-1.000000
.X.OXOO..,7,1.000000
.X.OXOO..,8,-1.000000
.X.OXOO.X,0,1.000000
.X.OXOO.X,2,-1.000000
.X.OXOO.X,7,1.000000
.X.OXOOOX,0,1.000000
.X.OXOOOX,2,-1.000000
.X.OXOX.O,0,-1.000000
.X.OXOX.O,2,1.000000
.X.OXOX.O,7,1.000000
.X.OXOXO.,0,1.000000
.X.OXOXO.,2,1.000000
.X.OXOXO.,8,1.000000
.X.OXOXOO,0,-1.000000
.X.OXOXOO,2,1.000000
.X.OXX.OO,0,-1.000000
.X.OXX.OO,2,-1.000000
.X.OXX.OO,6,0.000000
.X.OXXO.O,0,-1.000000
.X.OXXO.O,2,-1.000000
.X.OXXO.O,7,1.000000
.X.OXXOO.,0,-1.000000
.X.OXXOO.,2,-1.000000
.X.OXXOO.,8,-1.000000
.X.X...OO,0,-1.000000
.X.X...OO,2,-1.000000
.X.X...OO,4,-1.000000
.X.X...OO,5,-1.000000
.X.X...OO,6,1.000000
.X.X..O.O,0,-1.000000
.X.X..O.O,2,-1.000000
.X.X..O.O,4,-1.000000
.X.X..O.O,5,-1.000000
.X.X..O.O,7,-1.000000
.X.X..OO.,0,-1.000000
.X.X..OO.,2,-1.000000
.X.X..OO.,4,-1.000000
.X.X..OO.,5,-1.000000
.X.X..OO.,8,1.000000
.X.X.O..O,0,-1.000000
.X.X.O..O,2,1.000000
.X.X.O..O,4,-1.000000
.X.X.O..O,6,-1.000000
.X.X.O..O,7,-1.000000
.X.X.O.O.,0,1.000000
.X.X.O.O.,2,0.000000
.X.X.O.O.,4,-1.000000
.X.X.O.O.,6,0.000000
.X.X.O.O.,8,0.000000
.X.X.O.OO,0,-1.000000
.X.X.O.OO,2,-1.000000
.X.X.O.OO,4,-1.000000
.X.X.O.OO,6,-1.000000
.X.X.OO..,0,-1.000000
.X.X.OO..,2,0.000000
.X.X.OO..,4,0.000000
.X.X.OO..,7,0.000000
.X.X.OO..,8,0.000000
.X.X.OO.O,0,-1.000000
.X.X.OO.O,2,-1.000000
.X.X.OO.O,4,-1.000000
.X.X.OO.O,7,-1.000000
.X.X.OOO.,0,-1.000000
.X.X.OOO.,2,-1.000000
.X.X.OOO.,4,-1.000000
.X.X.OOO.,8,-0.000000
.X.X.OOOX,0,1.000000
.X.X.OOOX,2,0.000000
.X.X.OOOX,4,0.000000
.X.X.OOXO,0,-1.000000
.X.X.OOXO,2,1.000000
.X.X.OOXO,4,1.000000
.X.X.OXOO,0,1.000000
.X.X.OXOO,2,1.000000
.X.X.OXOO,4,-1.000000
.X.XO...O,0,1.000000
.X.XO...O,2,-1.000000
.X.XO...O,5,-1.000000
.X.XO...O,6,-1.000000
.X.XO...O,7,-1.000000
.X.XO..O.,0,1.000000
.X.XO..O.,2,0.000000
.X.XO..O.,5,-1.000000
.X.XO..O.,6,0.000000
.X.XO..O.,8,0.000000
.X.XO..OO,0,-1.000000
.X.XO..OO,2,-1.000000
.X.XO..OO,5,-1.000000
.X.XO..OO,6,-1.000000
.X.XO.O..,0,-1.000000
.X.XO.O..,2,0.000000
.X.XO.O..,5,-1.000000
.X.XO.O..,7,-1.000000
.X.XO.O..,8,-1.000000
.X.XO.O.O,0,-1.000000
.X.XO.O.O,2,-1.000000
.X.XO.O.O,5,-1.000000
.X.XO.O.O,7,-1.000000
.X.XO.OO.,0,-1.000000
.X.XO.OO.,2,-1.000000
.X.XO.OO.,5,-1.000000
.X.XO.OO.,8,-1.000000
.X.XO.OOX,0,-1.000000
.X.XO.OOX,2,1.000000
.X.XO.OOX,5,-1.000000
.X.XO.OXO,0,-1.000000
.X.XO.OXO,2,-1.000000
.X.XO.OXO,5,-1.000000
.X.XO.XOO,0,1.000000
.X.XO.XOO,2,-1.000000
.X.XO.XOO,5,-1.000000
.X.XOO...,0,1.000000
.X.XOO...,2,0.000000
.X.XOO...,6,0.000000
.X.XOO...,7,-1.000000
.X.XOO...,8,0.000000
.X.XOO..O,0,-1.000000
.X.XOO..O,2,-1.000000
.X.XOO..O,6,-1.000000
.X.XOO..O,7,-1.000000
.X.XOO.O.,0,1.000000
.X.XOO.O.,2,-0.000000
.X.XOO.O.,6,-0.000000
.X.XOO.O.,8,-0.000000
.X.XOO.OX,0,1.000000
.X.XOO.OX,2,0.000000
.X.XOO.OX,6,0.000000
.X.XOO.XO,0,-1.000000
.X.XOO.XO,2,-1.000000
.X.XOO.XO,6,-1.000000
.X.XOOO..,0,-1.000000
.X.XOOO..,2,-0.000000
.X.XOOO..,7,-1.000000
.X.XOOO..,8,-1.000000
.X.XOOO.X,0,-1.000000
.X.XOOO.X,2,0.000000
.X.XOOO.X,7,-1.000000
.X.XOOOOX,0,-1.000000
.X.XOOOOX,2,-0.000000
.X.XOOOX.,0,-1.000000
.X.XOOOX.,2,0.000000
.X.XOOOX.,8,-1.000000
.X.XOOOXO,0,-1.000000
.X.XOOOXO,2,-1.000000
.X.XOOX.O,0,1.000000
.X.XOOX.O,2,-1.000000
.X.XOOX.O,7,-1.000000
.X.XOOXO.,0,1.000000
.X.XOOXO.,2,0.000000
.X.XOOXO.,8,0.000000
.X.XOOXOO,0,1.000000
.X.XOOXOO,2,-1.000000
.X.XOX.OO,0,-1.000000
.X.XOX.OO,2,-1.000000
.X.XOX.OO,6,-1.000000
.X.XOXO.O,0,-1.000000
.X.XOXO.O,2,-1.000000
.X.XOXO.O,7,-1.000000
.X.XOXOO.,0,-1.000000
.X.XOXOO.,2,-1.000000
.X.XOXOO.,8,-1.000000
.X.XXO.OO,0,-1.000000
.X.XXO.OO,2,-1.000000
.X.XXO.OO,6,-1.000000
.X.XXOO.O,0,-1.000000
.X.XXOO.O,2,-1.000000
.X.XXOO.O,7,1.000000
.X.XXOOO.,0,-1.000000
.X.XXOOO.,2,-1.000000
.X.XXOOO.,8,0.000000
.XO......,0,-1.000000
.XO......,3,-1.000000
.XO......,4,0.000000
.XO......,5,0.000000
.XO......,6,0.000000
.XO......,7,-1.000000
.XO......,8,0.000000
.XO.....O,0,-1.000000
.XO.....O,3,-1.000000
.XO.....O,4,-1.000000
.XO.....O,5,-1.000000
.XO.....O,6,-1.000000
.XO.....O,7,-1.000000
.XO....O.,0,-1.000000
.XO....O.,3,-1.000000
.XO....O.,4,-1.000000
.XO....O.,5,-1.000000
.XO....O.,6,-0.000000
.XO....O.,8,-0.000000
.XO....OX,0,0.000000
.XO....OX,3,0.000000
.XO....OX,4,0.000000
.XO....OX,5,0.000000
.XO....OX,6,0.000000
.XO....XO,0,-1.000000
.XO....XO,3,-1.000000
.XO....XO,4,1.000000
.XO....XO,5,-1.000000
.XO....XO,6,-1.000000
.XO...O..,0,-1.000000
.XO...O..,3,-1.000000
.XO...O..,4,-0.000000
.XO...O..,5,-1.000000
.XO...O..,7,-1.000000
.XO...O..,8,-1.000000
.XO...O.X,0,-1.000000
.XO...O.X,3,-1.000000
.XO...O.X,4,1.000000
.XO...O.X,5,-1.000000
.XO...O.X,7,-1.000000
.XO...OOX,0,-1.000000
.XO...OOX,3,-1.000000
.XO...OOX,4,-0.000000
.XO...OOX,5,-1.000000
.XO...OX.,0,-1.000000
.XO...OX.,3,-1.000000
.XO...OX.,4,1.000000
.XO...OX.,5,-1.000000
.XO...OX.,8,-1.000000
.XO...OXO,0,-1.000000
.XO...OXO,3,-1.000000
.XO...OXO,4,1.000000
.XO...OXO,5,-1.000000
.XO...X.O,0,-1.000000
.XO...X.O,3,-1.000000
.XO...X.O,4,-1.000000
.XO...X.O,5,0.000000
.XO...X.O,7,-1.000000
.XO...XO.,0,0.000000
.XO...XO.,3,0.000000
.XO...XO.,4,0.000000
.XO...XO.,5,0.000000
.XO...XO.,8,0.000000
.XO...XOO,0,-1.000000
.XO...XOO,3,-1.000000
.XO...XOO,4,-1.000000
.XO...XOO,5,-0.000000
.XO..O...,0,-1.000000
.XO..O...,3,-1.000000
.XO..O...,4,-1.000000
.XO..O...,6,-1.000000
.XO..O...,7,-1.000000
.XO..O...,8,-1.000000
.XO..O..X,0,-1.000000
.XO..O..X,3,1.000000
.XO..O..X,4,1.000000
.XO..O..X,6,1.000000
.XO..O..X,7,1.000000
.XO..O.OX,0,-1.000000
.XO..O.OX,3,-0.000000
.XO..O.OX,4,-0.000000
.XO..O.OX,6,-0.000000
.XO..O.X.,0,-1.000000
.XO..O.X.,3,-1.000000
.XO..O.X.,4,1.000000
.XO..O.X.,6,-1.000000
.XO..O.X.,8,1.000000
.XO..OO.X,0,-1.000000
.XO..OO.X,3,-1.000000
.XO..OO.X,4,1.000000
.XO..OO.X,7,-1.000000
.XO..OOX.,0,-1.000000
.XO..OOX.,3,-1.000000
.XO..OOX.,4,1.000000
.XO..OOX.,8,-1.000000
.XO..OOXX,0,-1.000000
.XO..OOXX,3,-1.000000
.XO..OOXX,4,1.000000
.XO..OX..,0,-1.000000
.XO..OX..,3,-1.000000
.XO..OX..,4,-1.000000
.XO..OX..,7,-1.000000
.XO..OX..,8,1.000000
.XO..OXO.,0,-1.000000
.XO..OXO.,3,-1.000000
.XO..OXO.,4,-1.000000
.XO..OXO.,8,-0.000000
.XO..OXOX,0,1.000000
.XO..OXOX,3,0.000000
.XO..OXOX,4,0.000000
.XO..X..O,0,-1.000000
.XO..X..O,3,-1.000000
.XO..X..O,4,1.000000
.XO..X..O,6,0.000000
.XO..X..O,7,-1.000000
.XO..X.O.,0,-1.000000
.XO..X.O.,3,0.000000
.XO..X.O.,4,0.000000
.XO..X.O.,6,0.000000
.XO..X.O.,8,0.000000
.XO..X.OO,0,-1.000000
.XO..X.OO,3,-1.000000
.XO..X.OO,4,-1.000000
.XO..X.OO,6,-0.000000
.XO..XO..,0,-1.000000
.XO..XO..,3,-1.000000
.XO..XO..,4,1.000000
.XO..XO..,7,-1.000000
.XO..XO..,8,-1.000000
.XO..XO.O,0,-1.000000
.XO..XO.O,3,-1.000000
.XO..XO.O,4,-1.000000
.XO..XO.O,7,-1.000000
.XO..XOO.,0,-1.000000
.XO..XOO.,3,-1.000000
.XO..XOO.,4,-1.000000
.XO..XOO.,8,-1.000000
.XO..XOOX,0,-1.000000
.XO..XOOX,3,-1.000000
.XO..XOOX,4,1.000000
.XO..XOXO,0,-1.000000
.XO..XOXO,3,-1.000000
.XO..XOXO,4,1.000000
.XO..XXOO,0,0.000000
.XO..XXOO,3,1.000000
.XO..XXOO,4,0.000000
.XO.O....,0,-1.000000
.XO.O....,3,-1.000000
.XO.O....,5,-1.000000
.XO.O....,6,-1.000000
.XO.O....,7,-1.000000
.XO.O....,8,-1.000000
.XO.O...X,0,-1.000000
.XO.O...X,3,-1.000000
.XO.O...X,5,-1.000000
.XO.O...X,6,0.000000
.XO.O...X,7,-1.000000
.XO.O..OX,0,-1.000000
.XO.O..OX,3,-1.000000
.XO.O..OX,5,-1.000000
.XO.O..OX,6,-0.000000
.XO.O..X.,0,-1.000000
.XO.O..X.,3,-1.000000
.XO.O..X.,5,-1.000000
.XO.O..X.,6,-1.000000
.XO.O..X.,8,-1.000000
.XO.O..XO,0,-1.000000
.XO.O..XO,3,-1.000000
.XO.O..XO,5,-1.000000
.XO.O..XO,6,-1.000000
.XO.O.X..,0,0.000000
.XO.O.X..,3,0.000000
.XO.O.X..,5,0.000000
.XO.O.X..,7,-1.000000
.XO.O.X..,8,0.000000
.XO.O.X.O,0,-1.000000
.XO.O.X.O,3,-1.000000
.XO.O.X.O,5,-1.000000
.XO.O.X.O,7,-1.000000
.XO.O.XO.,0,-0.000000
.XO.O.XO.,3,-0.000000
.XO.O.XO.,5,-0.000000
.XO.O.XO.,8,-0.000000
.XO.O.XOX,0,0.000000
.XO.O.XOX,3,0.000000
.XO.O.XOX,5,0.000000
.XO.O.XXO,0,-1.000000
.XO.O.XXO,3,-1.000000
.XO.O.XXO,5,-1.000000
.XO.OO..X,0,-1.000000
.XO.OO..X,3,-1.000000
.XO.OO..X,6,-1.000000
.XO.OO..X,7,-1.000000
.XO.OO.X.,0,-1.000000
.XO.OO.X.,3,-1.000000
.XO.OO.X.,6,-1.000000
.XO.OO.X.,8,-1.000000
.XO.OO.XX,0,-1.000000
.XO.OO.XX,3,-1.000000
.XO.OO.XX,6,1.000000
.XO.OOX..,0,-1.000000
.XO.OOX..,3,-1.000000
.XO.OOX..,7,-1.000000
.XO.OOX..,8,-1.000000
.XO.OOX.X,0,-1.000000
.XO.OOX.X,3,1.000000
.XO.OOX.X,7,1.000000
.XO.OOXOX,0,-1.000000
.XO.OOXOX,3,-0.000000
.XO.OOXX.,0,-1.000000
.XO.OOXX.,3,-1.000000
.XO.OOXX.,8,1.000000
.XO.OX...,0,-1.000000
.XO.OX...,3,-1.000000
.XO.OX...,6,0.000000
.XO.OX...,7,-1.000000
.XO.OX...,8,-1.000000
.XO.OX..O,0,-1.000000
.XO.OX..O,3,-1.000000
.XO.OX..O,6,-1.000000
.XO.OX..O,7,-1.000000
.XO.OX.O.,0,-1.000000
.XO.OX.O.,3,-1.000000
.XO.OX.O.,6,-0.000000
.XO.OX.O.,8,-1.000000
.XO.OX.OX,0,-1.000000
.XO.OX.OX,3,-1.000000
.XO.OX.OX,6,0.000000
.XO.OX.XO,0,-1.000000
.XO.OX.XO,3,-1.000000
.XO.OX.XO,6,-1.000000
.XO.OXX.O,0,0.000000
.XO.OXX.O,3,-1.000000
.XO.OXX.O,7,-1.000000
.XO.OXXO.,0,0.000000
.XO.OXXO.,3,0.000000
.XO.OXXO.,8,0.000000
.XO.OXXOO,0,-0.000000
.XO.OXXOO,3,-1.000000
.XO.X...O,0,-1.000000
.XO.X...O,3,-1.000000
.XO.X...O,5,1.000000
.XO.X...O,6,-1.000000
.XO.X...O,7,1.000000
.XO.X..O.,0,-1.000000
.XO.X..O.,3,0.000000
.XO.X..O.,5,0.000000
.XO.X..O.,6,0.000000
.XO.X..O.,8,0.000000
.XO.X..OO,0,-1.000000
.XO.X..OO,3,-1.000000
.XO.X..OO,5,-1.000000
.XO.X..OO,6,-1.000000
.XO.X.O..,0,1.000000
.XO.X.O..,3,1.000000
.XO.X.O..,5,1.000000
.XO.X.O..,7,1.000000
.XO.X.O..,8,1.000000
.XO.X.O.O,0,-1.000000
.XO.X.O.O,3,-1.000000
.XO.X.O.O,5,-1.000000
.XO.X.O.O,7,1.000000
.XO.X.OO.,0,-1.000000
.XO.X.OO.,3,-1.000000
.XO.X.OO.,5,-1.000000
.XO.X.OO.,8,-0.000000
.XO.X.OOX,0,1.000000
.XO.X.OOX,3,1.000000
.XO.X.OOX,5,1.000000
.XO.X.XOO,0,-1.000000
.XO.X.XOO,3,-1.000000
.XO.X.XOO,5,0.000000
.XO.XO...,0,-1.000000
.XO.XO...,3,-1.000000
.XO.XO...,6,-1.000000
.XO.XO...,7,1.000000
.XO.XO...,8,1.000000
.XO.XO.O.,0,-1.000000
.XO.XO.O.,3,-1.000000
.XO.XO.O.,6,-1.000000
.XO.XO.O.,8,-0.000000
.XO.XO.OX,0,1.000000
.XO.XO.OX,3,0.000000
.XO.XO.OX,6,0.000000
.XO.XOO..,0,-1.000000
.XO.XOO..,3,-1.000000
.XO.XOO..,7,1.000000
.XO.XOO..,8,1.000000
.XO.XOO.X,0,1.000000
.XO.XOO.X,3,1.000000
.XO.XOO.X,7,1.000000
.XO.XOOOX,0,1.000000
.XO.XOOOX,3,-0.000000
.XO.XOXO.,0,-1.000000
.XO.XOXO.,3,-1.000000
.XO.XOXO.,8,0.000000
.XO.XX.OO,0,-1.000000
.XO.XX.OO,3,1.000000
.XO.XX.OO,6,0.000000
.XO.XXO.O,0,-1.000000
.XO.XXO.O,3,1.000000
.XO.XXO.O,7,1.000000
.XO.XXOO.,0,-1.000000
.XO.XXOO.,3,1.000000
.XO.XXOO.,8,1.000000
.XOO.....,0,-1.000000
.XOO.....,4,-0.000000
.XOO.....,5,-1.000000
.XOO.....,6,-1.000000
.XOO.....,7,-1.000000
.XOO.....,8,-1.000000
.XOO....X,0,-1.000000
.XOO....X,4,1.000000
.XOO....X,5,-1.000000
.XOO....X,6,0.000000
.XOO....X,7,1.000000
.XOO...OX,0,-1.000000
.XOO...OX,4,-0.000000
.XOO...OX,5,-1.000000
.XOO...OX,6,-0.000000
.XOO...X.,0,-1.000000
.XOO...X.,4,1.000000
.XOO...X.,5,0.000000
.XOO...X.,6,1.000000
.XOO...X.,8,1.000000
.XOO...XO,0,-1.000000
.XOO...XO,4,1.000000
.XOO...XO,5,-1.000000
.XOO...XO,6,-1.000000
.XOO..O.X,0,-1.000000
.XOO..O.X,4,-1.000000
.XOO..O.X,5,-1.000000
.XOO..O.X,7,-1.000000
.XOO..OX.,0,-1.000000
.XOO..OX.,4,1.000000
.XOO..OX.,5,-1.000000
.XOO..OX.,8,-1.000000
.XOO..OXX,0,-1.000000
.XOO..OXX,4,1.000000
.XOO..OXX,5,-1.000000
.XOO..X..,0,-1.000000
.XOO..X..,4,0.000000
.XOO..X..,5,0.000000
.XOO..X..,7,1.000000
.XOO..X..,8,0.000000
.XOO..X.O,0,-1.000000
.XOO..X.O,4,-1.000000
.XOO..X.O,5,-0.000000
.XOO..X.O,7,-1.000000
.XOO..XO.,0,-1.000000
.XOO..XO.,4,-0.000000
.XOO..XO.,5,-0.000000
.XOO..XO.,8,-0.000000
.XOO..XOX,0,0.000000
.XOO..XOX,4,0.000000
.XOO..XOX,5,0.000000
.XOO..XXO,0,-1.000000
.XOO..XXO,4,1.000000
.XOO..XXO,5,0.000000
.XOO.O..X,0,-1.000000
.XOO.O..X,4,1.000000
.XOO.O..X,6,-1.000000
.XOO.O..X,7,-1.000000
.XOO.O.X.,0,-1.000000
.XOO.O.X.,4,1.000000
.XOO.O.X.,6,-1.000000
.XOO.O.X.,8,-1.000000
.XOO.O.XX,0,-1.000000
.XOO.O.XX,4,1.000000
.XOO.O.XX,6,1.000000
.XOO.OOXX,0,-1.000000
.XOO.OOXX,4,1.000000
.XOO.OX..,0,-1.000000
.XOO.OX..,4,-1.000000
.XOO.OX..,7,-1.000000
.XOO.OX..,8,-1.000000
.XOO.OX.X,0,-1.000000
.XOO.OX.X,4,1.000000
.XOO.OX.X,7,1.000000
.XOO.OXOX,0,-1.000000
.XOO.OXOX,4,-0.000000
.XOO.OXX.,0,-1.000000
.XOO.OXX.,4,1.000000
.XOO.OXX.,8,1.000000
.XOO.X...,0,0.000000
.XOO.X...,4,0.000000
.XOO.X...,6,0.000000
.XOO.X...,7,0.000000
.XOO.X...,8,-1.000000
.XOO.X..O,0,-1.000000
.XOO.X..O,4,-0.000000
.XOO.X..O,6,-0.000000
.XOO.X..O,7,-1.000000
.XOO.X.O.,0,-1.000000
.XOO.X.O.,4,-1.000000
.XOO.X.O.,6,-0.000000
.XOO.X.O.,8,-1.000000
.XOO.X.OX,0,0.000000
.XOO.X.OX,4,0.000000
.XOO.X.OX,6,0.000000
.XOO.X.XO,0,0.000000
.XOO.X.XO,4,1.000000
.XOO.X.XO,6,0.000000
.XOO.XO..,0,-1.000000
.XOO.XO..,4,-1.000000
.XOO.XO..,7,-1.000000
.XOO.XO..,8,-1.000000
.XOO.XO.X,0,-1.000000
.XOO.XO.X,4,-1.000000
.XOO.XO.X,7,-1.000000
.XOO.XOOX,0,-1.000000
.XOO.XOOX,4,-1.000000
.XOO.XOX.,0,-1.000000
.XOO.XOX.,4,1.000000
.XOO.XOX.,8,-1.000000
.XOO.XOXO,0,-1.000000
.XOO.XOXO,4,1.000000
.XOO.XX.O,0,0.000000
.XOO.XX.O,4,0.000000
.XOO.XX.O,7,0.000000
.XOO.XXO.,0,0.000000
.XOO.XXO.,4,0.000000
.XOO.XXO.,8,0.000000
.XOO.XXOO,0,-0.000000
.XOO.XXOO,4,-0.000000
.XOOO...X,0,-1.000000
.XOOO...X,5,-1.000000
.XOOO...X,6,-1.000000
.XOOO...X,7,-1.000000
.XOOO..X.,0,-1.000000
.XOOO..X.,5,-1.000000
.XOOO..X.,6,-1.000000
.XOOO..X.,8,-1.000000
.XOOO..XX,0,-1.000000
.XOOO..XX,5,-1.000000
.XOOO..XX,6,1.000000
.XOOO.X..,0,-1.000000
.XOOO.X..,5,-0.000000
.XOOO.X..,7,-1.000000
.XOOO.X..,8,-1.000000
.XOOO.X.X,0,-1.000000
.XOOO.X.X,5,0.000000
.XOOO.X.X,7,1.000000
.XOOO.XOX,0,-1.000000
.XOOO.XOX,5,-0.000000
.XOOO.XX.,0,-1.000000
.XOOO.XX.,5,0.000000
.XOOO.XX.,8,1.000000
.XOOO.XXO,0,-1.000000
.XOOO.XXO,5,-1.000000
.XOOOX...,0,-1.000000
.XOOOX...,6,-0.000000
.XOOOX...,7,-1.000000
.XOOOX...,8,-1.000000
.XOOOX..X,0,-1.000000
.XOOOX..X,6,0.000000
.XOOOX..X,7,-1.000000
.XOOOX.OX,0,-1.000000
.XOOOX.OX,6,-0.000000
.XOOOX.X.,0,-1.000000
.XOOOX.X.,6,0.000000
.XOOOX.X.,8,-1.000000
.XOOOX.XO,0,-1.000000
.XOOOX.XO,6,-1.000000
.XOOOXX..,0,0.000000
.XOOOXX..,7,0.000000
.XOOOXX..,8,0.000000
.XOOOXX.O,0,-0.000000
.XOOOXX.O,7,-1.000000
.XOOOXXO.,0,-0.000000
.XOOOXXO.,8,-0.000000
.XOOOXXOX,0,0.000000
.XOOOXXXO,0,0.000000
.XOOX....,0,1.000000
.XOOX....,5,0.000000
.XOOX....,6,0.000000
.XOOX....,7,1.000000
.XOOX....,8,1.000000
.XOOX...O,0,-1.000000
.XOOX...O,5,-0.000000
.XOOX...O,6,-1.000000
.XOOX...O,7,1.000000
.XOOX..O.,0,-1.000000
.XOOX..O.,5,-1.000000
.XOOX..O.,6,-0.000000
.XOOX..O.,8,-0.000000
.XOOX..OX,0,1.000000
.XOOX..OX,5,0.000000
.XOOX..OX,6,0.000000
.XOOX.O..,0,1.000000
.XOOX.O..,5,-1.000000
.XOOX.O..,7,1.000000
.XOOX.O..,8,-1.000000
.XOOX.O.X,0,1.000000
.XOOX.O.X,5,-1.000000
.XOOX.O.X,7,1.000000
.XOOX.OOX,0,1.000000
.XOOX.OOX,5,-1.000000
.XOOX.X.O,0,-1.000000
.XOOX.X.O,5,0.000000
.XOOX.X.O,7,1.000000
.XOOX.XO.,0,0.000000
.XOOX.XO.,5,0.000000
.XOOX.XO.,8,0.000000
.XOOX.XOO,0,-1.000000
.XOOX.XOO,5,-0.000000
.XOOXO...,0,-1.000000
.XOOXO...,6,-1.000000
.XOOXO...,7,1.000000
.XOOXO...,8,1.000000
.XOOXO..X,0,1.000000
.XOOXO..X,6,1.000000
.XOOXO..X,7,1.000000
.XOOXO.OX,0,1.000000
.XOOXO.OX,6,-0.000000
.XOOXOO.X,0,1.000000
.XOOXOO.X,7,1.000000
.XOOXOX..,0,-1.000000
.XOOXOX..,7,1.000000
.XOOXOX..,8,1.000000
.XOOXOXO.,0,-1.000000
.XOOXOXO.,8,-0.000000
.XOOXOXOX,0,1.000000
.XOOXX..O,0,0.000000
.XOOXX..O,6,0.000000
.XOOXX..O,7,1.000000
.XOOXX.O.,0,0.000000
.XOOXX.O.,6,0.000000
.XOOXX.O.,8,0.000000
.XOOXX.OO,0,-1.000000
.XOOXX.OO,6,-0.000000
.XOOXXO..,0,1.000000
.XOOXXO..,7,1.000000
.XOOXXO..,8,-1.000000
.XOOXXO.O,0,-1.000000
.XOOXXO.O,7,1.000000
.XOOXXOO.,0,-1.000000
.XOOXXOO.,8,-1.000000
.XOOXXOOX,0,1.000000
.XOOXXXOO,0,0.000000
.XOX....O,0,-1.000000
.XOX....O,4,-1.000000
.XOX....O,5,-1.000000
.XOX....O,6,-1.000000
.XOX....O,7,-1.000000
.XOX...O.,0,-1.000000
.XOX...O.,4,0.000000
.XOX...O.,5,0.000000
.XOX...O.,6,0.000000
.XOX...O.,8,0.000000
.XOX...OO,0,-1.000000
.XOX...OO,4,-1.000000
.XOX...OO,5,-1.000000
.XOX...OO,6,-1.000000
.XOX..O..,0,-1.000000
.XOX..O..,4,1.000000
.XOX..O..,5,-1.000000
.XOX..O..,7,-1.000000
.XOX..O..,8,-1.000000
.XOX..O.O,0,-1.000000
.XOX..O.O,4,-1.000000
.XOX..O.O,5,-1.000000
.XOX..O.O,7,-1.000000
.XOX..OO.,0,-1.000000
.XOX..OO.,4,-1.000000
.XOX..OO.,5,-1.000000
.XOX..OO.,8,-1.000000
.XOX..OOX,0,-1.000000
.XOX..OOX,4,1.000000
.XOX..OOX,5,-1.000000
.XOX..OXO,0,-1.000000
.XOX..OXO,4,1.000000
.XOX..OXO,5,-1.000000
.XOX..XOO,0,1.000000
.XOX..XOO,4,-1.000000
.XOX..XOO,5,1.000000
.XOX.O...,0,-1.000000
.XOX.O...,4,-1.000000
.XOX.O...,6,-1.000000
.XOX.O...,7,-1.000000
.XOX.O...,8,1.000000
.XOX.O.O.,0,-1.000000
.XOX.O.O.,4,-1.000000
.XOX.O.O.,6,-1.000000
.XOX.O.O.,8,-0.000000
.XOX.O.OX,0,1.000000
.XOX.O.OX,4,0.000000
.XOX.O.OX,6,0.000000
.XOX.OO..,0,-1.000000
.XOX.OO..,4,-1.000000
.XOX.OO..,7,-1.000000
.XOX.OO..,8,-1.000000
.XOX.OO.X,0,-1.000000
.XOX.OO.X,4,1.000000
.XOX.OO.X,7,-1.000000
.XOX.OOOX,0,-1.000000
.XOX.OOOX,4,-0.000000
.XOX.OOX.,0,-1.000000
.XOX.OOX.,4,1.000000
.XOX.OOX.,8,-1.000000
.XOX.OXO.,0,1.000000
.XOX.OXO.,4,-1.000000
.XOX.OXO.,8,0.000000
.XOX.X.OO,0,-1.000000
.XOX.X.OO,4,1.000000
.XOX.X.OO,6,1.000000
.XOX.XO.O,0,-1.000000
.XOX.XO.O,4,1.000000
.XOX.XO.O,7,-1.000000
.XOX.XOO.,0,-1.000000
.XOX.XOO.,4,1.000000
.XOX.XOO.,8,-1.000000
.XOXO....,0,-1.000000
.XOXO....,5,-1.000000
.XOXO....,6,0.000000
.XOXO....,7,-1.000000
.XOXO....,8,-1.000000
.XOXO...O,0,-1.000000
.XOXO...O,5,-1.000000
.XOXO...O,6,-1.000000
.XOXO...O,7,-1.000000
.XOXO..O.,0,-1.000000
.XOXO..O.,5,-1.000000
.XOXO..O.,6,-0.000000
.XOXO..O.,8,-1.000000
.XOXO..OX,0,-1.000000
.XOXO..OX,5,-1.000000
.XOXO..OX,6,0.000000
.XOXO..XO,0,-1.000000
.XOXO..XO,5,-1.000000
.XOXO..XO,6,-1.000000
.XOXO.X.O,0,1.000000
.XOXO.X.O,5,-1.000000
.XOXO.X.O,7,-1.000000
.XOXO.XO.,0,1.000000
.XOXO.XO.,5,0.000000
.XOXO.XO.,8,0.000000
.XOXO.XOO,0,1.000000
.XOXO.XOO,5,-1.000000
.XOXOO...,0,-1.000000
.XOXOO...,6,-1.000000
.XOXOO...,7,-1.000000
.XOXOO...,8,-1.000000
.XOXOO..X,0,-1.000000
.XOXOO..X,6,1.000000
.XOXOO..X,7,-1.000000
.XOXOO.OX,0,-1.000000
.XOXOO.OX,6,-0.000000
.XOXOO.X.,0,-1.000000
.XOXOO.X.,6,-1.000000
.XOXOO.X.,8,-1.000000
.XOXOOX..,0,1.000000
.XOXOOX..,7,-1.000000
.XOXOOX..,8,1.000000
.XOXOOXO.,0,1.000000
.XOXOOXO.,8,-0.000000
.XOXOOXOX,0,1.000000
.XOXOX..O,0,-1.000000
.XOXOX..O,6,-1.000000
.XOXOX..O,7,-1.000000
.XOXOX.O.,0,-1.000000
.XOXOX.O.,6,0.000000
.XOXOX.O.,8,-1.000000
.XOXOX.OO,0,-1.000000
.XOXOX.OO,6,-1.000000
.XOXOXXOO,0,1.000000
.XOXX..OO,0,-1.000000
.XOXX..OO,5,1.000000
.XOXX..OO,6,-1.000000
.XOXX.O.O,0,-1.000000
.XOXX.O.O,5,1.000000
.XOXX.O.O,7,1.000000
.XOXX.OO.,0,-1.000000
.XOXX.OO.,5,1.000000
.XOXX.OO.,8,1.000000
.XOXXO.O.,0,-1.000000
.XOXXO.O.,6,-1.000000
.XOXXO.O.,8,0.000000
.XOXXOO..,0,-1.000000
.XOXXOO..,7,1.000000
.XOXXOO..,8,1.000000
.XOXXOOO.,0,-1.000000
.XOXXOOO.,8,-0.000000
.XOXXOOOX,0,1.000000
.XX....OO,0,1.000000
.XX....OO,3,-1.000000
.XX....OO,4,-1.000000
.XX....OO,5,-1.000000
.XX....OO,6,1.000000
.XX...O.O,0,1.000000
.XX...O.O,3,-1.000000
.XX...O.O,4,-1.000000
.XX...O.O,5,-1.000000
.XX...O.O,7,1.000000
.XX...OO.,0,1.000000
.XX...OO.,3,-1.000000
.XX...OO.,4,-1.000000
.XX...OO.,5,-1.000000
.XX...OO.,8,1.000000
.XX..O..O,0,1.000000
.XX..O..O,3,1.000000
.XX..O..O,4,1.000000
.XX..O..O,6,1.000000
.XX..O..O,7,1.000000
.XX..O.O.,0,1.000000
.XX..O.O.,3,0.000000
.XX..O.O.,4,1.000000
.XX..O.O.,6,1.000000
.XX..O.O.,8,0.000000
.XX..O.OO,0,1.000000
.XX..O.OO,3,-1.000000
.XX..O.OO,4,-1.000000
.XX..O.OO,6,1.000000
.XX..OO..,0,1.000000
.XX..OO..,3,0.000000
.XX..OO..,4,1.000000
.XX..OO..,7,1.000000
.XX..OO..,8,0.000000
.XX..OO.O,0,1.000000
.XX..OO.O,3,-1.000000
.XX..OO.O,4,-1.000000
.XX..OO.O,7,1.000000
.XX..OOO.,0,1.000000
.XX..OOO.,3,-1.000000
.XX..OOO.,4,-1.000000
.XX..OOO.,8,-0.000000
.XX..OOOX,0,1.000000
.XX..OOOX,3,0.000000
.XX..OOOX,4,0.000000
.XX..OOXO,0,1.000000
.XX..OOXO,3,1.000000
.XX..OOXO,4,1.000000
.XX..OXOO,0,1.000000
.XX..OXOO,3,1.000000
.XX..OXOO,4,1.000000
.XX.O...O,0,1.000000
.XX.O...O,3,-1.000000
.XX.O...O,5,-1.000000
.XX.O...O,6,-1.000000
.XX.O...O,7,-1.000000
.XX.O..O.,0,1.000000
.XX.O..O.,3,0.000000
.XX.O..O.,5,1.000000
.XX.O..O.,6,0.000000
.XX.O..O.,8,1.000000
.XX.O..OO,0,1.000000
.XX.O..OO,3,-1.000000
.XX.O..OO,5,-1.000000
.XX.O..OO,6,-1.000000
.XX.O.O..,0,1.000000
.XX.O.O..,3,0.000000
.XX.O.O..,5,1.000000
.XX.O.O..,7,-1.000000
.XX.O.O..,8,1.000000
.XX.O.O.O,0,1.000000
.XX.O.O.O,3,-1.000000
.XX.O.O.O,5,-1.000000
.XX.O.O.O,7,-1.000000
.XX.O.OO.,0,1.000000
.XX.O.OO.,3,-1.000000
.XX.O.OO.,5,-1.000000
.XX.O.OO.,8,1.000000
.XX.O.OOX,0,1.000000
.XX.O.OOX,3,1.000000
.XX.O.OOX,5,1.000000
.XX.O.OXO,0,1.000000
.XX.O.OXO,3,-1.000000
.XX.O.OXO,5,-1.000000
.XX.O.XOO,0,1.000000
.XX.O.XOO,3,-1.000000
.XX.O.XOO,5,-1.000000
.XX.OO...,0,1.000000
.XX.OO...,3,0.000000
.XX.OO...,6,-1.000000
.XX.OO...,7,-1.000000
.XX.OO...,8,-1.000000
.XX.OO..O,0,1.000000
.XX.OO..O,3,-1.000000
.XX.OO..O,6,-1.000000
.XX.OO..O,7,-1.000000
.XX.OO.O.,0,1.000000
.XX.OO.O.,3,-0.000000
.XX.OO.O.,6,-1.000000
.XX.OO.O.,8,-1.000000
.XX.OO.OX,0,1.000000
.XX.OO.OX,3,0.000000
.XX.OO.OX,6,-1.000000
.XX.OO.XO,0,1.000000
.XX.OO.XO,3,-1.000000
.XX.OO.XO,6,-1.000000
.XX.OOO..,0,1.000000
.XX.OOO..,3,-0.000000
.XX.OOO..,7,-1.000000
.XX.OOO..,8,-1.000000
.XX.OOO.X,0,1.000000
.XX.OOO.X,3,0.000000
.XX.OOO.X,7,-1.000000
.XX.OOOOX,0,1.000000
.XX.OOOOX,3,-0.000000
.XX.OOOX.,0,1.000000
.XX.OOOX.,3,0.000000
.XX.OOOX.,8,-1.000000
.XX.OOOXO,0,1.000000
.XX.OOOXO,3,-1.000000
.XX.OOX.O,0,1.000000
.XX.OOX.O,3,-1.000000
.XX.OOX.O,7,-1.000000
.XX.OOXO.,0,1.000000
.XX.OOXO.,3,0.000000
.XX.OOXO.,8,-1.000000
.XX.OOXOO,0,1.000000
.XX.OOXOO,3,-1.000000
.XX.OX.OO,0,1.000000
.XX.OX.OO,3,-1.000000
.XX.OX.OO,6,-1.000000
.XX.OXO.O,0,1.000000
.XX.OXO.O,3,-1.000000
.XX.OXO.O,7,-1.000000
.XX.OXOO.,0,1.000000
.XX.OXOO.,3,-1.000000
.XX.OXOO.,8,1.000000
.XX.XO.OO,0,1.000000
.XX.XO.OO,3,-1.000000
.XX.XO.OO,6,1.000000
.XX.XOO.O,0,1.000000
.XX.XOO.O,3,-1.000000
.XX.XOO.O,7,1.000000
.XX.XOOO.,0,1.000000
.XX.XOOO.,3,-1.000000
.XX.XOOO.,8,0.000000
.XXO....O,0,1.000000
.XXO....O,4,1.000000
.XXO....O,5,-1.000000
.XXO....O,6,1.000000
.XXO....O,7,1.000000
.XXO...O.,0,1.000000
.XXO...O.,4,1.000000
.XXO...O.,5,1.000000
.XXO...O.,6,1.000000
.XXO...O.,8,1.000000
.XXO...OO,0,1.000000
.XXO...OO,4,-1.000000
.XXO...OO,5,-1.000000
.XXO...OO,6,1.000000
.XXO..O..,0,1.000000
.XXO..O..,4,-1.000000
.XXO..O..,5,-1.000000
.XXO..O..,7,-1.000000
.XXO..O..,8,-1.000000
.XXO..O.O,0,1.000000
.XXO..O.O,4,-1.000000
.XXO..O.O,5,-1.000000
.XXO..O.O,7,-1.000000
.XXO..OO.,0,1.000000
.XXO..OO.,4,-1.000000
.XXO..OO.,5,-1.000000
.XXO..OO.,8,-1.000000
.XXO..OOX,0,1.000000
.XXO..OOX,4,-1.000000
.XXO..OOX,5,1.000000
.XXO..OXO,0,1.000000
.XXO..OXO,4,1.000000
.XXO..OXO,5,-1.000000
.XXO..XOO,0,1.000000
.XXO..XOO,4,1.000000
.XXO..XOO,5,1.000000
.XXO.O...,0,1.000000
.XXO.O...,4,1.000000
.XXO.O...,6,-1.000000
.XXO.O...,7,-1.000000
.XXO.O...,8,-1.000000
.XXO.O..O,0,1.000000
.XXO.O..O,4,1.000000
.XXO.O..O,6,-1.000000
.XXO.O..O,7,-1.000000
.XXO.O.O.,0,1.000000
.XXO.O.O.,4,1.000000
.XXO.O.O.,6,-1.000000
.XXO.O.O.,8,-1.000000
.XXO.O.OX,0,1.000000
.XXO.O.OX,4,1.000000
.XXO.O.OX,6,-1.000000
.XXO.O.XO,0,1.000000
.XXO.O.XO,4,1.000000
.XXO.O.XO,6,-1.000000
.XXO.OO..,0,1.000000
.XXO.OO..,4,-1.000000
.XXO.OO..,7,-1.000000
.XXO.OO..,8,-1.000000
.XXO.OO.X,0,1.000000
.XXO.OO.X,4,-1.000000
.XXO.OO.X,7,-1.000000
.XXO.OOOX,0,1.000000
.XXO.OOOX,4,-1.000000
.XXO.OOX.,0,1.000000
.XXO.OOX.,4,1.000000
.XXO.OOX.,8,-1.000000
.XXO.OOXO,0,1.000000
.XXO.OOXO,4,1.000000
.XXO.OX.O,0,1.000000
.XXO.OX.O,4,1.000000
.XXO.OX.O,7,-1.000000
.XXO.OXO.,0,1.000000
.XXO.OXO.,4,1.000000
.XXO.OXO.,8,-1.000000
.XXO.OXOO,0,1.000000
.XXO.OXOO,4,1.000000
.XXO.X.OO,0,1.000000
.XXO.X.OO,4,-1.000000
.XXO.X.OO,6,1.000000
.XXO.XO.O,0,1.000000
.XXO.XO.O,4,-1.000000
.XXO.XO.O,7,-1.000000
.XXO.XOO.,0,1.000000
.XXO.XOO.,4,-1.000000
.XXO.XOO.,8,1.000000
.XXOO....,0,1.000000
.XXOO....,5,1.000000
.XXOO....,6,-1.000000
.XXOO....,7,-1.000000
.XXOO....,8,-1.000000
.XXOO...O,0,1.000000
.XXOO...O,5,-1.000000
.XXOO...O,6,-1.000000
.XXOO...O,7,-1.000000
.XXOO..O.,0,1.000000
.XXOO..O.,5,1.000000
.XXOO..O.,6,-1.000000
.XXOO..O.,8,-1.000000
.XXOO..OX,0,1.000000
.XXOO..OX,5,1.000000
.XXOO..OX,6,-1.000000
.XXOO..XO,0,1.000000
.XXOO..XO,5,-1.000000
.XXOO..XO,6,-1.000000
.XXOO.O..,0,1.000000
.XXOO.O..,5,-1.000000
.XXOO.O..,7,-1.000000
.XXOO.O..,8,-1.000000
.XXOO.O.X,0,1.000000
.XXOO.O.X,5,1.000000
.XXOO.O.X,7,-1.000000
.XXOO.OOX,0,1.000000
.XXOO.OOX,5,1.000000
.XXOO.OX.,0,1.000000
.XXOO.OX.,5,-1.000000
.XXOO.OX.,8,-1.000000
.XXOO.OXO,0,1.000000
.XXOO.OXO,5,-1.000000
.XXOO.X.O,0,1.000000
.XXOO.X.O,5,-1.000000
.XXOO.X.O,7,-1.000000
.XXOO.XO.,0,1.000000
.XXOO.XO.,5,1.000000
.XXOO.XO.,8,-1.000000
.XXOO.XOO,0,1.000000
.XXOO.XOO,5,-1.000000
.XXOOX..O,0,1.000000
.XXOOX..O,6,-1.000000
.XXOOX..O,7,-1.000000
.XXOOX.O.,0,1.000000
.XXOOX.O.,6,1.000000
.XXOOX.O.,8,1.000000
.XXOOX.OO,0,1.000000
.XXOOX.OO,6,-1.000000
.XXOOXO..,0,1.000000
.XXOOXO..,7,-1.000000
.XXOOXO..,8,1.000000
.XXOOXO.O,0,1.000000
.XXOOXO.O,7,-1.000000
.XXOOXOO.,0,1.000000
.XXOOXOO.,8,1.000000
.XXOOXOXO,0,1.000000
.XXOOXXOO,0,1.000000
.XXOX..OO,0,1.000000
.XXOX..OO,5,-1.000000
.XXOX..OO,6,1.000000
.XXOX.O.O,0,1.000000
.XXOX.O.O,5,-1.000000
.XXOX.O.O,7,1.000000
.XXOX.OO.,0,1.000000
.XXOX.OO.,5,-1.000000
.XXOX.OO.,8,-1.000000
.XXOXO..O,0,1.000000
.XXOXO..O,6,1.000000
.XXOXO..O,7,1.000000
.XXOXO.O.,0,1.000000
.XXOXO.O.,6,1.000000
.XXOXO.O.,8,1.000000
.XXOXO.OO,0,1.000000
.XXOXO.OO,6,1.000000
.XXOXOO..,0,1.000000
.XXOXOO..,7,1.000000
.XXOXOO..,8,-1.000000
.XXOXOO.O,0,1.000000
.XXOXOO.O,7,1.000000
.XXOXOOO.,0,1.000000
.XXOXOOO.,8,-1.000000
.XXOXOOOX,0,1.000000
.XXX.O.OO,0,1.000000
.XXX.O.OO,4,-1.000000
.XXX.O.OO,6,1.000000
.XXX.OO.O,0,1.000000
.XXX.OO.O,4,-1.000000
.XXX.OO.O,7,1.000000
.XXX.OOO.,0,1.000000
.XXX.OOO.,4,-1.000000
.XXX.OOO.,8,0.000000
.XXXO..OO,0,1.000000
.XXXO..OO,5,-1.000000
.XXXO..OO,6,-1.000000
.XXXO.O.O,0,1.000000
.XXXO.O.O,5,-1.000000
.XXXO.O.O,7,-1.000000
.XXXO.OO.,0,1.000000
.XXXO.OO.,5,-1.000000
.XXXO.OO.,8,1.000000
.XXXOO..O,0,1.000000
.XXXOO..O,6,-1.000000
.XXXOO..O,7,-1.000000
.XXXOO.O.,0,1.000000
.XXXOO.O.,6,0.000000
.XXXOO.O.,8,0.000000
.XXXOO.OO,0,1.000000
.XXXOO.OO,6,-1.000000
.XXXOOO..,0,1.000000
.XXXOOO..,7,0.000000
.XXXOOO..,8,0.000000
.XXXOOO.O,0,1.000000
.XXXOOO.O,7,-1.000000
.XXXOOOO.,0,1.000000
.XXXOOOO.,8,-0.000000
.XXXOOOOX,0,1.000000
.XXXOOOXO,0,1.000000
.XXXOOXOO,0,1.000000
O........,1,-1.000000
O........,2,-1.000000
O........,3,-1.000000
O........,4,-0.000000
O........,5,-1.000000
O........,6,-1.000000
O........,7,-1.000000
O........,8,-1.000000
O.......X,1,0.000000
O.......X,2,1.000000
O.......X,3,0.000000
O.......X,4,0.000000
O.......X,5,-1.000000
O.......X,6,1.000000
O.......X,7,-1.000000
O......OX,1,-0.000000
O......OX,2,-0.000000
O......OX,3,-1.000000
O......OX,4,-0.000000
O......OX,5,-1.000000
O......OX,6,-1.000000
O......X.,1,-1.000000
O......X.,2,0.000000
O......X.,3,-1.000000
O......X.,4,0.000000
O......X.,5,-1.000000
O......X.,6,1.000000
O......X.,8,-1.000000
O......XO,1,-1.000000
O......XO,2,-1.000000
O......XO,3,-1.000000
O......XO,4,-0.000000
O......XO,5,-1.000000
O......XO,6,-1.000000
O.....O.X,1,-1.000000
O.....O.X,2,-1.000000
O.....O.X,3,-1.000000
O.....O.X,4,-1.000000
O.....O.X,5,-1.000000
O.....O.X,7,-1.000000
O.....OX.,1,-1.000000
O.....OX.,2,-1.000000
O.....OX.,3,-1.000000
O.....OX.,4,-1.000000
O.....OX.,5,-1.000000
O.....OX.,8,-1.000000
O.....OXX,1,-1.000000
O.....OXX,2,-1.000000
O.....OXX,3,-1.000000
O.....OXX,4,-1.000000
O.....OXX,5,-1.000000
O.....X..,1,0.000000
O.....X..,2,1.000000
O.....X..,3,-1.000000
O.....X..,4,0.000000
O.....X..,5,0.000000
O.....X..,7,1.000000
O.....X..,8,1.000000
O.....X.O,1,-1.000000
O.....X.O,2,-1.000000
O.....X.O,3,-1.000000
O.....X.O,4,-1.000000
O.....X.O,5,-1.000000
O.....X.O,7,-1.000000
O.....XO.,1,-0.000000
O.....XO.,2,-1.000000
O.....XO.,3,-1.000000
O.....XO.,4,-0.000000
O.....XO.,5,-1.000000
O.....XO.,8,-1.000000
O.....XOX,1,0.000000
O.....XOX,2,1.000000
O.....XOX,3,-1.000000
O.....XOX,4,0.000000
O.....XOX,5,0.000000
O.....XXO,1,-1.000000
O.....XXO,2,-1.000000
O.....XXO,3,-1.000000
O.....XXO,4,1.000000
O.....XXO,5,-1.000000
O....O..X,1,-1.000000
O....O..X,2,-1.000000
O....O..X,3,-0.000000
O....O..X,4,-0.000000
O....O..X,6,-0.000000
O....O..X,7,-1.000000
O....O.X.,1,-1.000000
O....O.X.,2,-1.000000
O....O.X.,3,-1.000000
O....O.X.,4,-0.000000
O....O.X.,6,-1.000000
O....O.X.,8,-1.000000
O....O.XX,1,1.000000
O....O.XX,2,0.000000
O....O.XX,3,0.000000
O....O.XX,4,1.000000
O....O.XX,6,1.000000
O....OOXX,1,-1.000000
O....OOXX,2,-1.000000
O....OOXX,3,-1.000000
O....OOXX,4,-1.000000
O....OX..,1,-1.000000
O....OX..,2,-1.000000
O....OX..,3,-1.000000
O....OX..,4,-1.000000
O....OX..,7,-1.000000
O....OX..,8,-0.000000
O....OX.X,1,0.000000
O....OX.X,2,1.000000
O....OX.X,3,0.000000
O....OX.X,4,1.000000
O....OX.X,7,1.000000
O....OXOX,1,-0.000000
O....OXOX,2,-1.000000
O....OXOX,3,-1.000000
O....OXOX,4,-0.000000
O....OXX.,1,1.000000
O....OXX.,2,1.000000
O....OXX.,3,-1.000000
O....OXX.,4,1.000000
O....OXX.,8,1.000000
O....OXXO,1,-1.000000
O....OXXO,2,-1.000000
O....OXXO,3,-1.000000
O....OXXO,4,-1.000000
O....X...,1,-1.000000
O....X...,2,1.000000
O....X...,3,-1.000000
O....X...,4,0.000000
O....X...,6,0.000000
O....X...,7,-1.000000
O....X...,8,-1.000000
O....X..O,1,-1.000000
O....X..O,2,-1.000000
O....X..O,3,-1.000000
O....X..O,4,-0.000000
O....X..O,6,-1.000000
O....X..O,7,-1.000000
O....X.O.,1,-1.000000
O....X.O.,2,-1.000000
O....X.O.,3,-1.000000
O....X.O.,4,-0.000000
O....X.O.,6,-1.000000
O....X.O.,8,-1.000000
O....X.OX,1,0.000000
O....X.OX,2,1.000000
O....X.OX,3,1.000000
O....X.OX,4,1.000000
O....X.OX,6,0.000000
O....X.XO,1,-1.000000
O....X.XO,2,-1.000000
O....X.XO,3,-1.000000
O....X.XO,4,1.000000
O....X.XO,6,-1.000000
O....XO..,1,-1.000000
O....XO..,2,-1.000000
O....XO..,3,-1.000000
O....XO..,4,-1.000000
O....XO..,7,-1.000000
O....XO..,8,-1.000000
O....XO.X,1,-1.000000
O....XO.X,2,1.000000
O....XO.X,3,1.000000
O....XO.X,4,-1.000000
O....XO.X,7,-1.000000
O....XOOX,1,-1.000000
O....XOOX,2,1.000000
O....XOOX,3,1.000000
O....XOOX,4,-1.000000
O....XOX.,1,-1.000000
O....XOX.,2,-1.000000
O....XOX.,3,-1.000000
O....XOX.,4,-1.000000
O....XOX.,8,-1.000000
O....XOXO,1,-1.000000
O....XOXO,2,-1.000000
O....XOXO,3,-1.000000
O....XOXO,4,-1.000000
O....XX.O,1,-1.000000
O....XX.O,2,-1.000000
O....XX.O,3,-1.000000
O....XX.O,4,1.000000
O....XX.O,7,-1.000000
O....XXO.,1,0.000000
O....XXO.,2,1.000000
O....XXO.,3,-1.000000
O....XXO.,4,1.000000
O....XXO.,8,0.000000
O....XXOO,1,-1.000000
O....XXOO,2,-1.000000
O....XXOO,3,-1.000000
O....XXOO,4,1.000000
O...O...X,1,-1.000000
O...O...X,2,-0.000000
O...O...X,3,-1.000000
O...O...X,5,-1.000000
O...O...X,6,-0.000000
O...O...X,7,-1.000000
O...O..X.,1,-1.000000
O...O..X.,2,-1.000000
O...O..X.,3,-1.000000
O...O..X.,5,-1.000000
O...O..X.,6,-1.000000
O...O..X.,8,-1.000000
O...O..XX,1,-1.000000
O...O..XX,2,1.000000
O...O..XX,3,0.000000
O...O..XX,5,1.000000
O...O..XX,6,1.000000
O...O.OXX,1,-1.000000
O...O.OXX,2,-1.000000
O...O.OXX,3,-1.000000
O...O.OXX,5,-1.000000
O...O.X..,1,-1.000000
O...O.X..,2,-1.000000
O...O.X..,3,-1.000000
O...O.X..,5,-1.000000
O...O.X..,7,-1.000000
O...O.X..,8,-0.000000
O...O.X.X,1,0.000000
O...O.X.X,2,1.000000
O...O.X.X,3,0.000000
O...O.X.X,5,1.000000
O...O.X.X,7,1.000000
O...O.XOX,1,-0.000000
O...O.XOX,2,-1.000000
O...O.XOX,3,-1.000000
O...O.XOX,5,-1.000000
O...O.XX.,1,-1.000000
O...O.XX.,2,-1.000000
O...O.XX.,3,-1.000000
O...O.XX.,5,-1.000000
O...O.XX.,8,1.000000
O...OO.XX,1,-1.000000
O...OO.XX,2,-1.000000
O...OO.XX,3,-0.000000
O...OO.XX,6,1.000000
O...OOX.X,1,-1.000000
O...OOX.X,2,-1.000000
O...OOX.X,3,-0.000000
O...OOX.X,7,1.000000
O...OOXX.,1,-1.000000
O...OOXX.,2,-1.000000
O...OOXX.,3,-1.000000
O...OOXX.,8,1.000000
O...OX...,1,-1.000000
O...OX...,2,-1.000000
O...OX...,3,-1.000000
O...OX...,6,-1.000000
O...OX...,7,-1.000000
O...OX...,8,-1.000000
O...OX..X,1,0.000000
O...OX..X,2,1.000000
O...OX..X,3,-1.000000
O...OX..X,6,1.000000
O...OX..X,7,1.000000
O...OX.OX,1,-0.000000
O...OX.OX,2,1.000000
O...OX.OX,3,-1.000000
O...OX.OX,6,-1.000000
O...OX.X.,1,-1.000000
O...OX.X.,2,-1.000000
O...OX.X.,3,-1.000000
O...OX.X.,6,-1.000000
O...OX.X.,8,1.000000
O...OXO.X,1,-1.000000
O...OXO.X,2,1.000000
O...OXO.X,3,-1.000000
O...OXO.X,7,-1.000000
O...OXOX.,1,-1.000000
O...OXOX.,2,-1.000000
O...OXOX.,3,-1.000000
O...OXOX.,8,-1.000000
O...OXOXX,1,-1.000000
O...OXOXX,2,1.000000
O...OXOXX,3,-1.000000
O...OXX..,1,-1.000000
O...OXX..,2,-1.000000
O...OXX..,3,-1.000000
O...OXX..,7,-1.000000
O...OXX..,8,1.000000
O...OXXO.,1,-1.000000
O...OXXO.,2,-1.000000
O...OXXO.,3,-1.000000
O...OXXO.,8,-1.000000
O...OXXOX,1,0.000000
O...OXXOX,2,1.000000
O...OXXOX,3,-1.000000
O...X....,1,0.000000
O...X....,2,0.000000
O...X....,3,0.000000
O...X....,5,0.000000
O...X....,6,0.000000
O...X....,7,0.000000
O...X....,8,0.000000
O...X...O,1,-0.000000
O...X...O,2,-1.000000
O...X...O,3,-0.000000
O...X...O,5,-0.000000
O...X...O,6,-1.000000
O...X...O,7,-0.000000
O...X..O.,1,-1.000000
O...X..O.,2,-1.000000
O...X..O.,3,-0.000000
O...X..O.,5,-0.000000
O...X..O.,6,-0.000000
O...X..O.,8,-0.000000
O...X..OX,1,0.000000
O...X..OX,2,1.000000
O...X..OX,3,0.000000
O...X..OX,5,1.000000
O...X..OX,6,0.000000
O...X..XO,1,1.000000
O...X..XO,2,1.000000
O...X..XO,3,1.000000
O...X..XO,5,1.000000
O...X..XO,6,1.000000
O...X.O..,1,-1.000000
O...X.O..,2,-1.000000
O...X.O..,3,-0.000000
O...X.O..,5,-1.000000
O...X.O..,7,-1.000000
O...X.O..,8,-1.000000
O...X.O.X,1,-1.000000
O...X.O.X,2,-1.000000
O...X.O.X,3,0.000000
O...X.O.X,5,-1.000000
O...X.O.X,7,-1.000000
O...X.OOX,1,-1.000000
O...X.OOX,2,-1.000000
O...X.OOX,3,-0.000000
O...X.OOX,5,-1.000000
O...X.OX.,1,1.000000
O...X.OX.,2,-1.000000
O...X.OX.,3,1.000000
O...X.OX.,5,-1.000000
O...X.OX.,8,-1.000000
O...X.OXO,1,1.000000
O...X.OXO,2,-1.000000
O...X.OXO,3,1.000000
O...X.OXO,5,-1.000000
O...X.X.O,1,1.000000
O...X.X.O,2,1.000000
O...X.X.O,3,1.000000
O...X.X.O,5,1.000000
O...X.X.O,7,1.000000
O...X.XO.,1,0.000000
O...X.XO.,2,1.000000
O...X.XO.,3,1.000000
O...X.XO.,5,1.000000
O...X.XO.,8,0.000000
O...X.XOO,1,-0.000000
O...X.XOO,2,1.000000
O...X.XOO,3,1.000000
O...X.XOO,5,1.000000
O...XO...,1,-0.000000
O...XO...,2,-0.000000
O...XO...,3,-1.000000
O...XO...,6,-1.000000
O...XO...,7,-0.000000
O...XO...,8,-0.000000
O...XO..X,1,0.000000
O...XO..X,2,0.000000
O...XO..X,3,0.000000
O...XO..X,6,1.000000
O...XO..X,7,1.000000
O...XO.OX,1,-0.000000
O...XO.OX,2,-0.000000
O...XO.OX,3,-0.000000
O...XO.OX,6,-0.000000
O...XO.X.,1,1.000000
O...XO.X.,2,1.000000
O...XO.X.,3,0.000000
O...XO.X.,6,1.000000
O...XO.X.,8,1.000000
O...XO.XO,1,1.000000
O...XO.XO,2,1.000000
O...XO.XO,3,-1.000000
O...XO.XO,6,-1.000000
O...XOO.X,1,-1.000000
O...XOO.X,2,-1.000000
O...XOO.X,3,-0.000000
O...XOO.X,7,-1.000000
O...XOOX.,1,1.000000
O...XOOX.,2,-1.000000
O...XOOX.,3,-0.000000
O...XOOX.,8,-1.000000
O...XOOXX,1,1.000000
O...XOOXX,2,-1.000000
O...XOOXX,3,0.000000
O...XOX..,1,1.000000
O...XOX..,2,1.000000
O...XOX..,3,-1.000000
O...XOX..,7,1.000000
O...XOX..,8,1.000000
O...XOX.O,1,-1.000000
O...XOX.O,2,1.000000
O...XOX.O,3,-1.000000
O...XOX.O,7,-1.000000
O...XOXO.,1,-0.000000
O...XOXO.,2,1.000000
O...XOXO.,3,-1.000000
O...XOXO.,8,-0.000000
O...XOXOX,1,0.000000
O...XOXOX,2,1.000000
O...XOXOX,3,0.000000
O...XOXXO,1,1.000000
O...XOXXO,2,1.000000
O...XOXXO,3,-1.000000
O...XX..O,1,1.000000
O...XX..O,2,1.000000
O...XX..O,3,1.000000
O...XX..O,6,1.000000
O...XX..O,7,1.000000
O...XX.O.,1,0.000000
O...XX.O.,2,1.000000
O...XX.O.,3,1.000000
O...XX.O.,6,1.000000
O...XX.O.,8,1.000000
O...XX.OO,1,-1.000000
O...XX.OO,2,-1.000000
O...XX.OO,3,1.000000
O...XX.OO,6,1.000000
O...XXO..,1,-1.000000
O...XXO..,2,-1.000000
O...XXO..,3,1.000000
O...XXO..,7,-1.000000
O...XXO..,8,-1.000000
O...XXO.O,1,-1.000000
O...XXO.O,2,-1.000000
O...XXO.O,3,1.000000
O...XXO.O,7,-1.000000
O...XXOO.,1,-1.000000
O...XXOO.,2,-1.000000
O...XXOO.,3,1.000000
O...XXOO.,8,-1.000000
O...XXOOX,1,-1.000000
O...XXOOX,2,1.000000
O...XXOOX,3,1.000000
O...XXOXO,1,1.000000
O...XXOXO,2,-1.000000
O...XXOXO,3,1.000000
O...XXXOO,1,1.000000
O...XXXOO,2,1.000000
O...XXXOO,3,1.000000
O..O....X,1,-1.000000
O..O....X,2,-1.000000
O..O....X,4,-1.000000
O..O....X,5,-1.000000
O..O....X,6,1.000000
O..O....X,7,-1.000000
O..O...X.,1,-1.000000
O..O...X.,2,-1.000000
O..O...X.,4,-1.000000
O..O...X.,5,-1.000000
O..O...X.,6,1.000000
O..O...X.,8,-1.000000
O..O...XX,1,-1.000000
O..O...XX,2,-1.000000
O..O...XX,4,-1.000000
O..O...XX,5,-1.000000
O..O...XX,6,1.000000
O..O..X..,1,-1.000000
O..O..X..,2,-1.000000
O..O..X..,4,-0.000000
O..O..X..,5,-0.000000
O..O..X..,7,1.000000
O..O..X..,8,1.000000
O..O..X.X,1,1.000000
O..O..X.X,2,1.000000
O..O..X.X,4,1.000000
O..O..X.X,5,1.000000
O..O..X.X,7,1.000000
O..O..XOX,1,-0.000000
O..O..XOX,2,1.000000
O..O..XOX,4,-0.000000
O..O..XOX,5,-0.000000
O..O..XX.,1,1.000000
O..O..XX.,2,1.000000
O..O..XX.,4,1.000000
O..O..XX.,5,1.000000
O..O..XX.,8,1.000000
O..O..XXO,1,-1.000000
O..O..XXO,2,-1.000000
O..O..XXO,4,1.000000
O..O..XXO,5,-1.000000
O..O.O.XX,1,-1.000000
O..O.O.XX,2,-1.000000
O..O.O.XX,4,-1.000000
O..O.O.XX,6,1.000000
O..O.OX.X,1,-1.000000
O..O.OX.X,2,-1.000000
O..O.OX.X,4,1.000000
O..O.OX.X,7,1.000000
O..O.OXX.,1,-1.000000
O..O.OXX.,2,-1.000000
O..O.OXX.,4,1.000000
O..O.OXX.,8,1.000000
O..O.X...,1,-1.000000
O..O.X...,2,-1.000000
O..O.X...,4,-1.000000
O..O.X...,6,-0.000000
O..O.X...,7,-1.000000
O..O.X...,8,-1.000000
O..O.X..X,1,-1.000000
O..O.X..X,2,1.000000
O..O.X..X,4,-1.000000
O..O.X..X,6,1.000000
O..O.X..X,7,-1.000000
O..O.X.OX,1,-1.000000
O..O.X.OX,2,1.000000
O..O.X.OX,4,-1.000000
O..O.X.OX,6,-0.000000
O..O.X.X.,1,-1.000000
O..O.X.X.,2,-1.000000
O..O.X.X.,4,-1.000000
O..O.X.X.,6,1.000000
O..O.X.X.,8,-1.000000
O..O.X.XO,1,-1.000000
O..O.X.XO,2,-1.000000
O..O.X.XO,4,-1.000000
O..O.X.XO,6,-1.000000
O..O.XX..,1,1.000000
O..O.XX..,2,1.000000
O..O.XX..,4,0.000000
O..O.XX..,7,1.000000
O..O.XX..,8,1.000000
O..O.XX.O,1,-1.000000
O..O.XX.O,2,-1.000000
O..O.XX.O,4,-0.000000
O..O.XX.O,7,-1.000000
O..O.XXO.,1,-0.000000
O..O.XXO.,2,1.000000
O..O.XXO.,4,-0.000000
O..O.XXO.,8,-0.000000
O..O.XXOX,1,0.000000
O..O.XXOX,2,1.000000
O..O.XXOX,4,0.000000
O..O.XXXO,1,-1.000000
O..O.XXXO,2,-1.000000
O..O.XXXO,4,1.000000
O..OO..XX,1,-1.000000
O..OO..XX,2,-1.000000
O..OO..XX,5,-1.000000
O..OO..XX,6,1.000000
O..OO.X.X,1,-1.000000
O..OO.X.X,2,-1.000000
O..OO.X.X,5,1.000000
O..OO.X.X,7,1.000000
O..OO.XX.,1,-1.000000
O..OO.XX.,2,-1.000000
O..OO.XX.,5,-1.000000
O..OO.XX.,8,1.000000
O..OOX..X,1,-1.000000
O..OOX..X,2,1.000000
O..OOX..X,6,1.000000
O..OOX..X,7,-1.000000
O..OOX.X.,1,-1.000000
O..OOX.X.,2,-1.000000
O..OOX.X.,6,-1.000000
O..OOX.X.,8,-1.000000
O..OOX.XX,1,-1.000000
O..OOX.XX,2,1.000000
O..OOX.XX,6,1.000000
O..OOXX..,1,-1.000000
O..OOXX..,2,-1.000000
O..OOXX..,7,-1.000000
O..OOXX..,8,1.000000
O..OOXX.X,1,1.000000
O..OOXX.X,2,1.000000
O..OOXX.X,7,1.000000
O..OOXXOX,1,-0.000000
O..OOXXOX,2,1.000000
O..OOXXX.,1,-1.000000
O..OOXXX.,2,-1.000000
O..OOXXX.,8,1.000000
O..OX....,1,-1.000000
O..OX....,2,-1.000000
O..OX....,5,-1.000000
O..OX....,6,-0.000000
O..OX....,7,-1.000000
O..OX....,8,-1.000000
O..OX...X,1,-1.000000
O..OX...X,2,-1.000000
O..OX...X,5,-1.000000
O..OX...X,6,1.000000
O..OX...X,7,-1.000000
O..OX..OX,1,-1.000000
O..OX..OX,2,-1.000000
O..OX..OX,5,-1.000000
O..OX..OX,6,-0.000000
O..OX..X.,1,1.000000
O..OX..X.,2,-1.000000
O..OX..X.,5,-1.000000
O..OX..X.,6,1.000000
O..OX..X.,8,-1.000000
O..OX..XO,1,1.000000
O..OX..XO,2,-1.000000
O..OX..XO,5,-1.000000
O..OX..XO,6,1.000000
O..OX.X..,1,1.000000
O..OX.X..,2,1.000000
O..OX.X..,5,0.000000
O..OX.X..,7,1.000000
O..OX.X..,8,1.000000
O..OX.X.O,1,1.000000
O..OX.X.O,2,1.000000
O..OX.X.O,5,-0.000000
O..OX.X.O,7,1.000000
O..OX.XO.,1,-0.000000
O..OX.XO.,2,1.000000
O..OX.XO.,5,-0.000000
O..OX.XO.,8,-0.000000
O..OX.XOX,1,0.000000
O..OX.XOX,2,1.000000
O..OX.XOX,5,0.000000
O..OX.XXO,1,1.000000
O..OX.XXO,2,1.000000
O..OX.XXO,5,1.000000
O..OXO..X,1,-1.000000
O..OXO..X,2,-1.000000
O..OXO..X,6,1.000000
O..OXO..X,7,-1.000000
O..OXO.X.,1,1.000000
O..OXO.X.,2,-1.000000
O..OXO.X.,6,1.000000
O..OXO.X.,8,-1.000000
O..OXO.XX,1,1.000000
O..OXO.XX,2,-1.000000
O..OXO.XX,6,1.000000
O..OXOX..,1,1.000000
O..OXOX..,2,1.000000
O..OXOX..,7,1.000000
O..OXOX..,8,1.000000
O..OXOX.X,1,1.000000
O..OXOX.X,2,1.000000
O..OXOX.X,7,1.000000
O..OXOXOX,1,-0.000000
O..OXOXOX,2,1.000000
O..OXOXX.,1,1.000000
O..OXOXX.,2,1.000000
O..OXOXX.,8,1.000000
O..OXOXXO,1,1.000000
O..OXOXXO,2,1.000000
O..OXX...,1,-1.000000
O..OXX...,2,-1.000000
O..OXX...,6,0.000000
O..OXX...,7,-1.000000
O..OXX...,8,-1.000000
O..OXX..O,1,-1.000000
O..OXX..O,2,-1.000000
O..OXX..O,6,-0.000000
O..OXX..O,7,-1.000000
O..OXX.O.,1,-1.000000
O..OXX.O.,2,-1.000000
O..OXX.O.,6,-0.000000
O..OXX.O.,8,-1.000000
O..OXX.OX,1,-1.000000
O..OXX.OX,2,1.000000
O..OXX.OX,6,0.000000
O..OXX.XO,1,1.000000
O..OXX.XO,2,-1.000000
O..OXX.XO,6,1.000000
O..OXXX.O,1,1.000000
O..OXXX.O,2,1.000000
O..OXXX.O,7,1.000000
O..OXXXO.,1,0.000000
O..OXXXO.,2,1.000000
O..OXXXO.,8,0.000000
O..OXXXOO,1,-0.000000
O..OXXXOO,2,1.000000
O..X.....,1,0.000000
O..X.....,2,0.000000
O..X.....,4,0.000000
O..X.....,5,-1.000000
O..X.....,6,-1.000000
O..X.....,7,-1.000000
O..X.....,8,0.000000
O..X....O,1,-1.000000
O..X....O,2,-1.000000
O..X....O,4,-0.000000
O..X....O,5,-1.000000
O..X....O,6,-1.000000
O..X....O,7,-1.000000
O..X...O.,1,-1.000000
O..X...O.,2,-1.000000
O..X...O.,4,-0.000000
O..X...O.,5,-1.000000
O..X...O.,6,-1.000000
O..X...O.,8,-1.000000
O..X...OX,1,0.000000
O..X...OX,2,0.000000
O..X...OX,4,0.000000
O..X...OX,5,1.000000
O..X...OX,6,-1.000000
O..X...XO,1,-1.000000
O..X...XO,2,-1.000000
O..X...XO,4,1.000000
O..X...XO,5,-1.000000
O..X...XO,6,-1.000000
O..X..O..,1,-1.000000
O..X..O..,2,-1.000000
O..X..O..,4,-0.000000
O..X..O..,5,-1.000000
O..X..O..,7,-1.000000
O..X..O..,8,-1.000000
O..X..O.X,1,0.000000
O..X..O.X,2,0.000000
O..X..O.X,4,0.000000
O..X..O.X,5,1.000000
O..X..O.X,7,-1.000000
O..X..OOX,1,-0.000000
O..X..OOX,2,-0.000000
O..X..OOX,4,-0.000000
O..X..OOX,5,1.000000
O..X..OX.,1,-1.000000
O..X..OX.,2,0.000000
O..X..OX.,4,1.000000
O..X..OX.,5,-1.000000
O..X..OX.,8,-1.000000
O..X..OXO,1,-1.000000
O..X..OXO,2,-1.000000
O..X..OXO,4,1.000000
O..X..OXO,5,-1.000000
O..X..X.O,1,-1.000000
O..X..X.O,2,-1.000000
O..X..X.O,4,1.000000
O..X..X.O,5,-1.000000
O..X..X.O,7,-1.000000
O..X..XO.,1,0.000000
O..X..XO.,2,-1.000000
O..X..XO.,4,1.000000
O..X..XO.,5,-1.000000
O..X..XO.,8,-1.000000
O..X..XOO,1,-1.000000
O..X..XOO,2,-1.000000
O..X..XOO,4,1.000000
O..X..XOO,5,-1.000000
O..X.O...,1,-1.000000
O..X.O...,2,-0.000000
O..X.O...,4,-1.000000
O..X.O...,6,-1.000000
O..X.O...,7,-1.000000
O..X.O...,8,-0.000000
O..X.O..X,1,0.000000
O..X.O..X,2,0.000000
O..X.O..X,4,0.000000
O..X.O..X,6,0.000000
O..X.O..X,7,0.000000
O..X.O.OX,1,-0.000000
O..X.O.OX,2,-0.000000
O..X.O.OX,4,-0.000000
O..X.O.OX,6,-1.000000
O..X.O.X.,1,0.000000
O..X.O.X.,2,0.000000
O..X.O.X.,4,0.000000
O..X.O.X.,6,-1.000000
O..X.O.X.,8,0.000000
O..X.O.XO,1,-1.000000
O..X.O.XO,2,-1.000000
O..X.O.XO,4,-1.000000
O..X.O.XO,6,-1.000000
O..X.OO.X,1,-0.000000
O..X.OO.X,2,-0.000000
O..X.OO.X,4,-0.000000
O..X.OO.X,7,-1.000000
O..X.OOX.,1,-1.000000
O..X.OOX.,2,-0.000000
O..X.OOX.,4,-0.000000
O..X.OOX.,8,-1.000000
O..X.OOXX,1,0.000000
O..X.OOXX,2,0.000000
O..X.OOXX,4,0.000000
O..X.OX..,1,-1.000000
O..X.OX..,2,0.000000
O..X.OX..,4,-1.000000
O..X.OX..,7,-1.000000
O..X.OX..,8,0.000000
O..X.OX.O,1,-1.000000
O..X.OX.O,2,-1.000000
O..X.OX.O,4,-1.000000
O..X.OX.O,7,-1.000000
O..X.OXO.,1,-1.000000
O..X.OXO.,2,-1.000000
O..X.OXO.,4,-1.000000
O..X.OXO.,8,-1.000000
O..X.OXOX,1,0.000000
O..X.OXOX,2,0.000000
O..X.OXOX,4,0.000000
O..X.OXXO,1,-1.000000
O..X.OXXO,2,-1.000000
O..X.OXXO,4,-1.000000
O..X.X..O,1,-1.000000
O..X.X..O,2,-1.000000
O..X.X..O,4,1.000000
O..X.X..O,6,-1.000000
O..X.X..O,7,-1.000000
O..X.X.O.,1,0.000000
O..X.X.O.,2,1.000000
O..X.X.O.,4,1.000000
O..X.X.O.,6,-1.000000
O..X.X.O.,8,1.000000
O..X.X.OO,1,-1.000000
O..X.X.OO,2,-1.000000
O..X.X.OO,4,1.000000
O..X.X.OO,6,-1.000000
O..X.XO..,1,-1.000000
O..X.XO..,2,1.000000
O..X.XO..,4,1.000000
O..X.XO..,7,-1.000000
O..X.XO..,8,1.000000
O..X.XO.O,1,-1.000000
O..X.XO.O,2,-1.000000
O..X.XO.O,4,1.000000
O..X.XO.O,7,-1.000000
O..X.XOO.,1,-1.000000
O..X.XOO.,2,-1.000000
O..X.XOO.,4,1.000000
O..X.XOO.,8,1.000000
O..X.XOOX,1,1.000000
O..X.XOOX,2,1.000000
O..X.XOOX,4,1.000000
O..X.XOXO,1,-1.000000
O..X.XOXO,2,-1.000000
O..X.XOXO,4,1.000000
O..X.XXOO,1,-1.000000
O..X.XXOO,2,-1.000000
O..X.XXOO,4,1.000000
O..XO....,1,-1.000000
O..XO....,2,-1.000000
O..XO....,5,-1.000000
O..XO....,6,-1.000000
O..XO....,7,-1.000000
O..XO....,8,-1.000000
O..XO...X,1,0.000000
O..XO...X,2,0.000000
O..XO...X,5,-1.000000
O..XO...X,6,0.000000
O..XO...X,7,0.000000
O..XO..OX,1,-0.000000
O..XO..OX,2,-1.000000
O..XO..OX,5,-1.000000
O..XO..OX,6,-1.000000
O..XO..X.,1,-1.000000
O..XO..X.,2,-1.000000
O..XO..X.,5,-1.000000
O..XO..X.,6,-1.000000
O..XO..X.,8,0.000000
O..XO.O.X,1,-1.000000
O..XO.O.X,2,-0.000000
O..XO.O.X,5,-1.000000
O..XO.O.X,7,-1.000000
O..XO.OX.,1,-1.000000
O..XO.OX.,2,-1.000000
O..XO.OX.,5,-1.000000
O..XO.OX.,8,-1.000000
O..XO.OXX,1,-1.000000
O..XO.OXX,2,0.000000
O..XO.OXX,5,-1.000000
O..XO.X..,1,-1.000000
O..XO.X..,2,-1.000000
O..XO.X..,5,-1.000000
O..XO.X..,7,-1.000000
O..XO.X..,8,0.000000
O..XO.XO.,1,-1.000000
O..XO.XO.,2,-1.000000
O..XO.XO.,5,-1.000000
O..XO.XO.,8,-1.000000
O..XO.XOX,1,0.000000
O..XO.XOX,2,-1.000000
O..XO.XOX,5,-1.000000
O..XOO..X,1,-0.000000
O..XOO..X,2,-0.000000
O..XOO..X,6,-0.000000
O..XOO..X,7,-0.000000
O..XOO.X.,1,-1.000000
O..XOO.X.,2,-1.000000
O..XOO.X.,6,-1.000000
O..XOO.X.,8,-0.000000
O..XOO.XX,1,0.000000
O..XOO.XX,2,0.000000
O..XOO.XX,6,1.000000
O..XOOOXX,1,-1.000000
O..XOOOXX,2,-0.000000
O..XOOX..,1,-1.000000
O..XOOX..,2,-1.000000
O..XOOX..,7,-1.000000
O..XOOX..,8,-0.000000
O..XOOX.X,1,0.000000
O..XOOX.X,2,0.000000
O..XOOX.X,7,1.000000
O..XOOXOX,1,-0.000000
O..XOOXOX,2,-1.000000
O..XOOXX.,1,-1.000000
O..XOOXX.,2,-1.000000
O..XOOXX.,8,1.000000
O..XOX...,1,-1.000000
O..XOX...,2,-1.000000
O..XOX...,6,-1.000000
O..XOX...,7,-1.000000
O..XOX...,8,-1.000000
O..XOX.O.,1,-1.000000
O..XOX.O.,2,-1.000000
O..XOX.O.,6,-1.000000
O..XOX.O.,8,-1.000000
O..XOX.OX,1,0.000000
O..XOX.OX,2,1.000000
O..XOX.OX,6,-1.000000
O..XOXO..,1,-1.000000
O..XOXO..,2,-1.000000
O..XOXO..,7,-1.000000
O..XOXO..,8,-1.000000
O..XOXO.X,1,-1.000000
O..XOXO.X,2,1.000000
O..XOXO.X,7,-1.000000
O..XOXOOX,1,-1.000000
O..XOXOOX,2,1.000000
O..XOXOX.,1,-1.000000
O..XOXOX.,2,-1.000000
O..XOXOX.,8,-1.000000
O..XOXXO.,1,-1.000000
O..XOXXO.,2,-1.000000
O..XOXXO.,8,-1.000000
O..XX...O,1,1.000000
O..XX...O,2,1.000000
O..XX...O,5,1.000000
O..XX...O,6,1.000000
O..XX...O,7,1.000000
O..XX..O.,1,0.000000
O..XX..O.,2,1.000000
O..XX..O.,5,1.000000
O..XX..O.,6,1.000000
O..XX..O.,8,0.000000
O..XX..OO,1,-1.000000
O..XX..OO,2,-1.000000
O..XX..OO,5,1.000000
O..XX..OO,6,1.000000
O..XX.O..,1,1.000000
O..XX.O..,2,0.000000
O..XX.O..,5,1.000000
O..XX.O..,7,1.000000
O..XX.O..,8,0.000000
O..XX.O.O,1,-1.000000
O..XX.O.O,2,-1.000000
O..XX.O.O,5,1.000000
O..XX.O.O,7,1.000000
O..XX.OO.,1,-1.000000
O..XX.OO.,2,-1.000000
O..XX.OO.,5,1.000000
O..XX.OO.,8,-0.000000
O..XX.OOX,1,0.000000
O..XX.OOX,2,0.000000
O..XX.OOX,5,1.000000
O..XX.OXO,1,1.000000
O..XX.OXO,2,1.000000
O..XX.OXO,5,1.000000
O..XX.XOO,1,1.000000
O..XX.XOO,2,1.000000
O..XX.XOO,5,1.000000
O..XXO...,1,0.000000
O..XXO...,2,0.000000
O..XXO...,6,-1.000000
O..XXO...,7,0.000000
O..XXO...,8,0.000000
O..XXO..O,1,-1.000000
O..XXO..O,2,-0.000000
O..XXO..O,6,-1.000000
O..XXO..O,7,-1.000000
O..XXO.O.,1,-1.000000
O..XXO.O.,2,-0.000000
O..XXO.O.,6,-1.000000
O..XXO.O.,8,-0.000000
O..XXO.OX,1,0.000000
O..XXO.OX,2,0.000000
O..XXO.OX,6,0.000000
O..XXO.XO,1,1.000000
O..XXO.XO,2,1.000000
O..XXO.XO,6,-1.000000
O..XXOO..,1,-0.000000
O..XXOO..,2,-0.000000
O..XXOO..,7,-0.000000
O..XXOO..,8,-0.000000
O..XXOO.X,1,0.000000
O..XXOO.X,2,0.000000
O..XXOO.X,7,0.000000
O..XXOOOX,1,-0.000000
O..XXOOOX,2,-0.000000
O..XXOOX.,1,1.000000
O..XXOOX.,2,0.000000
O..XXOOX.,8,0.000000
O..XXOOXO,1,1.000000
O..XXOOXO,2,-0.000000
O..XXOX.O,1,-1.000000
O..XXOX.O,2,1.000000
O..XXOX.O,7,-1.000000
O..XXOXO.,1,0.000000
O..XXOXO.,2,1.000000
O..XXOXO.,8,0.000000
O..XXOXOO,1,-1.000000
O..XXOXOO,2,1.000000
O.O.....X,1,-1.000000
O.O.....X,3,-1.000000
O.O.....X,4,-1.000000
O.O.....X,5,-1.000000
O.O.....X,6,-1.000000
O.O.....X,7,-1.000000
O.O....X.,1,-1.000000
O.O....X.,3,-1.000000
O.O....X.,4,-1.000000
O.O....X.,5,-1.000000
O.O....X.,6,-1.000000
O.O....X.,8,-1.000000
O.O....XX,1,1.000000
O.O....XX,3,-1.000000
O.O....XX,4,-1.000000
O.O....XX,5,-1.000000
O.O....XX,6,1.000000
O.O...OXX,1,-1.000000
O.O...OXX,3,-1.000000
O.O...OXX,4,-1.000000
O.O...OXX,5,-1.000000
O.O...X..,1,-1.000000
O.O...X..,3,-1.000000
O.O...X..,4,-1.000000
O.O...X..,5,-1.000000
O.O...X..,7,-1.000000
O.O...X..,8,-1.000000
O.O...X.X,1,0.000000
O.O...X.X,3,-1.000000
O.O...X.X,4,-1.000000
O.O...X.X,5,-1.000000
O.O...X.X,7,1.000000
O.O...XOX,1,-0.000000
O.O...XOX,3,-1.000000
O.O...XOX,4,-1.000000
O.O...XOX,5,-1.000000
O.O...XX.,1,1.000000
O.O...XX.,3,-1.000000
O.O...XX.,4,-1.000000
O.O...XX.,5,-1.000000
O.O...XX.,8,1.000000
O.O...XXO,1,-1.000000
O.O...XXO,3,-1.000000
O.O...XXO,4,-1.000000
O.O...XXO,5,-1.000000
O.O..O.XX,1,1.000000
O.O..O.XX,3,-1.000000
O.O..O.XX,4,-1.000000
O.O..O.XX,6,1.000000
O.O..OX.X,1,-0.000000
O.O..OX.X,3,-1.000000
O.O..OX.X,4,-1.000000
O.O..OX.X,7,1.000000
O.O..OXX.,1,-1.000000
O.O..OXX.,3,-1.000000
O.O..OXX.,4,-1.000000
O.O..OXX.,8,1.000000
O.O..X...,1,-1.000000
O.O..X...,3,-1.000000
O.O..X...,4,-1.000000
O.O..X...,6,-1.000000
O.O..X...,7,-1.000000
O.O..X...,8,-1.000000
O.O..X..X,1,-1.000000
O.O..X..X,3,-1.000000
O.O..X..X,4,-1.000000
O.O..X..X,6,-1.000000
O.O..X..X,7,-1.000000
O.O..X.OX,1,-1.000000
O.O..X.OX,3,-1.000000
O.O..X.OX,4,-1.000000
O.O..X.OX,6,-1.000000
O.O..X.X.,1,-1.000000
O.O..X.X.,3,-1.000000
O.O..X.X.,4,-1.000000
O.O..X.X.,6,-1.000000
O.O..X.X.,8,-1.000000
O.O..X.XO,1,-1.000000
O.O..X.XO,3,-1.000000
O.O..X.XO,4,-1.000000
O.O..X.XO,6,-1.000000
O.O..XO.X,1,-1.000000
O.O..XO.X,3,-1.000000
O.O..XO.X,4,-1.000000
O.O..XO.X,7,-1.000000
O.O..XOX.,1,-1.000000
O.O..XOX.,3,-1.000000
O.O..XOX.,4,-1.000000
O.O..XOX.,8,-1.000000
O.O..XOXX,1,-1.000000
O.O..XOXX,3,-1.000000
O.O..XOXX,4,-1.000000
O.O..XX..,1,0.000000
O.O..XX..,3,-1.000000
O.O..XX..,4,-1.000000
O.O..XX..,7,-1.000000
O.O..XX..,8,-1.000000
O.O..XX.O,1,-1.000000
O.O..XX.O,3,-1.000000
O.O..XX.O,4,-1.000000
O.O..XX.O,7,-1.000000
O.O..XXO.,1,-0.000000
O.O..XXO.,3,-1.000000
O.O..XXO.,4,-1.000000
O.O..XXO.,8,-1.000000
O.O..XXOX,1,0.000000
O.O..XXOX,3,-1.000000
O.O..XXOX,4,-1.000000
O.O..XXXO,1,-1.000000
O.O..XXXO,3,-1.000000
O.O..XXXO,4,-1.000000
O.O.O..XX,1,-1.000000
O.O.O..XX,3,-1.000000
O.O.O..XX,5,-1.000000
O.O.O..XX,6,1.000000
O.O.O.X.X,1,-0.000000
O.O.O.X.X,3,-1.000000
O.O.O.X.X,5,-1.000000
O.O.O.X.X,7,1.000000
O.O.O.XX.,1,-1.000000
O.O.O.XX.,3,-1.000000
O.O.O.XX.,5,-1.000000
O.O.O.XX.,8,1.000000
O.O.OX..X,1,-1.000000
O.O.OX..X,3,-1.000000
O.O.OX..X,6,-1.000000
O.O.OX..X,7,-1.000000
O.O.OX.X.,1,-1.000000
O.O.OX.X.,3,-1.000000
O.O.OX.X.,6,-1.000000
O.O.OX.X.,8,-1.000000
O.O.OX.XX,1,-1.000000
O.O.OX.XX,3,-1.000000
O.O.OX.XX,6,1.000000
O.O.OXX..,1,-1.000000
O.O.OXX..,3,-1.000000
O.O.OXX..,7,-1.000000
O.O.OXX..,8,-1.000000
O.O.OXX.X,1,0.000000
O.O.OXX.X,3,-1.000000
O.O.OXX.X,7,1.000000
O.O.OXXOX,1,-0.000000
O.O.OXXOX,3,-1.000000
O.O.OXXX.,1,-1.000000
O.O.OXXX.,3,-1.000000
O.O.OXXX.,8,1.000000
O.O.X....,1,-0.000000
O.O.X....,3,-1.000000
O.O.X....,5,-1.000000
O.O.X....,6,-1.000000
O.O.X....,7,-1.000000
O.O.X....,8,-1.000000
O.O.X...X,1,0.000000
O.O.X...X,3,-1.000000
O.O.X...X,5,-1.000000
O.O.X...X,6,-1.000000
O.O.X...X,7,-1.000000
O.O.X..OX,1,-0.000000
O.O.X..OX,3,-1.000000
O.O.X..OX,5,-1.000000
O.O.X..OX,6,-1.000000
O.O.X..X.,1,1.000000
O.O.X..X.,3,-1.000000
O.O.X..X.,5,-1.000000
O.O.X..X.,6,-1.000000
O.O.X..X.,8,-1.000000
O.O.X..XO,1,1.000000
O.O.X..XO,3,-1.000000
O.O.X..XO,5,-1.000000
O.O.X..XO,6,-1.000000
O.O.X.O.X,1,-1.000000
O.O.X.O.X,3,-1.000000
O.O.X.O.X,5,-1.000000
O.O.X.O.X,7,-1.000000
O.O.X.OX.,1,1.000000
O.O.X.OX.,3,-1.000000
O.O.X.OX.,5,-1.000000
O.O.X.OX.,8,-1.000000
O.O.X.OXX,1,1.000000
O.O.X.OXX,3,-1.000000
O.O.X.OXX,5,-1.000000
O.O.X.X..,1,0.000000
O.O.X.X..,3,-1.000000
O.O.X.X..,5,-1.000000
O.O.X.X..,7,-1.000000
O.O.X.X..,8,-1.000000
O.O.X.X.O,1,-1.000000
O.O.X.X.O,3,-1.000000
O.O.X.X.O,5,-1.000000
O.O.X.X.O,7,-1.000000
O.O.X.XO.,1,-0.000000
O.O.X.XO.,3,-1.000000
O.O.X.XO.,5,-1.000000
O.O.X.XO.,8,-1.000000
O.O.X.XOX,1,0.000000
O.O.X.XOX,3,-1.000000
O.O.X.XOX,5,-1.000000
O.O.X.XXO,1,1.000000
O.O.X.XXO,3,-1.000000
O.O.X.XXO,5,-1.000000
O.O.XO..X,1,-0.000000
O.O.XO..X,3,-1.000000
O.O.XO..X,6,-1.000000
O.O.XO..X,7,-1.000000
O.O.XO.X.,1,1.000000
O.O.XO.X.,3,-1.000000
O.O.XO.X.,6,-1.000000
O.O.XO.X.,8,-1.000000
O.O.XO.XX,1,1.000000
O.O.XO.XX,3,-1.000000
O.O.XO.XX,6,1.000000
O.O.XOOXX,1,1.000000
O.O.XOOXX,3,-1.000000
O.O.XOX..,1,-1.000000
O.O.XOX..,3,-1.000000
O.O.XOX..,7,-1.000000
O.O.XOX..,8,-1.000000
O.O.XOX.X,1,0.000000
O.O.XOX.X,3,-1.000000
O.O.XOX.X,7,1.000000
O.O.XOXOX,1,-0.000000
O.O.XOXOX,3,-1.000000
O.O.XOXX.,1,1.000000
O.O.XOXX.,3,-1.000000
O.O.XOXX.,8,1.000000
O.O.XX...,1,1.000000
O.O.XX...,3,1.000000
O.O.XX...,6,-1.000000
O.O.XX...,7,-1.000000
O.O.XX...,8,-1.000000
O.O.XX..O,1,1.000000
O.O.XX..O,3,1.000000
O.O.XX..O,6,-1.000000
O.O.XX..O,7,-1.000000
O.O.XX.O.,1,-0.000000
O.O.XX.O.,3,1.000000
O.O.XX.O.,6,-1.000000
O.O.XX.O.,8,-1.000000
O.O.XX.OX,1,0.000000
O.O.XX.OX,3,1.000000
O.O.XX.OX,6,-1.000000
O.O.XX.XO,1,1.000000
O.O.XX.XO,3,1.000000
O.O.XX.XO,6,-1.000000
O.O.XXO..,1,-1.000000
O.O.XXO..,3,1.000000
O.O.XXO..,7,-1.000000
O.O.XXO..,8,-1.000000
O.O.XXO.X,1,-1.000000
O.O.XXO.X,3,1.000000
O.O.XXO.X,7,-1.000000
O.O.XXOOX,1,-1.000000
O.O.XXOOX,3,1.000000
O.O.XXOX.,1,1.000000
O.O.XXOX.,3,1.000000
O.O.XXOX.,8,-1.000000
O.O.XXOXO,1,1.000000
O.O.XXOXO,3,1.000000
O.O.XXX.O,1,1.000000
O.O.XXX.O,3,1.000000
O.O.XXX.O,7,-1.000000
O.O.XXXO.,1,0.000000
O.O.XXXO.,3,1.000000
O.O.XXXO.,8,-1.000000
O.O.XXXOO,1,-0.000000
O.O.XXXOO,3,1.000000
O.OO...XX,1,-1.000000
O.OO...XX,4,-1.000000
O.OO...XX,5,-1.000000
O.OO...XX,6,1.000000
O.OO..X.X,1,-0.000000
O.OO..X.X,4,-1.000000
O.OO..X.X,5,-1.000000
O.OO..X.X,7,1.000000
O.OO..XX.,1,1.000000
O.OO..XX.,4,-1.000000
O.OO..XX.,5,-1.000000
O.OO..XX.,8,1.000000
O.OO.X..X,1,-1.000000
O.OO.X..X,4,-1.000000
O.OO.X..X,6,-1.000000
O.OO.X..X,7,-1.000000
O.OO.X.X.,1,-1.000000
O.OO.X.X.,4,-1.000000
O.OO.X.X.,6,-1.000000
O.OO.X.X.,8,-1.000000
O.OO.X.XX,1,-1.000000
O.OO.X.XX,4,-1.000000
O.OO.X.XX,6,1.000000
O.OO.XX..,1,-0.000000
O.OO.XX..,4,-1.000000
O.OO.XX..,7,-1.000000
O.OO.XX..,8,-1.000000
O.OO.XX.X,1,0.000000
O.OO.XX.X,4,-1.000000
O.OO.XX.X,7,1.000000
O.OO.XXOX,1,-0.000000
O.OO.XXOX,4,-1.000000
O.OO.XXX.,1,1.000000
O.OO.XXX.,4,-1.000000
O.OO.XXX.,8,1.000000
O.OO.XXXO,1,-1.000000
O.OO.XXXO,4,-1.000000
O.OOOX.XX,1,-1.000000
O.OOOX.XX,6,1.000000
O.OOOXX.X,1,-0.000000
O.OOOXX.X,7,1.000000
O.OOOXXX.,1,-1.000000
O.OOOXXX.,8,1.000000
O.OOX...X,1,-1.000000
O.OOX...X,5,-1.000000
O.OOX...X,6,-1.000000
O.OOX...X,7,-1.000000
O.OOX..X.,1,1.000000
O.OOX..X.,5,-1.000000
O.OOX..X.,6,-1.000000
O.OOX..X.,8,-1.000000
O.OOX..XX,1,1.000000
O.OOX..XX,5,-1.000000
O.OOX..XX,6,1.000000
O.OOX.X..,1,-0.000000
O.OOX.X..,5,-1.000000
O.OOX.X..,7,-1.000000
O.OOX.X..,8,-1.000000
O.OOX.X.X,1,0.000000
O.OOX.X.X,5,-1.000000
O.OOX.X.X,7,1.000000
O.OOX.XOX,1,-0.000000
O.OOX.XOX,5,-1.000000
O.OOX.XX.,1,1.000000
O.OOX.XX.,5,-1.000000
O.OOX.XX.,8,1.000000
O.OOX.XXO,1,1.000000
O.OOX.XXO,5,-1.000000
O.OOXO.XX,1,1.000000
O.OOXO.XX,6,1.000000
O.OOXOX.X,1,-0.000000
O.OOXOX.X,7,1.000000
O.OOXOXX.,1,1.000000
O.OOXOXX.,8,1.000000
O.OOXX...,1,-1.000000
O.OOXX...,6,-1.000000
O.OOXX...,7,-1.000000
O.OOXX...,8,-1.000000
O.OOXX..X,1,-1.000000
O.OOXX..X,6,-1.000000
O.OOXX..X,7,-1.000000
O.OOXX.OX,1,-1.000000
O.OOXX.OX,6,-1.000000
O.OOXX.X.,1,1.000000
O.OOXX.X.,6,-1.000000
O.OOXX.X.,8,-1.000000
O.OOXX.XO,1,1.000000
O.OOXX.XO,6,-1.000000
O.OOXXX..,1,0.000000
O.OOXXX..,7,-1.000000
O.OOXXX..,8,-1.000000
O.OOXXX.O,1,-0.000000
O.OOXXX.O,7,-1.000000
O.OOXXXO.,1,-0.000000
O.OOXXXO.,8,-1.000000
O.OOXXXOX,1,0.000000
O.OOXXXXO,1,1.000000
O.OX.....,1,-1.000000
O.OX.....,4,-1.000000
O.OX.....,5,-1.000000
O.OX.....,6,-1.000000
O.OX.....,7,-1.000000
O.OX.....,8,-1.000000
O.OX....X,1,0.000000
O.OX....X,4,-1.000000
O.OX....X,5,-1.000000
O.OX....X,6,-1.000000
O.OX....X,7,-1.000000
O.OX...OX,1,-0.000000
O.OX...OX,4,-1.000000
O.OX...OX,5,-1.000000
O.OX...OX,6,-1.000000
O.OX...X.,1,-1.000000
O.OX...X.,4,-1.000000
O.OX...X.,5,-1.000000
O.OX...X.,6,-1.000000
O.OX...X.,8,-1.000000
O.OX...XO,1,-1.000000
O.OX...XO,4,-1.000000
O.OX...XO,5,-1.000000
O.OX...XO,6,-1.000000
O.OX..O.X,1,-1.000000
O.OX..O.X,4,-1.000000
O.OX..O.X,5,-1.000000
O.OX..O.X,7,-1.000000
O.OX..OX.,1,-1.000000
O.OX..OX.,4,-1.000000
O.OX..OX.,5,-1.000000
O.OX..OX.,8,-1.000000
O.OX..OXX,1,-1.000000
O.OX..OXX,4,-1.000000
O.OX..OXX,5,-1.000000
O.OX..X..,1,-1.000000
O.OX..X..,4,-1.000000
O.OX..X..,5,-1.000000
O.OX..X..,7,-1.000000
O.OX..X..,8,-1.000000
O.OX..X.O,1,-1.000000
O.OX..X.O,4,-1.000000
O.OX..X.O,5,-1.000000
O.OX..X.O,7,-1.000000
O.OX..XO.,1,-1.000000
O.OX..XO.,4,-1.000000
O.OX..XO.,5,-1.000000
O.OX..XO.,8,-1.000000
O.OX..XOX,1,0.000000
O.OX..XOX,4,-1.000000
O.OX..XOX,5,-1.000000
O.OX..XXO,1,-1.000000
O.OX..XXO,4,-1.000000
O.OX..XXO,5,-1.000000
O.OX.O..X,1,-0.000000
O.OX.O..X,4,-1.000000
O.OX.O..X,6,-1.000000
O.OX.O..X,7,-1.000000
O.OX.O.X.,1,-1.000000
O.OX.O.X.,4,-1.000000
O.OX.O.X.,6,-1.000000
O.OX.O.X.,8,-1.000000
O.OX.O.XX,1,1.000000
O.OX.O.XX,4,-1.000000
O.OX.O.XX,6,1.000000
O.OX.OOXX,1,-1.000000
O.OX.OOXX,4,-1.000000
O.OX.OX..,1,-1.000000
O.OX.OX..,4,-1.000000
O.OX.OX..,7,-1.000000
O.OX.OX..,8,-1.000000
O.OX.OX.X,1,0.000000
O.OX.OX.X,4,-1.000000
O.OX.OX.X,7,1.000000
O.OX.OXOX,1,-0.000000
O.OX.OXOX,4,-1.000000
O.OX.OXX.,1,-1.000000
O.OX.OXX.,4,-1.000000
O.OX.OXX.,8,1.000000
O.OX.X...,1,-1.000000
O.OX.X...,4,1.000000
O.OX.X...,6,-1.000000
O.OX.X...,7,-1.000000
O.OX.X...,8,-1.000000
O.OX.X..O,1,-1.000000
O.OX.X..O,4,1.000000
O.OX.X..O,6,-1.000000
O.OX.X..O,7,-1.000000
O.OX.X.O.,1,-1.000000
O.OX.X.O.,4,1.000000
O.OX.X.O.,6,-1.000000
O.OX.X.O.,8,-1.000000
O.OX.X.OX,1,0.000000
O.OX.X.OX,4,1.000000
O.OX.X.OX,6,-1.000000
O.OX.X.XO,1,-1.000000
O.OX.X.XO,4,1.000000
O.OX.X.XO,6,-1.000000
O.OX.XO..,1,-1.000000
O.OX.XO..,4,1.000000
O.OX.XO..,7,-1.000000
O.OX.XO..,8,-1.000000
O.OX.XO.X,1,-1.000000
O.OX.XO.X,4,1.000000
O.OX.XO.X,7,-1.000000
O.OX.XOOX,1,-1.000000
O.OX.XOOX,4,1.000000
O.OX.XOX.,1,-1.000000
O.OX.XOX.,4,1.000000
O.OX.XOX.,8,-1.000000
O.OX.XOXO,1,-1.000000
O.OX.XOXO,4,1.000000
O.OX.XX.O,1,-1.000000
O.OX.XX.O,4,1.000000
O.OX.XX.O,7,-1.000000
O.OX.XXO.,1,0.000000
O.OX.XXO.,4,1.000000
O.OX.XXO.,8,-1.000000
O.OX.XXOO,1,-1.000000
O.OX.XXOO,4,1.000000
O.OXO...X,1,-1.000000
O.OXO...X,5,-1.000000
O.OXO...X,6,-1.000000
O.OXO...X,7,-1.000000
O.OXO..X.,1,-1.000000
O.OXO..X.,5,-1.000000
O.OXO..X.,6,-1.000000
O.OXO..X.,8,-1.000000
O.OXO..XX,1,-1.000000
O.OXO..XX,5,-1.000000
O.OXO..XX,6,1.000000
O.OXO.X..,1,-1.000000
O.OXO.X..,5,-1.000000
O.OXO.X..,7,-1.000000
O.OXO.X..,8,-1.000000
O.OXO.X.X,1,0.000000
O.OXO.X.X,5,-1.000000
O.OXO.X.X,7,1.000000
O.OXO.XOX,1,-0.000000
O.OXO.XOX,5,-1.000000
O.OXO.XX.,1,-1.000000
O.OXO.XX.,5,-1.000000
O.OXO.XX.,8,1.000000
O.OXOO.XX,1,-1.000000
O.OXOO.XX,6,1.000000
O.OXOOX.X,1,-0.000000
O.OXOOX.X,7,1.000000
O.OXOOXX.,1,-1.000000
O.OXOOXX.,8,1.000000
O.OXOX...,1,-1.000000
O.OXOX...,6,-1.000000
O.OXOX...,7,-1.000000
O.OXOX...,8,-1.000000
O.OXOX..X,1,-1.000000
O.OXOX..X,6,-1.000000
O.OXOX..X,7,-1.000000
O.OXOX.OX,1,-1.000000
O.OXOX.OX,6,-1.000000
O.OXOX.X.,1,-1.000000
O.OXOX.X.,6,-1.000000
O.OXOX.X.,8,-1.000000
O.OXOXX..,1,-1.000000
O.OXOXX..,7,-1.000000
O.OXOXX..,8,-1.000000
O.OXOXXO.,1,-1.000000
O.OXOXXO.,8,-1.000000
O.OXOXXOX,1,0.000000
O.OXX....,1,1.000000
O.OXX....,5,1.000000
O.OXX....,6,-1.000000
O.OXX....,7,-1.000000
O.OXX....,8,-1.000000
O.OXX...O,1,-1.000000
O.OXX...O,5,1.000000
O.OXX...O,6,-1.000000
O.OXX...O,7,-1.000000
O.OXX..O.,1,-0.000000
O.OXX..O.,5,1.000000
O.OXX..O.,6,-1.000000
O.OXX..O.,8,-1.000000
O.OXX..OX,1,0.000000
O.OXX..OX,5,1.000000
O.OXX..OX,6,-1.000000
O.OXX..XO,1,1.000000
O.OXX..XO,5,1.000000
O.OXX..XO,6,-1.000000
O.OXX.O..,1,1.000000
O.OXX.O..,5,1.000000
O.OXX.O..,7,-1.000000
O.OXX.O..,8,-1.000000
O.OXX.O.X,1,1.000000
O.OXX.O.X,5,1.000000
O.OXX.O.X,7,-1.000000
O.OXX.OOX,1,-0.000000
O.OXX.OOX,5,1.000000
O.OXX.OX.,1,1.000000
O.OXX.OX.,5,1.000000
O.OXX.OX.,8,-1.000000
O.OXX.OXO,1,1.000000
O.OXX.OXO,5,1.000000
O.OXX.X.O,1,-1.000000
O.OXX.X.O,5,1.000000
O.OXX.X.O,7,-1.000000
O.OXX.XO.,1,0.000000
O.OXX.XO.,5,1.000000
O.OXX.XO.,8,-1.000000
O.OXX.XOO,1,-1.000000
O.OXX.XOO,5,1.000000
O.OXXO...,1,-1.000000
O.OXXO...,6,-1.000000
O.OXXO...,7,-1.000000
O.OXXO...,8,-1.000000
O.OXXO..X,1,0.000000
O.OXXO..X,6,-1.000000
O.OXXO..X,7,-1.000000
O.OXXO.OX,1,-0.000000
O.OXXO.OX,6,-1.000000
O.OXXO.X.,1,1.000000
O.OXXO.X.,6,-1.000000
O.OXXO.X.,8,-1.000000
O.OXXOO.X,1,-0.000000
O.OXXOO.X,7,-1.000000
O.OXXOOX.,1,1.000000
O.OXXOOX.,8,-1.000000
O.OXXOOXX,1,1.000000
O.OXXOX..,1,-1.000000
O.OXXOX..,7,-1.000000
O.OXXOX..,8,-1.000000
O.OXXOXO.,1,-1.000000
O.OXXOXO.,8,-1.000000
O.OXXOXOX,1,0.000000
O.X......,1,-1.000000
O.X......,3,0.000000
O.X......,4,0.000000
O.X......,5,1.000000
O.X......,6,1.000000
O.X......,7,0.000000
O.X......,8,1.000000
O.X.....O,1,-1.000000
O.X.....O,3,-1.000000
O.X.....O,4,-1.000000
O.X.....O,5,-1.000000
O.X.....O,6,-1.000000
O.X.....O,7,-1.000000
O.X....O.,1,-1.000000
O.X....O.,3,-1.000000
O.X....O.,4,-1.000000
O.X....O.,5,-1.000000
O.X....O.,6,-1.000000
O.X....O.,8,-0.000000
O.X....OX,1,0.000000
O.X....OX,3,0.000000
O.X....OX,4,1.000000
O.X....OX,5,1.000000
O.X....OX,6,1.000000
O.X....XO,1,-1.000000
O.X....XO,3,-1.000000
O.X....XO,4,1.000000
O.X....XO,5,-1.000000
O.X....XO,6,-1.000000
O.X...O..,1,-1.000000
O.X...O..,3,-1.000000
O.X...O..,4,-1.000000
O.X...O..,5,-1.000000
O.X...O..,7,-1.000000
O.X...O..,8,-1.000000
O.X...O.X,1,-1.000000
O.X...O.X,3,0.000000
O.X...O.X,4,-1.000000
O.X...O.X,5,1.000000
O.X...O.X,7,-1.000000
O.X...OOX,1,-1.000000
O.X...OOX,3,-0.000000
O.X...OOX,4,-1.000000
O.X...OOX,5,1.000000
O.X...OX.,1,-1.000000
O.X...OX.,3,0.000000
O.X...OX.,4,-1.000000
O.X...OX.,5,-1.000000
O.X...OX.,8,-1.000000
O.X...OXO,1,-1.000000
O.X...OXO,3,-1.000000
O.X...OXO,4,-1.000000
O.X...OXO,5,-1.000000
O.X...X.O,1,-1.000000
O.X...X.O,3,-1.000000
O.X...X.O,4,1.000000
O.X...X.O,5,-1.000000
O.X...X.O,7,-1.000000
O.X...XO.,1,0.000000
O.X...XO.,3,-1.000000
O.X...XO.,4,1.000000
O.X...XO.,5,1.000000
O.X...XO.,8,1.000000
O.X...XOO,1,-1.000000
O.X...XOO,3,-1.000000
O.X...XOO,4,1.000000
O.X...XOO,5,-1.000000
O.X..O...,1,-1.000000
O.X..O...,3,-0.000000
O.X..O...,4,-0.000000
O.X..O...,6,-1.000000
O.X..O...,7,-1.000000
O.X..O...,8,-1.000000
O.X..O..X,1,-1.000000
O.X..O..X,3,0.000000
O.X..O..X,4,0.000000
O.X..O..X,6,1.000000
O.X..O..X,7,0.000000
O.X..O.OX,1,-1.000000
O.X..O.OX,3,-0.000000
O.X..O.OX,4,-0.000000
O.X..O.OX,6,-1.000000
O.X..O.X.,1,-1.000000
O.X..O.X.,3,0.000000
O.X..O.X.,4,1.000000
O.X..O.X.,6,1.000000
O.X..O.X.,8,0.000000
O.X..O.XO,1,-1.000000
O.X..O.XO,3,-1.000000
O.X..O.XO,4,1.000000
O.X..O.XO,6,-1.000000
O.X..OO.X,1,-1.000000
O.X..OO.X,3,-0.000000
O.X..OO.X,4,-1.000000
O.X..OO.X,7,-1.000000
O.X..OOX.,1,-1.000000
O.X..OOX.,3,-0.000000
O.X..OOX.,4,-1.000000
O.X..OOX.,8,-1.000000
O.X..OOXX,1,-1.000000
O.X..OOXX,3,0.000000
O.X..OOXX,4,-1.000000
O.X..OX..,1,-1.000000
O.X..OX..,3,0.000000
O.X..OX..,4,1.000000
O.X..OX..,7,1.000000
O.X..OX..,8,1.000000
O.X..OX.O,1,-1.000000
O.X..OX.O,3,-1.000000
O.X..OX.O,4,1.000000
O.X..OX.O,7,-1.000000
O.X..OXO.,1,-1.000000
O.X..OXO.,3,-1.000000
O.X..OXO.,4,1.000000
O.X..OXO.,8,-1.000000
O.X..OXOX,1,0.000000
O.X..OXOX,3,0.000000
O.X..OXOX,4,1.000000
O.X..OXXO,1,-1.000000
O.X..OXXO,3,-1.000000
O.X..OXXO,4,1.000000
O.X..X..O,1,-1.000000
O.X..X..O,3,-1.000000
O.X..X..O,4,1.000000
O.X..X..O,6,-1.000000
O.X..X..O,7,-1.000000
O.X..X.O.,1,-1.000000
O.X..X.O.,3,1.000000
O.X..X.O.,4,1.000000
O.X..X.O.,6,1.000000
O.X..X.O.,8,1.000000
O.X..X.OO,1,-1.000000
O.X..X.OO,3,-1.000000
O.X..X.OO,4,-1.000000
O.X..X.OO,6,-1.000000
O.X..XO..,1,-1.000000
O.X..XO..,3,1.000000
O.X..XO..,4,-1.000000
O.X..XO..,7,-1.000000
O.X..XO..,8,1.000000
O.X..XO.O,1,-1.000000
O.X..XO.O,3,-1.000000
O.X..XO.O,4,-1.000000
O.X..XO.O,7,-1.000000
O.X..XOO.,1,-1.000000
O.X..XOO.,3,-1.000000
O.X..XOO.,4,-1.000000
O.X..XOO.,8,1.000000
O.X..XOXO,1,-1.000000
O.X..XOXO,3,-1.000000
O.X..XOXO,4,-1.000000
O.X..XXOO,1,-1.000000
O.X..XXOO,3,-1.000000
O.X..XXOO,4,1.000000
O.X.O....,1,-1.000000
O.X.O....,3,-1.000000
O.X.O....,5,-1.000000
O.X.O....,6,-1.000000
O.X.O....,7,-1.000000
O.X.O....,8,-0.000000
O.X.O...X,1,0.000000
O.X.O...X,3,0.000000
O.X.O...X,5,1.000000
O.X.O...X,6,1.000000
O.X.O...X,7,1.000000
O.X.O..OX,1,-0.000000
O.X.O..OX,3,-1.000000
O.X.O..OX,5,1.000000
O.X.O..OX,6,-1.000000
O.X.O..X.,1,-1.000000
O.X.O..X.,3,-1.000000
O.X.O..X.,5,-1.000000
O.X.O..X.,6,-1.000000
O.X.O..X.,8,1.000000
O.X.O.O.X,1,-1.000000
O.X.O.O.X,3,-0.000000
O.X.O.O.X,5,1.000000
O.X.O.O.X,7,-1.000000
O.X.O.OX.,1,-1.000000
O.X.O.OX.,3,-1.000000
O.X.O.OX.,5,-1.000000
O.X.O.OX.,8,-1.000000
O.X.O.OXX,1,-1.000000
O.X.O.OXX,3,0.000000
O.X.O.OXX,5,1.000000
O.X.O.X..,1,-1.000000
O.X.O.X..,3,-1.000000
O.X.O.X..,5,-1.000000
O.X.O.X..,7,-1.000000
O.X.O.X..,8,1.000000
O.X.O.XO.,1,-1.000000
O.X.O.XO.,3,-1.000000
O.X.O.XO.,5,-1.000000
O.X.O.XO.,8,-1.000000
O.X.O.XOX,1,0.000000
O.X.O.XOX,3,-1.000000
O.X.O.XOX,5,1.000000
O.X.OO..X,1,-1.000000
O.X.OO..X,3,-0.000000
O.X.OO..X,6,-1.000000
O.X.OO..X,7,-1.000000
O.X.OO.X.,1,-1.000000
O.X.OO.X.,3,-1.000000
O.X.OO.X.,6,-1.000000
O.X.OO.X.,8,-1.000000
O.X.OO.XX,1,-1.000000
O.X.OO.XX,3,0.000000
O.X.OO.XX,6,1.000000
O.X.OOOXX,1,-1.000000
O.X.OOOXX,3,-0.000000
O.X.OOX..,1,-1.000000
O.X.OOX..,3,-1.000000
O.X.OOX..,7,-1.000000
O.X.OOX..,8,-1.000000
O.X.OOX.X,1,-1.000000
O.X.OOX.X,3,0.000000
O.X.OOX.X,7,1.000000
O.X.OOXOX,1,-1.000000
O.X.OOXOX,3,-1.000000
O.X.OOXX.,1,-1.000000
O.X.OOXX.,3,-1.000000
O.X.OOXX.,8,1.000000
O.X.OX...,1,-1.000000
O.X.OX...,3,-1.000000
O.X.OX...,6,-1.000000
O.X.OX...,7,-1.000000
O.X.OX...,8,1.000000
O.X.OX.O.,1,-1.000000
O.X.OX.O.,3,-1.000000
O.X.OX.O.,6,-1.000000
O.X.OX.O.,8,1.000000
O.X.OXO..,1,-1.000000
O.X.OXO..,3,-1.000000
O.X.OXO..,7,-1.000000
O.X.OXO..,8,1.000000
O.X.OXOX.,1,-1.000000
O.X.OXOX.,3,-1.000000
O.X.OXOX.,8,1.000000
O.X.OXXO.,1,-1.000000
O.X.OXXO.,3,-1.000000
O.X.OXXO.,8,1.000000
O.X.X...O,1,1.000000
O.X.X...O,3,1.000000
O.X.X...O,5,1.000000
O.X.X...O,6,1.000000
O.X.X...O,7,1.000000
O.X.X..O.,1,-1.000000
O.X.X..O.,3,1.000000
O.X.X..O.,5,1.000000
O.X.X..O.,6,1.000000
O.X.X..O.,8,1.000000
O.X.X..OO,1,-1.000000
O.X.X..OO,3,-1.000000
O.X.X..OO,5,-1.000000
O.X.X..OO,6,1.000000
O.X.X.O..,1,-1.000000
O.X.X.O..,3,0.000000
O.X.X.O..,5,-1.000000
O.X.X.O..,7,-1.000000
O.X.X.O..,8,-1.000000
O.X.X.O.O,1,-1.000000
O.X.X.O.O,3,-1.000000
O.X.X.O.O,5,-1.000000
O.X.X.O.O,7,-1.000000
O.X.X.OO.,1,-1.000000
O.X.X.OO.,3,-1.000000
O.X.X.OO.,5,-1.000000
O.X.X.OO.,8,-1.000000
O.X.X.OOX,1,-1.000000
O.X.X.OOX,3,0.000000
O.X.X.OOX,5,1.000000
O.X.X.OXO,1,1.000000
O.X.X.OXO,3,1.000000
O.X.X.OXO,5,-1.000000
O.X.XO...,1,1.000000
O.X.XO...,3,0.000000
O.X.XO...,6,1.000000
O.X.XO...,7,1.000000
O.X.XO...,8,0.000000
O.X.XO..O,1,1.000000
O.X.XO..O,3,-0.000000
O.X.XO..O,6,1.000000
O.X.XO..O,7,1.000000
O.X.XO.O.,1,-1.000000
O.X.XO.O.,3,-0.000000
O.X.XO.O.,6,1.000000
O.X.XO.O.,8,-0.000000
O.X.XO.OX,1,0.000000
O.X.XO.OX,3,0.000000
O.X.XO.OX,6,1.000000
O.X.XO.XO,1,1.000000
O.X.XO.XO,3,1.000000
O.X.XO.XO,6,1.000000
O.X.XOO..,1,-1.000000
O.X.XOO..,3,-0.000000
O.X.XOO..,7,-1.000000
O.X.XOO..,8,-1.000000
O.X.XOO.X,1,-1.000000
O.X.XOO.X,3,0.000000
O.X.XOO.X,7,-1.000000
O.X.XOOOX,1,-1.000000
O.X.XOOOX,3,-0.000000
O.X.XOOX.,1,1.000000
O.X.XOOX.,3,0.000000
O.X.XOOX.,8,-1.000000
O.X.XOOXO,1,1.000000
O.X.XOOXO,3,-0.000000
O.X.XX.OO,1,-1.000000
O.X.XX.OO,3,1.000000
O.X.XX.OO,6,1.000000
O.X.XXO.O,1,-1.000000
O.X.XXO.O,3,1.000000
O.X.XXO.O,7,-1.000000
O.X.XXOO.,1,-1.000000
O.X.XXOO.,3,1.000000
O.X.XXOO.,8,1.000000
O.XO.....,1,-1.000000
O.XO.....,4,-1.000000
O.XO.....,5,-1.000000
O.XO.....,6,-1.000000
O.XO.....,7,-1.000000
O.XO.....,8,-1.000000
O.XO....X,1,-1.000000
O.XO....X,4,-1.000000
O.XO....X,5,1.000000
O.XO....X,6,1.000000
O.XO....X,7,-1.000000
O.XO...OX,1,-1.000000
O.XO...OX,4,-1.000000
O.XO...OX,5,1.000000
O.XO...OX,6,1.000000
O.XO...X.,1,-1.000000
O.XO...X.,4,-1.000000
O.XO...X.,5,-1.000000
O.XO...X.,6,1.000000
O.XO...X.,8,-1.000000
O.XO...XO,1,-1.000000
O.XO...XO,4,-1.000000
O.XO...XO,5,-1.000000
O.XO...XO,6,-1.000000
O.XO..X..,1,-1.000000
O.XO..X..,4,1.000000
O.XO..X..,5,1.000000
O.XO..X..,7,1.000000
O.XO..X..,8,1.000000
O.XO..X.O,1,-1.000000
O.XO..X.O,4,1.000000
O.XO..X.O,5,-1.000000
O.XO..X.O,7,-1.000000
O.XO..XO.,1,-1.000000
O.XO..XO.,4,1.000000
O.XO..XO.,5,1.000000
O.XO..XO.,8,1.000000
O.XO..XOX,1,1.000000
O.XO..XOX,4,1.000000
O.XO..XOX,5,1.000000
O.XO..XXO,1,-1.000000
O.XO..XXO,4,1.000000
O.XO..XXO,5,-1.000000
O.XO.O..X,1,-1.000000
O.XO.O..X,4,-1.000000
O.XO.O..X,6,-1.000000
O.XO.O..X,7,-1.000000
O.XO.O.X.,1,-1.000000
O.XO.O.X.,4,-1.000000
O.XO.O.X.,6,-1.000000
O.XO.O.X.,8,-1.000000
O.XO.O.XX,1,-1.000000
O.XO.O.XX,4,-1.000000
O.XO.O.XX,6,1.000000
O.XO.OX..,1,-1.000000
O.XO.OX..,4,1.000000
O.XO.OX..,7,-1.000000
O.XO.OX..,8,-1.000000
O.XO.OX.X,1,-1.000000
O.XO.OX.X,4,1.000000
O.XO.OX.X,7,1.000000
O.XO.OXOX,1,-1.000000
O.XO.OXOX,4,1.000000
O.XO.OXX.,1,-1.000000
O.XO.OXX.,4,1.000000
O.XO.OXX.,8,1.000000
O.XO.OXXO,1,-1.000000
O.XO.OXXO,4,1.000000
O.XO.X...,1,-1.000000
O.XO.X...,4,-1.000000
O.XO.X...,6,1.000000
O.XO.X...,7,-1.000000
O.XO.X...,8,1.000000
O.XO.X..O,1,-1.000000
O.XO.X..O,4,-1.000000
O.XO.X..O,6,-1.000000
O.XO.X..O,7,-1.000000
O.XO.X.O.,1,-1.000000
O.XO.X.O.,4,-1.000000
O.XO.X.O.,6,1.000000
O.XO.X.O.,8,1.000000
O.XO.X.XO,1,-1.000000
O.XO.X.XO,4,-1.000000
O.XO.X.XO,6,-1.000000
O.XO.XX.O,1,-1.000000
O.XO.XX.O,4,1.000000
O.XO.XX.O,7,-1.000000
O.XO.XXO.,1,1.000000
O.XO.XXO.,4,1.000000
O.XO.XXO.,8,1.000000
O.XO.XXOO,1,-1.000000
O.XO.XXOO,4,1.000000
O.XOO...X,1,-1.000000
O.XOO...X,5,1.000000
O.XOO...X,6,-1.000000
O.XOO...X,7,-1.000000
O.XOO..X.,1,-1.000000
O.XOO..X.,5,-1.000000
O.XOO..X.,6,-1.000000
O.XOO..X.,8,-1.000000
O.XOO..XX,1,-1.000000
O.XOO..XX,5,1.000000
O.XOO..XX,6,1.000000
O.XOO.X..,1,-1.000000
O.XOO.X..,5,-1.000000
O.XOO.X..,7,-1.000000
O.XOO.X..,8,-1.000000
O.XOO.X.X,1,-1.000000
O.XOO.X.X,5,1.000000
O.XOO.X.X,7,1.000000
O.XOO.XOX,1,-1.000000
O.XOO.XOX,5,1.000000
O.XOO.XX.,1,-1.000000
O.XOO.XX.,5,-1.000000
O.XOO.XX.,8,1.000000
O.XOOX...,1,-1.000000
O.XOOX...,6,-1.000000
O.XOOX...,7,-1.000000
O.XOOX...,8,1.000000
O.XOOX.X.,1,-1.000000
O.XOOX.X.,6,-1.000000
O.XOOX.X.,8,1.000000
O.XOOXX..,1,-1.000000
O.XOOXX..,7,-1.000000
O.XOOXX..,8,1.000000
O.XOOXXO.,1,-1.000000
O.XOOXXO.,8,1.000000
O.XOX....,1,-1.000000
O.XOX....,5,-1.000000
O.XOX....,6,1.000000
O.XOX....,7,-1.000000
O.XOX....,8,-1.000000
O.XOX...O,1,-1.000000
O.XOX...O,5,-1.000000
O.XOX...O,6,1.000000
O.XOX...O,7,-1.000000
O.XOX..O.,1,-1.000000
O.XOX..O.,5,-1.000000
O.XOX..O.,6,1.000000
O.XOX..O.,8,-1.000000
O.XOX..OX,1,-1.000000
O.XOX..OX,5,1.000000
O.XOX..OX,6,1.000000
O.XOX..XO,1,1.000000
O.XOX..XO,5,-1.000000
O.XOX..XO,6,1.000000
O.XOXO...,1,-1.000000
O.XOXO...,6,1.000000
O.XOXO...,7,-1.000000
O.XOXO...,8,-1.000000
O.XOXO..X,1,-1.000000
O.XOXO..X,6,1.000000
O.XOXO..X,7,-1.000000
O.XOXO.OX,1,-1.000000
O.XOXO.OX,6,1.000000
O.XOXO.X.,1,1.000000
O.XOXO.X.,6,1.000000
O.XOXO.X.,8,-1.000000
O.XOXO.XO,1,1.000000
O.XOXO.XO,6,1.000000
O.XOXX..O,1,-1.000000
O.XOXX..O,6,1.000000
O.XOXX..O,7,-1.000000
O.XOXX.O.,1,-1.000000
O.XOXX.O.,6,1.000000
O.XOXX.O.,8,1.000000
O.XOXX.OO,1,-1.000000
O.XOXX.OO,6,1.000000
O.XX....O,1,-1.000000
O.XX....O,4,1.000000
O.XX....O,5,-1.000000
O.XX....O,6,-1.000000
O.XX....O,7,-1.000000
O.XX...O.,1,-1.000000
O.XX...O.,4,1.000000
O.XX...O.,5,1.000000
O.XX...O.,6,-1.000000
O.XX...O.,8,0.000000
O.XX...OO,1,-1.000000
O.XX...OO,4,-1.000000
O.XX...OO,5,-1.000000
O.XX...OO,6,-1.000000
O.XX..O..,1,-1.000000
O.XX..O..,4,0.000000
O.XX..O..,5,1.000000
O.XX..O..,7,0.000000
O.XX..O..,8,0.000000
O.XX..O.O,1,-1.000000
O.XX..O.O,4,-1.000000
O.XX..O.O,5,-1.000000
O.XX..O.O,7,-1.000000
O.XX..OO.,1,-1.000000
O.XX..OO.,4,-1.000000
O.XX..OO.,5,-1.000000
O.XX..OO.,8,-0.000000
O.XX..OOX,1,0.000000
O.XX..OOX,4,0.000000
O.XX..OOX,5,1.000000
O.XX..OXO,1,-1.000000
O.XX..OXO,4,1.000000
O.XX..OXO,5,-1.000000
O.XX..XOO,1,-1.000000
O.XX..XOO,4,1.000000
O.XX..XOO,5,-1.000000
O.XX.O...,1,0.000000
O.XX.O...,4,0.000000
O.XX.O...,6,0.000000
O.XX.O...,7,0.000000
O.XX.O...,8,0.000000
O.XX.O..O,1,-1.000000
O.XX.O..O,4,-0.000000
O.XX.O..O,6,-1.000000
O.XX.O..O,7,-1.000000
O.XX.O.O.,1,-1.000000
O.XX.O.O.,4,-0.000000
O.XX.O.O.,6,-1.000000
O.XX.O.O.,8,-0.000000
O.XX.O.OX,1,0.000000
O.XX.O.OX,4,0.000000
O.XX.O.OX,6,0.000000
O.XX.O.XO,1,-1.000000
O.XX.O.XO,4,1.000000
O.XX.O.XO,6,-1.000000
O.XX.OO..,1,-1.000000
O.XX.OO..,4,-0.000000
O.XX.OO..,7,-0.000000
O.XX.OO..,8,-0.000000
O.XX.OO.X,1,0.000000
O.XX.OO.X,4,0.000000
O.XX.OO.X,7,0.000000
O.XX.OOOX,1,-0.000000
O.XX.OOOX,4,-0.000000
O.XX.OOX.,1,0.000000
O.XX.OOX.,4,0.000000
O.XX.OOX.,8,0.000000
O.XX.OOXO,1,-1.000000
O.XX.OOXO,4,-0.000000
O.XX.OX.O,1,-1.000000
O.XX.OX.O,4,1.000000
O.XX.OX.O,7,-1.000000
O.XX.OXO.,1,0.000000
O.XX.OXO.,4,1.000000
O.XX.OXO.,8,0.000000
O.XX.OXOO,1,-1.000000
O.XX.OXOO,4,1.000000
O.XX.X.OO,1,-1.000000
O.XX.X.OO,4,1.000000
O.XX.X.OO,6,-1.000000
O.XX.XO.O,1,-1.000000
O.XX.XO.O,4,1.000000
O.XX.XO.O,7,-1.000000
O.XX.XOO.,1,-1.000000
O.XX.XOO.,4,1.000000
O.XX.XOO.,8,1.000000
O.XXO....,1,-1.000000
O.XXO....,5,-1.000000
O.XXO....,6,-1.000000
O.XXO....,7,-1.000000
O.XXO....,8,0.000000
O.XXO..O.,1,-1.000000
O.XXO..O.,5,-1.000000
O.XXO..O.,6,-1.000000
O.XXO..O.,8,-1.000000
O.XXO..OX,1,0.000000
O.XXO..OX,5,1.000000
O.XXO..OX,6,-1.000000
O.XXO.O..,1,-1.000000
O.XXO.O..,5,-1.000000
O.XXO.O..,7,-1.000000
O.XXO.O..,8,-0.000000
O.XXO.O.X,1,0.000000
O.XXO.O.X,5,1.000000
O.XXO.O.X,7,0.000000
O.XXO.OOX,1,-0.000000
O.XXO.OOX,5,1.000000
O.XXO.OX.,1,-1.000000
O.XXO.OX.,5,-1.000000
O.XXO.OX.,8,0.000000
O.XXO.XO.,1,-1.000000
O.XXO.XO.,5,-1.000000
O.XXO.XO.,8,-1.000000
O.XXOO...,1,-1.000000
O.XXOO...,6,-1.000000
O.XXOO...,7,-1.000000
O.XXOO...,8,-0.000000
O.XXOO..X,1,0.000000
O.XXOO..X,6,0.000000
O.XXOO..X,7,0.000000
O.XXOO.OX,1,-0.000000
O.XXOO.OX,6,-1.000000
O.XXOO.X.,1,-1.000000
O.XXOO.X.,6,-1.000000
O.XXOO.X.,8,0.000000
O.XXOOO.X,1,-0.000000
O.XXOOO.X,7,-0.000000
O.XXOOOX.,1,-1.000000
O.XXOOOX.,8,-0.000000
O.XXOOOXX,1,0.000000
O.XXOOX..,1,-1.000000
O.XXOOX..,7,-1.000000
O.XXOOX..,8,0.000000
O.XXOOXO.,1,-1.000000
O.XXOOXO.,8,-1.000000
O.XXOOXOX,1,0.000000
O.XXOX.O.,1,-1.000000
O.XXOX.O.,6,-1.000000
O.XXOX.O.,8,1.000000
O.XXOXO..,1,-1.000000
O.XXOXO..,7,-1.000000
O.XXOXO..,8,1.000000
O.XXOXOO.,1,-1.000000
O.XXOXOO.,8,1.000000
O.XXX..OO,1,-1.000000
O.XXX..OO,5,1.000000
O.XXX..OO,6,1.000000
O.XXX.O.O,1,-1.000000
O.XXX.O.O,5,1.000000
O.XXX.O.O,7,1.000000
O.XXX.OO.,1,-1.000000
O.XXX.OO.,5,1.000000
O.XXX.OO.,8,0.000000
O.XXXO..O,1,1.000000
O.XXXO..O,6,1.000000
O.XXXO..O,7,1.000000
O.XXXO.O.,1,0.000000
O.XXXO.O.,6,1.000000
O.XXXO.O.,8,0.000000
O.XXXO.OO,1,-1.000000
O.XXXO.OO,6,1.000000
O.XXXOO..,1,0.000000
O.XXXOO..,7,0.000000
O.XXXOO..,8,0.000000
O.XXXOO.O,1,-1.000000
O.XXXOO.O,7,-0.000000
O.XXXOOO.,1,-1.000000
O.XXXOOO.,8,-0.000000
O.XXXOOOX,1,0.000000
O.XXXOOXO,1,1.000000
OO......X,2,1.000000
OO......X,3,-1.000000
OO......X,4,-1.000000
OO......X,5,-1.000000
OO......X,6,-1.000000
OO......X,7,-1.000000
OO.....X.,2,-0.000000
OO.....X.,3,-1.000000
OO.....X.,4,-1.000000
OO.....X.,5,-1.000000
OO.....X.,6,-1.000000
OO.....X.,8,-1.000000
OO.....XX,2,1.000000
OO.....XX,3,-1.000000
OO.....XX,4,-1.000000
OO.....XX,5,-1.000000
OO.....XX,6,1.000000
OO....OXX,2,-1.000000
OO....OXX,3,-1.000000
OO....OXX,4,-1.000000
OO....OXX,5,-1.000000
OO....X..,2,-1.000000
OO....X..,3,-1.000000
OO....X..,4,-1.000000
OO....X..,5,-1.000000
OO....X..,7,-1.000000
OO....X..,8,-1.000000
OO....X.X,2,1.000000
OO....X.X,3,-1.000000
OO....X.X,4,-1.000000
OO....X.X,5,-1.000000
OO....X.X,7,1.000000
OO....XOX,2,-1.000000
OO....XOX,3,-1.000000
OO....XOX,4,-1.000000
OO....XOX,5,-1.000000
OO....XX.,2,1.000000
OO....XX.,3,-1.000000
OO....XX.,4,-1.000000
OO....XX.,5,-1.000000
OO....XX.,8,1.000000
OO....XXO,2,-1.000000
OO....XXO,3,-1.000000
OO....XXO,4,-1.000000
OO....XXO,5,-1.000000
OO...O.XX,2,-0.000000
OO...O.XX,3,-1.000000
OO...O.XX,4,-1.000000
OO...O.XX,6,1.000000
OO...OX.X,2,1.000000
OO...OX.X,3,-1.000000
OO...OX.X,4,-1.000000
OO...OX.X,7,1.000000
OO...OXX.,2,1.000000
OO...OXX.,3,-1.000000
OO...OXX.,4,-1.000000
OO...OXX.,8,1.000000
OO...X...,2,1.000000
OO...X...,3,-1.000000
OO...X...,4,-1.000000
OO...X...,6,-1.000000
OO...X...,7,-1.000000
OO...X...,8,-1.000000
OO...X..X,2,1.000000
OO...X..X,3,-1.000000
OO...X..X,4,-1.000000
OO...X..X,6,-1.000000
OO...X..X,7,-1.000000
OO...X.OX,2,1.000000
OO...X.OX,3,-1.000000
OO...X.OX,4,-1.000000
OO...X.OX,6,-1.000000
OO...X.X.,2,1.000000
OO...X.X.,3,-1.000000
OO...X.X.,4,-1.000000
OO...X.X.,6,-1.000000
OO...X.X.,8,-1.000000
OO...X.XO,2,-1.000000
OO...X.XO,3,-1.000000
OO...X.XO,4,-1.000000
OO...X.XO,6,-1.000000
OO...XO.X,2,1.000000
OO...XO.X,3,-1.000000
OO...XO.X,4,-1.000000
OO...XO.X,7,-1.000000
OO...XOX.,2,-1.000000
OO...XOX.,3,-1.000000
OO...XOX.,4,-1.000000
OO...XOX.,8,-1.000000
OO...XOXX,2,1.000000
OO...XOXX,3,-1.000000
OO...XOXX,4,-1.000000
OO...XX..,2,1.000000
OO...XX..,3,-1.000000
OO...XX..,4,-1.000000
OO...XX..,7,-1.000000
OO...XX..,8,-1.000000
OO...XX.O,2,-1.000000
OO...XX.O,3,-1.000000
OO...XX.O,4,-1.000000
OO...XX.O,7,-1.000000
OO...XXO.,2,-1.000000
OO...XXO.,3,-1.000000
OO...XXO.,4,-1.000000
OO...XXO.,8,-1.000000
OO...XXOX,2,1.000000
OO...XXOX,3,-1.000000
OO...XXOX,4,-1.000000
OO...XXXO,2,-1.000000
OO...XXXO,3,-1.000000
OO...XXXO,4,-1.000000
OO..O..XX,2,1.000000
OO..O..XX,3,-1.000000
OO..O..XX,5,-1.000000
OO..O..XX,6,1.000000
OO..O.X.X,2,-1.000000
OO..O.X.X,3,-1.000000
OO..O.X.X,5,-1.000000
OO..O.X.X,7,1.000000
OO..O.XX.,2,-1.000000
OO..O.XX.,3,-1.000000
OO..O.XX.,5,-1.000000
OO..O.XX.,8,1.000000
OO..OX..X,2,1.000000
OO..OX..X,3,-1.000000
OO..OX..X,6,-1.000000
OO..OX..X,7,-1.000000
OO..OX.X.,2,-1.000000
OO..OX.X.,3,-1.000000
OO..OX.X.,6,-1.000000
OO..OX.X.,8,-1.000000
OO..OX.XX,2,1.000000
OO..OX.XX,3,-1.000000
OO..OX.XX,6,1.000000
OO..OXOXX,2,1.000000
OO..OXOXX,3,-1.000000
OO..OXX..,2,-1.000000
OO..OXX..,3,-1.000000
OO..OXX..,7,-1.000000
OO..OXX..,8,-1.000000
OO..OXX.X,2,1.000000
OO..OXX.X,3,-1.000000
OO..OXX.X,7,1.000000
OO..OXXX.,2,-1.000000
OO..OXXX.,3,-1.000000
OO..OXXX.,8,1.000000
OO..X....,2,-0.000000
OO..X....,3,-1.000000
OO..X....,5,-1.000000
OO..X....,6,-1.000000
OO..X....,7,-1.000000
OO..X....,8,-1.000000
OO..X...X,2,1.000000
OO..X...X,3,-1.000000
OO..X...X,5,-1.000000
OO..X...X,6,-1.000000
OO..X...X,7,-1.000000
OO..X..OX,2,1.000000
OO..X..OX,3,-1.000000
OO..X..OX,5,-1.000000
OO..X..OX,6,-1.000000
OO..X..X.,2,0.000000
OO..X..X.,3,-1.000000
OO..X..X.,5,-1.000000
OO..X..X.,6,-1.000000
OO..X..X.,8,-1.000000
OO..X..XO,2,-0.000000
OO..X..XO,3,-1.000000
OO..X..XO,5,-1.000000
OO..X..XO,6,-1.000000
OO..X.O.X,2,-1.000000
OO..X.O.X,3,-1.000000
OO..X.O.X,5,-1.000000
OO..X.O.X,7,-1.000000
OO..X.OX.,2,-1.000000
OO..X.OX.,3,-1.000000
OO..X.OX.,5,-1.000000
OO..X.OX.,8,-1.000000
OO..X.OXX,2,-1.000000
OO..X.OXX,3,-1.000000
OO..X.OXX,5,-1.000000
OO..X.X..,2,1.000000
OO..X.X..,3,-1.000000
OO..X.X..,5,-1.000000
OO..X.X..,7,-1.000000
OO..X.X..,8,-1.000000
OO..X.X.O,2,1.000000
OO..X.X.O,3,-1.000000
OO..X.X.O,5,-1.000000
OO..X.X.O,7,-1.000000
OO..X.XO.,2,1.000000
OO..X.XO.,3,-1.000000
OO..X.XO.,5,-1.000000
OO..X.XO.,8,-1.000000
OO..X.XOX,2,1.000000
OO..X.XOX,3,-1.000000
OO..X.XOX,5,-1.000000
OO..X.XXO,2,1.000000
OO..X.XXO,3,-1.000000
OO..X.XXO,5,-1.000000
OO..XO..X,2,-0.000000
OO..XO..X,3,-1.000000
OO..XO..X,6,-1.000000
OO..XO..X,7,-1.000000
OO..XO.X.,2,-0.000000
OO..XO.X.,3,-1.000000
OO..XO.X.,6,-1.000000
OO..XO.X.,8,-1.000000
OO..XO.XX,2,0.000000
OO..XO.XX,3,-1.000000
OO..XO.XX,6,1.000000
OO..XOOXX,2,-1.000000
OO..XOOXX,3,-1.000000
OO..XOX..,2,1.000000
OO..XOX..,3,-1.000000
OO..XOX..,7,-1.000000
OO..XOX..,8,-1.000000
OO..XOX.X,2,1.000000
OO..XOX.X,3,-1.000000
OO..XOX.X,7,1.000000
OO..XOXOX,2,1.000000
OO..XOXOX,3,-1.000000
OO..XOXX.,2,1.000000
OO..XOXX.,3,-1.000000
OO..XOXX.,8,1.000000
OO..XOXXO,2,1.000000
OO..XOXXO,3,-1.000000
OO..XX...,2,1.000000
OO..XX...,3,1.000000
OO..XX...,6,-1.000000
OO..XX...,7,-1.000000
OO..XX...,8,-1.000000
OO..XX..O,2,1.000000
OO..XX..O,3,1.000000
OO..XX..O,6,-1.000000
OO..XX..O,7,-1.000000
OO..XX.O.,2,1.000000
OO..XX.O.,3,1.000000
OO..XX.O.,6,-1.000000
OO..XX.O.,8,-1.000000
OO..XX.OX,2,1.000000
OO..XX.OX,3,1.000000
OO..XX.OX,6,-1.000000
OO..XX.XO,2,1.000000
OO..XX.XO,3,1.000000
OO..XX.XO,6,-1.000000
OO..XXO..,2,-1.000000
OO..XXO..,3,1.000000
OO..XXO..,7,-1.000000
OO..XXO..,8,-1.000000
OO..XXO.X,2,1.000000
OO..XXO.X,3,1.000000
OO..XXO.X,7,-1.000000
OO..XXOOX,2,1.000000
OO..XXOOX,3,1.000000
OO..XXOX.,2,-1.000000
OO..XXOX.,3,1.000000
OO..XXOX.,8,-1.000000
OO..XXOXO,2,-1.000000
OO..XXOXO,3,1.000000
OO..XXX.O,2,1.000000
OO..XXX.O,3,1.000000
OO..XXX.O,7,-1.000000
OO..XXXO.,2,1.000000
OO..XXXO.,3,1.000000
OO..XXXO.,8,-1.000000
OO..XXXOO,2,1.000000
OO..XXXOO,3,1.000000
OO.O...XX,2,-1.000000
OO.O...XX,4,-1.000000
OO.O...XX,5,-1.000000
OO.O...XX,6,1.000000
OO.O..X.X,2,1.000000
OO.O..X.X,4,-1.000000
OO.O..X.X,5,-1.000000
OO.O..X.X,7,1.000000
OO.O..XX.,2,1.000000
OO.O..XX.,4,-1.000000
OO.O..XX.,5,-1.000000
OO.O..XX.,8,1.000000
OO.O.X..X,2,1.000000
OO.O.X..X,4,-1.000000
OO.O.X..X,6,-1.000000
OO.O.X..X,7,-1.000000
OO.O.X.X.,2,-1.000000
OO.O.X.X.,4,-1.000000
OO.O.X.X.,6,-1.000000
OO.O.X.X.,8,-1.000000
OO.O.X.XX,2,1.000000
OO.O.X.XX,4,-1.000000
OO.O.X.XX,6,1.000000
OO.O.XX..,2,1.000000
OO.O.XX..,4,-1.000000
OO.O.XX..,7,-1.000000
OO.O.XX..,8,-1.000000
OO.O.XX.X,2,1.000000
OO.O.XX.X,4,-1.000000
OO.O.XX.X,7,1.000000
OO.O.XXOX,2,1.000000
OO.O.XXOX,4,-1.000000
OO.O.XXX.,2,1.000000
OO.O.XXX.,4,-1.000000
OO.O.XXX.,8,1.000000
OO.O.XXXO,2,-1.000000
OO.O.XXXO,4,-1.000000
OO.OOX.XX,2,1.000000
OO.OOX.XX,6,1.000000
OO.OOXX.X,2,1.000000
OO.OOXX.X,7,1.000000
OO.OOXXX.,2,-1.000000
OO.OOXXX.,8,1.000000
OO.OX...X,2,-1.000000
OO.OX...X,5,-1.000000
OO.OX...X,6,-1.000000
OO.OX...X,7,-1.000000
OO.OX..X.,2,-1.000000
OO.OX..X.,5,-1.000000
OO.OX..X.,6,-1.000000
OO.OX..X.,8,-1.000000
OO.OX..XX,2,-1.000000
OO.OX..XX,5,-1.000000
OO.OX..XX,6,1.000000
OO.OX.X..,2,1.000000
OO.OX.X..,5,-1.000000
OO.OX.X..,7,-1.000000
OO.OX.X..,8,-1.000000
OO.OX.X.X,2,1.000000
OO.OX.X.X,5,-1.000000
OO.OX.X.X,7,1.000000
OO.OX.XOX,2,1.000000
OO.OX.XOX,5,-1.000000
OO.OX.XX.,2,1.000000
OO.OX.XX.,5,-1.000000
OO.OX.XX.,8,1.000000
OO.OX.XXO,2,1.000000
OO.OX.XXO,5,-1.000000
OO.OXO.XX,2,-1.000000
OO.OXO.XX,6,1.000000
OO.OXOX.X,2,1.000000
OO.OXOX.X,7,1.000000
OO.OXOXX.,2,1.000000
OO.OXOXX.,8,1.000000
OO.OXX...,2,-1.000000
OO.OXX...,6,-1.000000
OO.OXX...,7,-1.000000
OO.OXX...,8,-1.000000
OO.OXX..X,2,1.000000
OO.OXX..X,6,-1.000000
OO.OXX..X,7,-1.000000
OO.OXX.OX,2,1.000000
OO.OXX.OX,6,-1.000000
OO.OXX.X.,2,-1.000000
OO.OXX.X.,6,-1.000000
OO.OXX.X.,8,-1.000000
OO.OXX.XO,2,-1.000000
OO.OXX.XO,6,-1.000000
OO.OXXX..,2,1.000000
OO.OXXX..,7,-1.000000
OO.OXXX..,8,-1.000000
OO.OXXX.O,2,1.000000
OO.OXXX.O,7,-1.000000
OO.OXXXO.,2,1.000000
OO.OXXXO.,8,-1.000000
OO.OXXXOX,2,1.000000
OO.OXXXXO,2,1.000000
OO.X.....,2,-1.000000
OO.X.....,4,-1.000000
OO.X.....,5,-1.000000
OO.X.....,6,-1.000000
OO.X.....,7,-1.000000
OO.X.....,8,-1.000000
OO.X....X,2,1.000000
OO.X....X,4,-1.000000
OO.X....X,5,-1.000000
OO.X....X,6,-1.000000
OO.X....X,7,-1.000000
OO.X...OX,2,-1.000000
OO.X...OX,4,-1.000000
OO.X...OX,5,-1.000000
OO.X...OX,6,-1.000000
OO.X...X.,2,1.000000
OO.X...X.,4,-1.000000
OO.X...X.,5,-1.000000
OO.X...X.,6,-1.000000
OO.X...X.,8,-1.000000
OO.X...XO,2,-1.000000
OO.X...XO,4,-1.000000
OO.X...XO,5,-1.000000
OO.X...XO,6,-1.000000
OO.X..O.X,2,-0.000000
OO.X..O.X,4,-1.000000
OO.X..O.X,5,-1.000000
OO.X..O.X,7,-1.000000
OO.X..OX.,2,-0.000000
OO.X..OX.,4,-1.000000
OO.X..OX.,5,-1.000000
OO.X..OX.,8,-1.000000
OO.X..OXX,2,0.000000
OO.X..OXX,4,-1.000000
OO.X..OXX,5,-1.000000
OO.X..X..,2,-1.000000
OO.X..X..,4,-1.000000
OO.X..X..,5,-1.000000
OO.X..X..,7,-1.000000
OO.X..X..,8,-1.000000
OO.X..X.O,2,-1.000000
OO.X..X.O,4,-1.000000
OO.X..X.O,5,-1.000000
OO.X..X.O,7,-1.000000
OO.X..XO.,2,-1.000000
OO.X..XO.,4,-1.000000
OO.X..XO.,5,-1.000000
OO.X..XO.,8,-1.000000
OO.X..XOX,2,-1.000000
OO.X..XOX,4,-1.000000
OO.X..XOX,5,-1.000000
OO.X..XXO,2,-1.000000
OO.X..XXO,4,-1.000000
OO.X..XXO,5,-1.000000
OO.X.O..X,2,-0.000000
OO.X.O..X,4,-1.000000
OO.X.O..X,6,-1.000000
OO.X.O..X,7,-1.000000
OO.X.O.X.,2,-0.000000
OO.X.O.X.,4,-1.000000
OO.X.O.X.,6,-1.000000
OO.X.O.X.,8,-1.000000
OO.X.O.XX,2,0.000000
OO.X.O.XX,4,-1.000000
OO.X.O.XX,6,1.000000
OO.X.OOXX,2,-0.000000
OO.X.OOXX,4,-1.000000
OO.X.OX..,2,-1.000000
OO.X.OX..,4,-1.000000
OO.X.OX..,7,-1.000000
OO.X.OX..,8,-1.000000
OO.X.OX.X,2,1.000000
OO.X.OX.X,4,-1.000000
OO.X.OX.X,7,1.000000
OO.X.OXOX,2,-1.000000
OO.X.OXOX,4,-1.000000
OO.X.OXX.,2,1.000000
OO.X.OXX.,4,-1.000000
OO.X.OXX.,8,1.000000
OO.X.OXXO,2,-1.000000
OO.X.OXXO,4,-1.000000
OO.X.X...,2,1.000000
OO.X.X...,4,1.000000
OO.X.X...,6,-1.000000
OO.X.X...,7,-1.000000
OO.X.X...,8,-1.000000
OO.X.X..O,2,-1.000000
OO.X.X..O,4,1.000000
OO.X.X..O,6,-1.000000
OO.X.X..O,7,-1.000000
OO.X.X.O.,2,-1.000000
OO.X.X.O.,4,1.000000
OO.X.X.O.,6,-1.000000
OO.X.X.O.,8,-1.000000
OO.X.X.OX,2,1.000000
OO.X.X.OX,4,1.000000
OO.X.X.OX,6,-1.000000
OO.X.X.XO,2,-1.000000
OO.X.X.XO,4,1.000000
OO.X.X.XO,6,-1.000000
OO.X.XO..,2,1.000000
OO.X.XO..,4,1.000000
OO.X.XO..,7,-1.000000
OO.X.XO..,8,-1.000000
OO.X.XO.X,2,1.000000
OO.X.XO.X,4,1.000000
OO.X.XO.X,7,-1.000000
OO.X.XOOX,2,1.000000
OO.X.XOOX,4,1.000000
OO.X.XOX.,2,1.000000
OO.X.XOX.,4,1.000000
OO.X.XOX.,8,-1.000000
OO.X.XOXO,2,-1.000000
OO.X.XOXO,4,1.000000
OO.X.XX.O,2,-1.000000
OO.X.XX.O,4,1.000000
OO.X.XX.O,7,-1.000000
OO.X.XXO.,2,-1.000000
OO.X.XXO.,4,1.000000
OO.X.XXO.,8,-1.000000
OO.X.XXOO,2,-1.000000
OO.X.XXOO,4,1.000000
OO.XO...X,2,-1.000000
OO.XO...X,5,-1.000000
OO.XO...X,6,-1.000000
OO.XO...X,7,-1.000000
OO.XO..X.,2,-1.000000
OO.XO..X.,5,-1.000000
OO.XO..X.,6,-1.000000
OO.XO..X.,8,-1.000000
OO.XO..XX,2,1.000000
OO.XO..XX,5,-1.000000
OO.XO..XX,6,1.000000
OO.XO.OXX,2,-0.000000
OO.XO.OXX,5,-1.000000
OO.XO.X..,2,-1.000000
OO.XO.X..,5,-1.000000
OO.XO.X..,7,-1.000000
OO.XO.X..,8,-1.000000
OO.XO.X.X,2,-1.000000
OO.XO.X.X,5,-1.000000
OO.XO.X.X,7,1.000000
OO.XO.XX.,2,-1.000000
OO.XO.XX.,5,-1.000000
OO.XO.XX.,8,1.000000
OO.XOO.XX,2,-0.000000
OO.XOO.XX,6,1.000000
OO.XOOX.X,2,-1.000000
OO.XOOX.X,7,1.000000
OO.XOOXX.,2,-1.000000
OO.XOOXX.,8,1.000000
OO.XOX...,2,-1.000000
OO.XOX...,6,-1.000000
OO.XOX...,7,-1.000000
OO.XOX...,8,-1.000000
OO.XOX..X,2,1.000000
OO.XOX..X,6,-1.000000
OO.XOX..X,7,-1.000000
OO.XOX.X.,2,-1.000000
OO.XOX.X.,6,-1.000000
OO.XOX.X.,8,-1.000000
OO.XOXO.X,2,1.000000
OO.XOXO.X,7,-1.000000
OO.XOXOX.,2,-1.000000
OO.XOXOX.,8,-1.000000
OO.XOXOXX,2,1.000000
OO.XOXX..,2,-1.000000
OO.XOXX..,7,-1.000000
OO.XOXX..,8,-1.000000
OO.XX....,2,1.000000
OO.XX....,5,1.000000
OO.XX....,6,-1.000000
OO.XX....,7,-1.000000
OO.XX....,8,-1.000000
OO.XX...O,2,1.000000
OO.XX...O,5,1.000000
OO.XX...O,6,-1.000000
OO.XX...O,7,-1.000000
OO.XX..O.,2,1.000000
OO.XX..O.,5,1.000000
OO.XX..O.,6,-1.000000
OO.XX..O.,8,-1.000000
OO.XX..OX,2,1.000000
OO.XX..OX,5,1.000000
OO.XX..OX,6,-1.000000
OO.XX..XO,2,1.000000
OO.XX..XO,5,1.000000
OO.XX..XO,6,-1.000000
OO.XX.O..,2,-0.000000
OO.XX.O..,5,1.000000
OO.XX.O..,7,-1.000000
OO.XX.O..,8,-1.000000
OO.XX.O.X,2,0.000000
OO.XX.O.X,5,1.000000
OO.XX.O.X,7,-1.000000
OO.XX.OOX,2,-0.000000
OO.XX.OOX,5,1.000000
OO.XX.OX.,2,0.000000
OO.XX.OX.,5,1.000000
OO.XX.OX.,8,-1.000000
OO.XX.OXO,2,-0.000000
OO.XX.OXO,5,1.000000
OO.XX.X.O,2,1.000000
OO.XX.X.O,5,1.000000
OO.XX.X.O,7,-1.000000
OO.XX.XO.,2,1.000000
OO.XX.XO.,5,1.000000
OO.XX.XO.,8,-1.000000
OO.XX.XOO,2,1.000000
OO.XX.XOO,5,1.000000
OO.XXO...,2,-0.000000
OO.XXO...,6,-1.000000
OO.XXO...,7,-1.000000
OO.XXO...,8,-1.000000
OO.XXO..X,2,0.000000
OO.XXO..X,6,-1.000000
OO.XXO..X,7,-1.000000
OO.XXO.OX,2,-0.000000
OO.XXO.OX,6,-1.000000
OO.XXO.X.,2,0.000000
OO.XXO.X.,6,-1.000000
OO.XXO.X.,8,-1.000000
OO.XXO.XO,2,-0.000000
OO.XXO.XO,6,-1.000000
OO.XXOO.X,2,-0.000000
OO.XXOO.X,7,-1.000000
OO.XXOOX.,2,-0.000000
OO.XXOOX.,8,-1.000000
OO.XXOOXX,2,0.000000
OO.XXOX..,2,1.000000
OO.XXOX..,7,-1.000000
OO.XXOX..,8,-1.000000
OO.XXOX.O,2,1.000000
OO.XXOX.O,7,-1.000000
OO.XXOXO.,2,1.000000
OO.XXOXO.,8,-1.000000
OO.XXOXOX,2,1.000000
OO.XXOXXO,2,1.000000
OOX......,3,-1.000000
OOX......,4,-0.000000
OOX......,5,1.000000
OOX......,6,-1.000000
OOX......,7,-0.000000
OOX......,8,1.000000
OOX.....X,3,1.000000
OOX.....X,4,1.000000
OOX.....X,5,1.000000
OOX.....X,6,1.000000
OOX.....X,7,1.000000
OOX....OX,3,-1.000000
OOX....OX,4,1.000000
OOX....OX,5,1.000000
OOX....OX,6,-1.000000
OOX....X.,3,1.000000
OOX....X.,4,0.000000
OOX....X.,5,1.000000
OOX....X.,6,1.000000
OOX....X.,8,1.000000
OOX....XO,3,-1.000000
OOX....XO,4,-0.000000
OOX....XO,5,-1.000000
OOX....XO,6,-1.000000
OOX...O.X,3,-0.000000
OOX...O.X,4,-1.000000
OOX...O.X,5,1.000000
OOX...O.X,7,-1.000000
OOX...OX.,3,-0.000000
OOX...OX.,4,-1.000000
OOX...OX.,5,-1.000000
OOX...OX.,8,-1.000000
OOX...OXX,3,0.000000
OOX...OXX,4,-1.000000
OOX...OXX,5,1.000000
OOX...X..,3,-1.000000
OOX...X..,4,1.000000
OOX...X..,5,1.000000
OOX...X..,7,1.000000
OOX...X..,8,1.000000
OOX...X.O,3,-1.000000
OOX...X.O,4,1.000000
OOX...X.O,5,-1.000000
OOX...X.O,7,-1.000000
OOX...XO.,3,-1.000000
OOX...XO.,4,1.000000
OOX...XO.,5,-1.000000
OOX...XO.,8,-1.000000
OOX...XOX,3,-1.000000
OOX...XOX,4,1.000000
OOX...XOX,5,1.000000
OOX...XXO,3,-1.000000
OOX...XXO,4,1.000000
OOX...XXO,5,-1.000000
OOX..O..X,3,-0.000000
OOX..O..X,4,-0.000000
OOX..O..X,6,1.000000
OOX..O..X,7,-0.000000
OOX..O.X.,3,-0.000000
OOX..O.X.,4,-0.000000
OOX..O.X.,6,1.000000
OOX..O.X.,8,-0.000000
OOX..O.XX,3,0.000000
OOX..O.XX,4,0.000000
OOX..O.XX,6,1.000000
OOX..OOXX,3,-0.000000
OOX..OOXX,4,-1.000000
OOX..OX..,3,-1.000000
OOX..OX..,4,1.000000
OOX..OX..,7,1.000000
OOX..OX..,8,1.000000
OOX..OX.X,3,1.000000
OOX..OX.X,4,1.000000
OOX..OX.X,7,1.000000
OOX..OXOX,3,-1.000000
OOX..OXOX,4,1.000000
OOX..OXX.,3,1.000000
OOX..OXX.,4,1.000000
OOX..OXX.,8,1.000000
OOX..OXXO,3,-1.000000
OOX..OXXO,4,1.000000
OOX..X...,3,1.000000
OOX..X...,4,1.000000
OOX..X...,6,1.000000
OOX..X...,7,1.000000
OOX..X...,8,1.000000
OOX..X..O,3,-1.000000
OOX..X..O,4,1.000000
OOX..X..O,6,-1.000000
OOX..X..O,7,-1.000000
OOX..X.O.,3,-1.000000
OOX..X.O.,4,1.000000
OOX..X.O.,6,-1.000000
OOX..X.O.,8,1.000000
OOX..X.XO,3,-1.000000
OOX..X.XO,4,1.000000
OOX..X.XO,6,-1.000000
OOX..XO..,3,1.000000
OOX..XO..,4,-1.000000
OOX..XO..,7,-1.000000
OOX..XO..,8,1.000000
OOX..XOX.,3,1.000000
OOX..XOX.,4,-1.000000
OOX..XOX.,8,1.000000
OOX..XOXO,3,-1.000000
OOX..XOXO,4,-1.000000
OOX..XX.O,3,-1.000000
OOX..XX.O,4,1.000000
OOX..XX.O,7,-1.000000
OOX..XXO.,3,-1.000000
OOX..XXO.,4,1.000000
OOX..XXO.,8,1.000000
OOX..XXOO,3,-1.000000
OOX..XXOO,4,1.000000
OOX.O...X,3,-1.000000
OOX.O...X,5,1.000000
OOX.O...X,6,-1.000000
OOX.O...X,7,1.000000
OOX.O..X.,3,-1.000000
OOX.O..X.,5,-1.000000
OOX.O..X.,6,-1.000000
OOX.O..X.,8,1.000000
OOX.O..XX,3,1.000000
OOX.O..XX,5,1.000000
OOX.O..XX,6,1.000000
OOX.O.OXX,3,-0.000000
OOX.O.OXX,5,1.000000
OOX.O.X..,3,-1.000000
OOX.O.X..,5,-1.000000
OOX.O.X..,7,-1.000000
OOX.O.X..,8,-1.000000
OOX.O.X.X,3,-1.000000
OOX.O.X.X,5,1.000000
OOX.O.X.X,7,1.000000
OOX.O.XX.,3,-1.000000
OOX.O.XX.,5,-1.000000
OOX.O.XX.,8,1.000000
OOX.OO.XX,3,-0.000000
OOX.OO.XX,6,1.000000
OOX.OOX.X,3,-1.000000
OOX.OOX.X,7,1.000000
OOX.OOXX.,3,-1.000000
OOX.OOXX.,8,1.000000
OOX.OX...,3,-1.000000
OOX.OX...,6,-1.000000
OOX.OX...,7,-1.000000
OOX.OX...,8,1.000000
OOX.OX.X.,3,-1.000000
OOX.OX.X.,6,-1.000000
OOX.OX.X.,8,1.000000
OOX.OXOX.,3,-1.000000
OOX.OXOX.,8,1.000000
OOX.OXX..,3,-1.000000
OOX.OXX..,7,-1.000000
OOX.OXX..,8,1.000000
OOX.X....,3,1.000000
OOX.X....,5,1.000000
OOX.X....,6,1.000000
OOX.X....,7,0.000000
OOX.X....,8,1.000000
OOX.X...O,3,1.000000
OOX.X...O,5,1.000000
OOX.X...O,6,1.000000
OOX.X...O,7,-0.000000
OOX.X..O.,3,1.000000
OOX.X..O.,5,1.000000
OOX.X..O.,6,1.000000
OOX.X..O.,8,1.000000
OOX.X..OX,3,1.000000
OOX.X..OX,5,1.000000
OOX.X..OX,6,1.000000
OOX.X..XO,3,1.000000
OOX.X..XO,5,1.000000
OOX.X..XO,6,1.000000
OOX.X.O..,3,-0.000000
OOX.X.O..,5,-1.000000
OOX.X.O..,7,-1.000000
OOX.X.O..,8,-1.000000
OOX.X.O.X,3,0.000000
OOX.X.O.X,5,1.000000
OOX.X.O.X,7,-1.000000
OOX.X.OOX,3,-0.000000
OOX.X.OOX,5,1.000000
OOX.X.OX.,3,0.000000
OOX.X.OX.,5,-1.000000
OOX.X.OX.,8,-1.000000
OOX.X.OXO,3,-0.000000
OOX.X.OXO,5,-1.000000
OOX.XO...,3,-0.000000
OOX.XO...,6,1.000000
OOX.XO...,7,-0.000000
OOX.XO...,8,-0.000000
OOX.XO..X,3,0.000000
OOX.XO..X,6,1.000000
OOX.XO..X,7,0.000000
OOX.XO.OX,3,-0.000000
OOX.XO.OX,6,1.000000
OOX.XO.X.,3,0.000000
OOX.XO.X.,6,1.000000
OOX.XO.X.,8,0.000000
OOX.XO.XO,3,-0.000000
OOX.XO.XO,6,1.000000
OOX.XOO.X,3,-0.000000
OOX.XOO.X,7,-1.000000
OOX.XOOX.,3,-0.000000
OOX.XOOX.,8,-1.000000
OOX.XOOXX,3,0.000000
OOX.XX..O,3,1.000000
OOX.XX..O,6,1.000000
OOX.XX..O,7,1.000000
OOX.XX.O.,3,1.000000
OOX.XX.O.,6,1.000000
OOX.XX.O.,8,1.000000
OOX.XX.OO,3,1.000000
OOX.XX.OO,6,1.000000
OOX.XXO..,3,1.000000
OOX.XXO..,7,-1.000000
OOX.XXO..,8,1.000000
OOX.XXO.O,3,1.000000
OOX.XXO.O,7,-1.000000
OOX.XXOO.,3,1.000000
OOX.XXOO.,8,1.000000
OOX.XXOXO,3,1.000000
OOXO....X,4,-1.000000
OOXO....X,5,1.000000
OOXO....X,6,1.000000
OOXO....X,7,-1.000000
OOXO...X.,4,-1.000000
OOXO...X.,5,-1.000000
OOXO...X.,6,1.000000
OOXO...X.,8,-1.000000
OOXO...XX,4,-1.000000
OOXO...XX,5,1.000000
OOXO...XX,6,1.000000
OOXO..X..,4,1.000000
OOXO..X..,5,1.000000
OOXO..X..,7,1.000000
OOXO..X..,8,1.000000
OOXO..X.X,4,1.000000
OOXO..X.X,5,1.000000
OOXO..X.X,7,1.000000
OOXO..XOX,4,1.000000
OOXO..XOX,5,1.000000
OOXO..XX.,4,1.000000
OOXO..XX.,5,1.000000
OOXO..XX.,8,1.000000
OOXO..XXO,4,1.000000
OOXO..XXO,5,-1.000000
OOXO.O.XX,4,-1.000000
OOXO.O.XX,6,1.000000
OOXO.OX.X,4,1.000000
OOXO.OX.X,7,1.000000
OOXO.OXX.,4,1.000000
OOXO.OXX.,8,1.000000
OOXO.X...,4,-1.000000
OOXO.X...,6,1.000000
OOXO.X...,7,-1.000000
OOXO.X...,8,1.000000
OOXO.X.X.,4,-1.000000
OOXO.X.X.,6,1.000000
OOXO.X.X.,8,1.000000
OOXO.X.XO,4,-1.000000
OOXO.X.XO,6,-1.000000
OOXO.XX..,4,1.000000
OOXO.XX..,7,1.000000
OOXO.XX..,8,1.000000
OOXO.XX.O,4,1.000000
OOXO.XX.O,7,-1.000000
OOXO.XXO.,4,1.000000
OOXO.XXO.,8,1.000000
OOXO.XXXO,4,1.000000
OOXOO..XX,5,1.000000
OOXOO..XX,6,1.000000
OOXOO.X.X,5,1.000000
OOXOO.X.X,7,1.000000
OOXOO.XX.,5,-1.000000
OOXOO.XX.,8,1.000000
OOXOOX.X.,6,-1.000000
OOXOOX.X.,8,1.000000
OOXOOXX..,7,-1.000000
OOXOOXX..,8,1.000000
OOXOOXXX.,8,1.000000
OOXOX....,5,-1.000000
OOXOX....,6,1.000000
OOXOX....,7,-1.000000
OOXOX....,8,-1.000000
OOXOX...X,5,1.000000
OOXOX...X,6,1.000000
OOXOX...X,7,-1.000000
OOXOX..OX,5,1.000000
OOXOX..OX,6,1.000000
OOXOX..X.,5,-1.000000
OOXOX..X.,6,1.000000
OOXOX..X.,8,-1.000000
OOXOX..XO,5,-1.000000
OOXOX..XO,6,1.000000
OOXOXO..X,6,1.000000
OOXOXO..X,7,-1.000000
OOXOXO.X.,6,1.000000
OOXOXO.X.,8,-1.000000
OOXOXO.XX,6,1.000000
OOXOXX...,6,1.000000
OOXOXX...,7,-1.000000
OOXOXX...,8,1.000000
OOXOXX..O,6,1.000000
OOXOXX..O,7,-1.000000
OOXOXX.O.,6,1.000000
OOXOXX.O.,8,1.000000
OOXOXX.XO,6,1.000000
OOXX.....,4,1.000000
OOXX.....,5,1.000000
OOXX.....,6,-1.000000
OOXX.....,7,1.000000
OOXX.....,8,1.000000
OOXX....O,4,1.000000
OOXX....O,5,-1.000000
OOXX....O,6,-1.000000
OOXX....O,7,-1.000000
OOXX...O.,4,1.000000
OOXX...O.,5,-1.000000
OOXX...O.,6,-1.000000
OOXX...O.,8,-1.000000
OOXX...OX,4,1.000000
OOXX...OX,5,1.000000
OOXX...OX,6,-1.000000
OOXX...XO,4,1.000000
OOXX...XO,5,-1.000000
OOXX...XO,6,-1.000000
OOXX..O..,4,-0.000000
OOXX..O..,5,1.000000
OOXX..O..,7,-0.000000
OOXX..O..,8,-0.000000
OOXX..O.X,4,0.000000
OOXX..O.X,5,1.000000
OOXX..O.X,7,0.000000
OOXX..OOX,4,-0.000000
OOXX..OOX,5,1.000000
OOXX..OX.,4,0.000000
OOXX..OX.,5,1.000000
OOXX..OX.,8,0.000000
OOXX..OXO,4,-0.000000
OOXX..OXO,5,-1.000000
OOXX..X.O,4,1.000000
OOXX..X.O,5,-1.000000
OOXX..X.O,7,-1.000000
OOXX..XO.,4,1.000000
OOXX..XO.,5,-1.000000
OOXX..XO.,8,-1.000000
OOXX..XOO,4,1.000000
OOXX..XOO,5,-1.000000
OOXX.O...,4,-0.000000
OOXX.O...,6,-1.000000
OOXX.O...,7,-0.000000
OOXX.O...,8,-0.000000
OOXX.O..X,4,0.000000
OOXX.O..X,6,1.000000
OOXX.O..X,7,0.000000
OOXX.O.OX,4,-0.000000
OOXX.O.OX,6,-1.000000
OOXX.O.X.,4,0.000000
OOXX.O.X.,6,1.000000
OOXX.O.X.,8,0.000000
OOXX.O.XO,4,-0.000000
OOXX.O.XO,6,-1.000000
OOXX.OO.X,4,-0.000000
OOXX.OO.X,7,-0.000000
OOXX.OOX.,4,-0.000000
OOXX.OOX.,8,-0.000000
OOXX.OOXX,4,0.000000
OOXX.OX..,4,1.000000
OOXX.OX..,7,1.000000
OOXX.OX..,8,1.000000
OOXX.OX.O,4,1.000000
OOXX.OX.O,7,-1.000000
OOXX.OXO.,4,1.000000
OOXX.OXO.,8,-1.000000
OOXX.OXOX,4,1.000000
OOXX.OXXO,4,1.000000
OOXX.X..O,4,1.000000
OOXX.X..O,6,-1.000000
OOXX.X..O,7,-1.000000
OOXX.X.O.,4,1.000000
OOXX.X.O.,6,-1.000000
OOXX.X.O.,8,1.000000
OOXX.X.OO,4,1.000000
OOXX.X.OO,6,-1.000000
OOXX.XO..,4,1.000000
OOXX.XO..,7,1.000000
OOXX.XO..,8,1.000000
OOXX.XO.O,4,1.000000
OOXX.XO.O,7,-1.000000
OOXX.XOO.,4,1.000000
OOXX.XOO.,8,1.000000
OOXX.XOXO,4,1.000000
OOXX.XXOO,4,1.000000
OOXXO....,5,-1.000000
OOXXO....,6,-1.000000
OOXXO....,7,-1.000000
OOXXO....,8,-1.000000
OOXXO...X,5,1.000000
OOXXO...X,6,-1.000000
OOXXO...X,7,1.000000
OOXXO..X.,5,-1.000000
OOXXO..X.,6,-1.000000
OOXXO..X.,8,1.000000
OOXXO.O.X,5,1.000000
OOXXO.O.X,7,-0.000000
OOXXO.OX.,5,-1.000000
OOXXO.OX.,8,-0.000000
OOXXO.OXX,5,1.000000
OOXXO.X..,5,-1.000000
OOXXO.X..,7,-1.000000
OOXXO.X..,8,-1.000000
OOXXOO..X,6,-1.000000
OOXXOO..X,7,-0.000000
OOXXOO.X.,6,-1.000000
OOXXOO.X.,8,-0.000000
OOXXOO.XX,6,1.000000
OOXXOOX..,7,-1.000000
OOXXOOX..,8,-1.000000
OOXXOOX.X,7,1.000000
OOXXOOXX.,8,1.000000
OOXXOX...,6,-1.000000
OOXXOX...,7,-1.000000
OOXXOX...,8,1.000000
OOXXOXO..,7,-1.000000
OOXXOXO..,8,1.000000
OOXXOXOX.,8,1.000000
OOXXX...O,5,1.000000
OOXXX...O,6,1.000000
OOXXX...O,7,1.000000
OOXXX..O.,5,1.000000
OOXXX..O.,6,1.000000
OOXXX..O.,8,1.000000
OOXXX..OO,5,1.000000
OOXXX..OO,6,1.000000
OOXXX.O..,5,1.000000
OOXXX.O..,7,0.000000
OOXXX.O..,8,0.000000
OOXXX.O.O,5,1.000000
OOXXX.O.O,7,-0.000000
OOXXX.OO.,5,1.000000
OOXXX.OO.,8,-0.000000
OOXXX.OOX,5,1.000000
OOXXX.OXO,5,1.000000
OOXXXO...,6,1.000000
OOXXXO...,7,0.000000
OOXXXO...,8,0.000000
OOXXXO..O,6,1.000000
OOXXXO..O,7,-0.000000
OOXXXO.O.,6,1.000000
OOXXXO.O.,8,-0.000000
OOXXXO.OX,6,1.000000
OOXXXO.XO,6,1.000000
OOXXXOO..,7,-0.000000
OOXXXOO..,8,-0.000000
OOXXXOO.X,7,0.000000
OOXXXOOX.,8,0.000000
OX.......,2,-1.000000
OX.......,3,0.000000
OX.......,4,0.000000
OX.......,5,-1.000000
OX.......,6,0.000000
OX.......,7,-1.000000
OX.......,8,0.000000
OX......O,2,-1.000000
OX......O,3,-1.000000
OX......O,4,-0.000000
OX......O,5,-1.000000
OX......O,6,-1.000000
OX......O,7,-1.000000
OX.....O.,2,-1.000000
OX.....O.,3,-1.000000
OX.....O.,4,-1.000000
OX.....O.,5,-1.000000
OX.....O.,6,-0.000000
OX.....O.,8,-0.000000
OX.....OX,2,0.000000
OX.....OX,3,0.000000
OX.....OX,4,0.000000
OX.....OX,5,0.000000
OX.....OX,6,0.000000
OX.....XO,2,-1.000000
OX.....XO,3,-1.000000
OX.....XO,4,1.000000
OX.....XO,5,-1.000000
OX.....XO,6,-1.000000
OX....O..,2,-1.000000
OX....O..,3,-1.000000
OX....O..,4,-1.000000
OX....O..,5,-1.000000
OX....O..,7,-1.000000
OX....O..,8,-1.000000
OX....O.X,2,-1.000000
OX....O.X,3,0.000000
OX....O.X,4,-1.000000
OX....O.X,5,-1.000000
OX....O.X,7,-1.000000
OX....OOX,2,-1.000000
OX....OOX,3,-0.000000
OX....OOX,4,-1.000000
OX....OOX,5,-1.000000
OX....OX.,2,-1.000000
OX....OX.,3,-1.000000
OX....OX.,4,1.000000
OX....OX.,5,-1.000000
OX....OX.,8,-1.000000
OX....OXO,2,-1.000000
OX....OXO,3,-1.000000
OX....OXO,4,1.000000
OX....OXO,5,-1.000000
OX....X.O,2,-1.000000
OX....X.O,3,-1.000000
OX....X.O,4,1.000000
OX....X.O,5,-1.000000
OX....X.O,7,-1.000000
OX....XO.,2,0.000000
OX....XO.,3,0.000000
OX....XO.,4,0.000000
OX....XO.,5,0.000000
OX....XO.,8,0.000000
OX....XOO,2,-1.000000
OX....XOO,3,-1.000000
OX....XOO,4,-0.000000
OX....XOO,5,-1.000000
OX...O...,2,-1.000000
OX...O...,3,-1.000000
OX...O...,4,-0.000000
OX...O...,6,-1.000000
OX...O...,7,-1.000000
OX...O...,8,-1.000000
OX...O..X,2,-1.000000
OX...O..X,3,0.000000
OX...O..X,4,0.000000
OX...O..X,6,0.000000
OX...O..X,7,1.000000
OX...O.OX,2,-1.000000
OX...O.OX,3,-0.000000
OX...O.OX,4,-0.000000
OX...O.OX,6,-0.000000
OX...O.X.,2,-1.000000
OX...O.X.,3,0.000000
OX...O.X.,4,1.000000
OX...O.X.,6,1.000000
OX...O.X.,8,1.000000
OX...O.XO,2,-1.000000
OX...O.XO,3,-1.000000
OX...O.XO,4,1.000000
OX...O.XO,6,-1.000000
OX...OO.X,2,-1.000000
OX...OO.X,3,-0.000000
OX...OO.X,4,-1.000000
OX...OO.X,7,-1.000000
OX...OOX.,2,-1.000000
OX...OOX.,3,-1.000000
OX...OOX.,4,1.000000
OX...OOX.,8,-1.000000
OX...OOXX,2,-1.000000
OX...OOXX,3,0.000000
OX...OOXX,4,1.000000
OX...OX..,2,-1.000000
OX...OX..,3,-1.000000
OX...OX..,4,1.000000
OX...OX..,7,1.000000
OX...OX..,8,0.000000
OX...OX.O,2,-1.000000
OX...OX.O,3,-1.000000
OX...OX.O,4,-1.000000
OX...OX.O,7,-1.000000
OX...OXO.,2,-1.000000
OX...OXO.,3,-1.000000
OX...OXO.,4,-0.000000
OX...OXO.,8,-0.000000
OX...OXOX,2,0.000000
OX...OXOX,3,0.000000
OX...OXOX,4,0.000000
OX...OXXO,2,-1.000000
OX...OXXO,3,-1.000000
OX...OXXO,4,1.000000
OX...X..O,2,-1.000000
OX...X..O,3,-1.000000
OX...X..O,4,1.000000
OX...X..O,6,-1.000000
OX...X..O,7,-1.000000
OX...X.O.,2,-1.000000
OX...X.O.,3,0.000000
OX...X.O.,4,0.000000
OX...X.O.,6,0.000000
OX...X.O.,8,0.000000
OX...X.OO,2,-1.000000
OX...X.OO,3,-1.000000
OX...X.OO,4,-1.000000
OX...X.OO,6,-1.000000
OX...XO..,2,-1.000000
OX...XO..,3,-1.000000
OX...XO..,4,-1.000000
OX...XO..,7,-1.000000
OX...XO..,8,-1.000000
OX...XO.O,2,-1.000000
OX...XO.O,3,-1.000000
OX...XO.O,4,-1.000000
OX...XO.O,7,-1.000000
OX...XOO.,2,-1.000000
OX...XOO.,3,-1.000000
OX...XOO.,4,-1.000000
OX...XOO.,8,-1.000000
OX...XOOX,2,1.000000
OX...XOOX,3,1.000000
OX...XOOX,4,-1.000000
OX...XOXO,2,-1.000000
OX...XOXO,3,-1.000000
OX...XOXO,4,1.000000
OX...XXOO,2,-1.000000
OX...XXOO,3,-1.000000
OX...XXOO,4,1.000000
OX..O....,2,-1.000000
OX..O....,3,-1.000000
OX..O....,5,-1.000000
OX..O....,6,-1.000000
OX..O....,7,-1.000000
OX..O....,8,-1.000000
OX..O...X,2,0.000000
OX..O...X,3,0.000000
OX..O...X,5,0.000000
OX..O...X,6,0.000000
OX..O...X,7,-1.000000
OX..O..OX,2,-0.000000
OX..O..OX,3,-0.000000
OX..O..OX,5,-0.000000
OX..O..OX,6,-0.000000
OX..O..X.,2,-1.000000
OX..O..X.,3,-1.000000
OX..O..X.,5,-1.000000
OX..O..X.,6,-1.000000
OX..O..X.,8,-1.000000
OX..O.O.X,2,-1.000000
OX..O.O.X,3,-1.000000
OX..O.O.X,5,-1.000000
OX..O.O.X,7,-1.000000
OX..O.OX.,2,-1.000000
OX..O.OX.,3,-1.000000
OX..O.OX.,5,-1.000000
OX..O.OX.,8,-1.000000
OX..O.OXX,2,-1.000000
OX..O.OXX,3,-1.000000
OX..O.OXX,5,-1.000000
OX..O.X..,2,-1.000000
OX..O.X..,3,-1.000000
OX..O.X..,5,-1.000000
OX..O.X..,7,-1.000000
OX..O.X..,8,0.000000
OX..O.XO.,2,-1.000000
OX..O.XO.,3,-1.000000
OX..O.XO.,5,-1.000000
OX..O.XO.,8,-0.000000
OX..O.XOX,2,0.000000
OX..O.XOX,3,0.000000
OX..O.XOX,5,0.000000
OX..OO..X,2,-1.000000
OX..OO..X,3,-0.000000
OX..OO..X,6,-1.000000
OX..OO..X,7,-1.000000
OX..OO.X.,2,-1.000000
OX..OO.X.,3,-1.000000
OX..OO.X.,6,-1.000000
OX..OO.X.,8,-1.000000
OX..OO.XX,2,-1.000000
OX..OO.XX,3,0.000000
OX..OO.XX,6,1.000000
OX..OOOXX,2,-1.000000
OX..OOOXX,3,-1.000000
OX..OOX..,2,-1.000000
OX..OOX..,3,-1.000000
OX..OOX..,7,-1.000000
OX..OOX..,8,-1.000000
OX..OOX.X,2,-1.000000
OX..OOX.X,3,0.000000
OX..OOX.X,7,1.000000
OX..OOXOX,2,-1.000000
OX..OOXOX,3,-0.000000
OX..OOXX.,2,-1.000000
OX..OOXX.,3,-1.000000
OX..OOXX.,8,1.000000
OX..OX...,2,-1.000000
OX..OX...,3,-1.000000
OX..OX...,6,-1.000000
OX..OX...,7,-1.000000
OX..OX...,8,0.000000
OX..OX.O.,2,-1.000000
OX..OX.O.,3,-1.000000
OX..OX.O.,6,-1.000000
OX..OX.O.,8,-0.000000
OX..OX.OX,2,1.000000
OX..OX.OX,3,0.000000
OX..OX.OX,6,0.000000
OX..OXO..,2,-1.000000
OX..OXO..,3,-1.000000
OX..OXO..,7,-1.000000
OX..OXO..,8,-1.000000
OX..OXO.X,2,1.000000
OX..OXO.X,3,-1.000000
OX..OXO.X,7,-1.000000
OX..OXOOX,2,1.000000
OX..OXOOX,3,-1.000000
OX..OXOX.,2,-1.000000
OX..OXOX.,3,-1.000000
OX..OXOX.,8,-1.000000
OX..OXXO.,2,-1.000000
OX..OXXO.,3,-1.000000
OX..OXXO.,8,0.000000
OX..X...O,2,1.000000
OX..X...O,3,1.000000
OX..X...O,5,1.000000
OX..X...O,6,1.000000
OX..X...O,7,1.000000
OX..X..O.,2,-1.000000
OX..X..O.,3,0.000000
OX..X..O.,5,0.000000
OX..X..O.,6,0.000000
OX..X..O.,8,0.000000
OX..X..OO,2,-1.000000
OX..X..OO,3,-1.000000
OX..X..OO,5,-1.000000
OX..X..OO,6,-0.000000
OX..X.O..,2,-1.000000
OX..X.O..,3,1.000000
OX..X.O..,5,-1.000000
OX..X.O..,7,1.000000
OX..X.O..,8,-1.000000
OX..X.O.O,2,-1.000000
OX..X.O.O,3,-1.000000
OX..X.O.O,5,-1.000000
OX..X.O.O,7,1.000000
OX..X.OO.,2,-1.000000
OX..X.OO.,3,-1.000000
OX..X.OO.,5,-1.000000
OX..X.OO.,8,-1.000000
OX..X.OOX,2,-1.000000
OX..X.OOX,3,0.000000
OX..X.OOX,5,-1.000000
OX..X.XOO,2,1.000000
OX..X.XOO,3,1.000000
OX..X.XOO,5,1.000000
OX..XO...,2,1.000000
OX..XO...,3,0.000000
OX..XO...,6,1.000000
OX..XO...,7,1.000000
OX..XO...,8,0.000000
OX..XO..O,2,1.000000
OX..XO..O,3,-1.000000
OX..XO..O,6,-1.000000
OX..XO..O,7,1.000000
OX..XO.O.,2,-1.000000
OX..XO.O.,3,-1.000000
OX..XO.O.,6,-0.000000
OX..XO.O.,8,-0.000000
OX..XO.OX,2,0.000000
OX..XO.OX,3,0.000000
OX..XO.OX,6,0.000000
OX..XOO..,2,-1.000000
OX..XOO..,3,-0.000000
OX..XOO..,7,1.000000
OX..XOO..,8,-1.000000
OX..XOO.X,2,-1.000000
OX..XOO.X,3,0.000000
OX..XOO.X,7,1.000000
OX..XOOOX,2,-1.000000
OX..XOOOX,3,-0.000000
OX..XOX.O,2,1.000000
OX..XOX.O,3,-1.000000
OX..XOX.O,7,1.000000
OX..XOXO.,2,1.000000
OX..XOXO.,3,0.000000
OX..XOXO.,8,0.000000
OX..XOXOO,2,1.000000
OX..XOXOO,3,-1.000000
OX..XX.OO,2,-1.000000
OX..XX.OO,3,1.000000
OX..XX.OO,6,1.000000
OX..XXO.O,2,-1.000000
OX..XXO.O,3,1.000000
OX..XXO.O,7,1.000000
OX..XXOO.,2,-1.000000
OX..XXOO.,3,1.000000
OX..XXOO.,8,-1.000000
OX.O.....,2,-1.000000
OX.O.....,4,-1.000000
OX.O.....,5,-1.000000
OX.O.....,6,-1.000000
OX.O.....,7,-1.000000
OX.O.....,8,-1.000000
OX.O....X,2,-1.000000
OX.O....X,4,-1.000000
OX.O....X,5,-1.000000
OX.O....X,6,1.000000
OX.O....X,7,-1.000000
OX.O...OX,2,-1.000000
OX.O...OX,4,-1.000000
OX.O...OX,5,-1.000000
OX.O...OX,6,-0.000000
OX.O...X.,2,-1.000000
OX.O...X.,4,1.000000
OX.O...X.,5,-1.000000
OX.O...X.,6,1.000000
OX.O...X.,8,-1.000000
OX.O...XO,2,-1.000000
OX.O...XO,4,1.000000
OX.O...XO,5,-1.000000
OX.O...XO,6,-1.000000
OX.O..X..,2,-1.000000
OX.O..X..,4,1.000000
OX.O..X..,5,1.000000
OX.O..X..,7,1.000000
OX.O..X..,8,1.000000
OX.O..X.O,2,-1.000000
OX.O..X.O,4,1.000000
OX.O..X.O,5,-1.000000
OX.O..X.O,7,-1.000000
OX.O..XO.,2,-1.000000
OX.O..XO.,4,-0.000000
OX.O..XO.,5,-0.000000
OX.O..XO.,8,-0.000000
OX.O..XOX,2,1.000000
OX.O..XOX,4,0.000000
OX.O..XOX,5,0.000000
OX.O..XXO,2,-1.000000
OX.O..XXO,4,1.000000
OX.O..XXO,5,-1.000000
OX.O.O..X,2,-1.000000
OX.O.O..X,4,-1.000000
OX.O.O..X,6,-1.000000
OX.O.O..X,7,-1.000000
OX.O.O.X.,2,-1.000000
OX.O.O.X.,4,1.000000
OX.O.O.X.,6,-1.000000
OX.O.O.X.,8,-1.000000
OX.O.O.XX,2,-1.000000
OX.O.O.XX,4,1.000000
OX.O.O.XX,6,1.000000
OX.O.OX..,2,-1.000000
OX.O.OX..,4,1.000000
OX.O.OX..,7,-1.000000
OX.O.OX..,8,-1.000000
OX.O.OX.X,2,-1.000000
OX.O.OX.X,4,1.000000
OX.O.OX.X,7,1.000000
OX.O.OXOX,2,-1.000000
OX.O.OXOX,4,-0.000000
OX.O.OXX.,2,-1.000000
OX.O.OXX.,4,1.000000
OX.O.OXX.,8,1.000000
OX.O.OXXO,2,-1.000000
OX.O.OXXO,4,1.000000
OX.O.X...,2,-1.000000
OX.O.X...,4,-1.000000
OX.O.X...,6,1.000000
OX.O.X...,7,-1.000000
OX.O.X...,8,-1.000000
OX.O.X..O,2,-1.000000
OX.O.X..O,4,-1.000000
OX.O.X..O,6,-1.000000
OX.O.X..O,7,-1.000000
OX.O.X.O.,2,-1.000000
OX.O.X.O.,4,-1.000000
OX.O.X.O.,6,-0.000000
OX.O.X.O.,8,-1.000000
OX.O.X.OX,2,1.000000
OX.O.X.OX,4,-1.000000
OX.O.X.OX,6,0.000000
OX.O.X.XO,2,-1.000000
OX.O.X.XO,4,1.000000
OX.O.X.XO,6,-1.000000
OX.O.XX.O,2,-1.000000
OX.O.XX.O,4,1.000000
OX.O.XX.O,7,-1.000000
OX.O.XXO.,2,1.000000
OX.O.XXO.,4,0.000000
OX.O.XXO.,8,0.000000
OX.O.XXOO,2,-1.000000
OX.O.XXOO,4,-0.000000
OX.OO...X,2,-1.000000
OX.OO...X,5,-1.000000
OX.OO...X,6,-1.000000
OX.OO...X,7,-1.000000
OX.OO..X.,2,-1.000000
OX.OO..X.,5,-1.000000
OX.OO..X.,6,-1.000000
OX.OO..X.,8,-1.000000
OX.OO..XX,2,-1.000000
OX.OO..XX,5,-1.000000
OX.OO..XX,6,1.000000
OX.OO.X..,2,-1.000000
OX.OO.X..,5,-1.000000
OX.OO.X..,7,-1.000000
OX.OO.X..,8,-1.000000
OX.OO.X.X,2,-1.000000
OX.OO.X.X,5,1.000000
OX.OO.X.X,7,1.000000
OX.OO.XOX,2,-1.000000
OX.OO.XOX,5,-0.000000
OX.OO.XX.,2,-1.000000
OX.OO.XX.,5,-1.000000
OX.OO.XX.,8,1.000000
OX.OOX...,2,-1.000000
OX.OOX...,6,-1.000000
OX.OOX...,7,-1.000000
OX.OOX...,8,-1.000000
OX.OOX..X,2,1.000000
OX.OOX..X,6,1.000000
OX.OOX..X,7,-1.000000
OX.OOX.OX,2,1.000000
OX.OOX.OX,6,-0.000000
OX.OOX.X.,2,-1.000000
OX.OOX.X.,6,-1.000000
OX.OOX.X.,8,-1.000000
OX.OOXX..,2,-1.000000
OX.OOXX..,7,-1.000000
OX.OOXX..,8,1.000000
OX.OOXXO.,2,-1.000000
OX.OOXXO.,8,-0.000000
OX.OOXXOX,2,1.000000
OX.OX....,2,-1.000000
OX.OX....,5,-1.000000
OX.OX....,6,1.000000
OX.OX....,7,1.000000
OX.OX....,8,-1.000000
OX.OX...O,2,-1.000000
OX.OX...O,5,-1.000000
OX.OX...O,6,1.000000
OX.OX...O,7,1.000000
OX.OX..O.,2,-1.000000
OX.OX..O.,5,-1.000000
OX.OX..O.,6,-0.000000
OX.OX..O.,8,-1.000000
OX.OX..OX,2,-1.000000
OX.OX..OX,5,-1.000000
OX.OX..OX,6,0.000000
OX.OX.X.O,2,1.000000
OX.OX.X.O,5,1.000000
OX.OX.X.O,7,1.000000
OX.OX.XO.,2,1.000000
OX.OX.XO.,5,0.000000
OX.OX.XO.,8,0.000000
OX.OX.XOO,2,1.000000
OX.OX.XOO,5,-0.000000
OX.OXO...,2,-1.000000
OX.OXO...,6,1.000000
OX.OXO...,7,1.000000
OX.OXO...,8,-1.000000
OX.OXO..X,2,-1.000000
OX.OXO..X,6,1.000000
OX.OXO..X,7,1.000000
OX.OXO.OX,2,-1.000000
OX.OXO.OX,6,-0.000000
OX.OXOX..,2,1.000000
OX.OXOX..,7,1.000000
OX.OXOX..,8,1.000000
OX.OXOX.O,2,1.000000
OX.OXOX.O,7,1.000000
OX.OXOXO.,2,1.000000
OX.OXOXO.,8,-0.000000
OX.OXOXOX,2,1.000000
OX.OXX..O,2,-1.000000
OX.OXX..O,6,1.000000
OX.OXX..O,7,1.000000
OX.OXX.O.,2,-1.000000
OX.OXX.O.,6,0.000000
OX.OXX.O.,8,-1.000000
OX.OXX.OO,2,-1.000000
OX.OXX.OO,6,-0.000000
OX.OXXXOO,2,1.000000
OX.X....O,2,-1.000000
OX.X....O,4,1.000000
OX.X....O,5,-1.000000
OX.X....O,6,-1.000000
OX.X....O,7,-1.000000
OX.X...O.,2,-1.000000
OX.X...O.,4,0.000000
OX.X...O.,5,0.000000
OX.X...O.,6,0.000000
OX.X...O.,8,0.000000
OX.X...OO,2,-1.000000
OX.X...OO,4,-1.000000
OX.X...OO,5,-1.000000
OX.X...OO,6,-1.000000
OX.X..O..,2,-1.000000
OX.X..O..,4,1.000000
OX.X..O..,5,-1.000000
OX.X..O..,7,-1.000000
OX.X..O..,8,0.000000
OX.X..O.O,2,-1.000000
OX.X..O.O,4,-1.000000
OX.X..O.O,5,-1.000000
OX.X..O.O,7,-1.000000
OX.X..OO.,2,-1.000000
OX.X..OO.,4,-1.000000
OX.X..OO.,5,-1.000000
OX.X..OO.,8,-0.000000
OX.X..OOX,2,0.000000
OX.X..OOX,4,0.000000
OX.X..OOX,5,1.000000
OX.X..OXO,2,-1.000000
OX.X..OXO,4,1.000000
OX.X..OXO,5,-1.000000
OX.X..XOO,2,-1.000000
OX.X..XOO,4,1.000000
OX.X..XOO,5,-1.000000
OX.X.O...,2,0.000000
OX.X.O...,4,0.000000
OX.X.O...,6,-1.000000
OX.X.O...,7,0.000000
OX.X.O...,8,0.000000
OX.X.O..O,2,-1.000000
OX.X.O..O,4,-1.000000
OX.X.O..O,6,-1.000000
OX.X.O..O,7,-1.000000
OX.X.O.O.,2,-1.000000
OX.X.O.O.,4,-1.000000
OX.X.O.O.,6,-1.000000
OX.X.O.O.,8,-0.000000
OX.X.O.OX,2,0.000000
OX.X.O.OX,4,0.000000
OX.X.O.OX,6,0.000000
OX.X.O.XO,2,-1.000000
OX.X.O.XO,4,1.000000
OX.X.O.XO,6,-1.000000
OX.X.OO..,2,-1.000000
OX.X.OO..,4,-0.000000
OX.X.OO..,7,-1.000000
OX.X.OO..,8,-0.000000
OX.X.OO.X,2,0.000000
OX.X.OO.X,4,0.000000
OX.X.OO.X,7,0.000000
OX.X.OOOX,2,-0.000000
OX.X.OOOX,4,-0.000000
OX.X.OOX.,2,0.000000
OX.X.OOX.,4,1.000000
OX.X.OOX.,8,0.000000
OX.X.OOXO,2,-1.000000
OX.X.OOXO,4,1.000000
OX.X.OX.O,2,-1.000000
OX.X.OX.O,4,-1.000000
OX.X.OX.O,7,-1.000000
OX.X.OXO.,2,0.000000
OX.X.OXO.,4,0.000000
OX.X.OXO.,8,0.000000
OX.X.OXOO,2,-1.000000
OX.X.OXOO,4,-1.000000
OX.X.X.OO,2,-1.000000
OX.X.X.OO,4,1.000000
OX.X.X.OO,6,-1.000000
OX.X.XO.O,2,-1.000000
OX.X.XO.O,4,1.000000
OX.X.XO.O,7,-1.000000
OX.X.XOO.,2,-1.000000
OX.X.XOO.,4,1.000000
OX.X.XOO.,8,1.000000
OX.XO....,2,-1.000000
OX.XO....,5,-1.000000
OX.XO....,6,-1.000000
OX.XO....,7,-1.000000
OX.XO....,8,0.000000
OX.XO..O.,2,-1.000000
OX.XO..O.,5,-1.000000
OX.XO..O.,6,-1.000000
OX.XO..O.,8,-0.000000
OX.XO..OX,2,0.000000
OX.XO..OX,5,0.000000
OX.XO..OX,6,0.000000
OX.XO.O..,2,-1.000000
OX.XO.O..,5,-1.000000
OX.XO.O..,7,-1.000000
OX.XO.O..,8,-1.000000
OX.XO.O.X,2,0.000000
OX.XO.O.X,5,-1.000000
OX.XO.O.X,7,-1.000000
OX.XO.OOX,2,-0.000000
OX.XO.OOX,5,-1.000000
OX.XO.OX.,2,-1.000000
OX.XO.OX.,5,-1.000000
OX.XO.OX.,8,-1.000000
OX.XO.XO.,2,-1.000000
OX.XO.XO.,5,-1.000000
OX.XO.XO.,8,0.000000
OX.XOO...,2,-1.000000
OX.XOO...,6,-1.000000
OX.XOO...,7,-1.000000
OX.XOO...,8,-0.000000
OX.XOO..X,2,0.000000
OX.XOO..X,6,0.000000
OX.XOO..X,7,0.000000
OX.XOO.OX,2,-0.000000
OX.XOO.OX,6,-0.000000
OX.XOO.X.,2,-1.000000
OX.XOO.X.,6,-1.000000
OX.XOO.X.,8,0.000000
OX.XOOO.X,2,-0.000000
OX.XOOO.X,7,-1.000000
OX.XOOOX.,2,-1.000000
OX.XOOOX.,8,-1.000000
OX.XOOOXX,2,0.000000
OX.XOOX..,2,-1.000000
OX.XOOX..,7,-1.000000
OX.XOOX..,8,0.000000
OX.XOOXO.,2,-1.000000
OX.XOOXO.,8,-0.000000
OX.XOOXOX,2,0.000000
OX.XOX.O.,2,-1.000000
OX.XOX.O.,6,-1.000000
OX.XOX.O.,8,0.000000
OX.XOXO..,2,-1.000000
OX.XOXO..,7,-1.000000
OX.XOXO..,8,-1.000000
OX.XOXOO.,2,-1.000000
OX.XOXOO.,8,-1.000000
OX.XOXOOX,2,1.000000
OX.XX..OO,2,-1.000000
OX.XX..OO,5,1.000000
OX.XX..OO,6,1.000000
OX.XX.O.O,2,-1.000000
OX.XX.O.O,5,1.000000
OX.XX.O.O,7,1.000000
OX.XX.OO.,2,-1.000000
OX.XX.OO.,5,1.000000
OX.XX.OO.,8,0.000000
OX.XXO..O,2,1.000000
OX.XXO..O,6,-1.000000
OX.XXO..O,7,1.000000
OX.XXO.O.,2,0.000000
OX.XXO.O.,6,0.000000
OX.XXO.O.,8,0.000000
OX.XXO.OO,2,-1.000000
OX.XXO.OO,6,-1.000000
OX.XXOO..,2,0.000000
OX.XXOO..,7,1.000000
OX.XXOO..,8,0.000000
OX.XXOO.O,2,-1.000000
OX.XXOO.O,7,1.000000
OX.XXOOO.,2,-1.000000
OX.XXOOO.,8,-0.000000
OX.XXOOOX,2,0.000000
OX.XXOXOO,2,1.000000
OXO......,3,-1.000000
OXO......,4,-0.000000
OXO......,5,-1.000000
OXO......,6,-1.000000
OXO......,7,-1.000000
OXO......,8,-1.000000
OXO.....X,3,0.000000
OXO.....X,4,0.000000
OXO.....X,5,-1.000000
OXO.....X,6,0.000000
OXO.....X,7,1.000000
OXO....OX,3,-0.000000
OXO....OX,4,-0.000000
OXO....OX,5,-1.000000
OXO....OX,6,-0.000000
OXO....X.,3,-1.000000
OXO....X.,4,1.000000
OXO....X.,5,-1.000000
OXO....X.,6,1.000000
OXO....X.,8,1.000000
OXO....XO,3,-1.000000
OXO....XO,4,1.000000
OXO....XO,5,-1.000000
OXO....XO,6,-1.000000
OXO...O.X,3,-1.000000
OXO...O.X,4,-1.000000
OXO...O.X,5,-1.000000
OXO...O.X,7,-1.000000
OXO...OX.,3,-1.000000
OXO...OX.,4,1.000000
OXO...OX.,5,-1.000000
OXO...OX.,8,-1.000000
OXO...OXX,3,-1.000000
OXO...OXX,4,1.000000
OXO...OXX,5,-1.000000
OXO...X..,3,-1.000000
OXO...X..,4,0.000000
OXO...X..,5,0.000000
OXO...X..,7,1.000000
OXO...X..,8,0.000000
OXO...X.O,3,-1.000000
OXO...X.O,4,-1.000000
OXO...X.O,5,-1.000000
OXO...X.O,7,-1.000000
OXO...XO.,3,-1.000000
OXO...XO.,4,-0.000000
OXO...XO.,5,-0.000000
OXO...XO.,8,-0.000000
OXO...XOX,3,0.000000
OXO...XOX,4,0.000000
OXO...XOX,5,0.000000
OXO...XXO,3,-1.000000
OXO...XXO,4,1.000000
OXO...XXO,5,-1.000000
OXO..O..X,3,-0.000000
OXO..O..X,4,-0.000000
OXO..O..X,6,-0.000000
OXO..O..X,7,1.000000
OXO..O.X.,3,-1.000000
OXO..O.X.,4,1.000000
OXO..O.X.,6,-1.000000
OXO..O.X.,8,1.000000
OXO..O.XX,3,1.000000
OXO..O.XX,4,1.000000
OXO..O.XX,6,1.000000
OXO..OOXX,3,-1.000000
OXO..OOXX,4,1.000000
OXO..OX..,3,-1.000000
OXO..OX..,4,-1.000000
OXO..OX..,7,-1.000000
OXO..OX..,8,-0.000000
OXO..OX.X,3,0.000000
OXO..OX.X,4,0.000000
OXO..OX.X,7,1.000000
OXO..OXOX,3,-0.000000
OXO..OXOX,4,-0.000000
OXO..OXX.,3,-1.000000
OXO..OXX.,4,1.000000
OXO..OXX.,8,1.000000
OXO..X...,3,-1.000000
OXO..X...,4,1.000000
OXO..X...,6,0.000000
OXO..X...,7,-1.000000
OXO..X...,8,-1.000000
OXO..X..O,3,-1.000000
OXO..X..O,4,1.000000
OXO..X..O,6,-1.000000
OXO..X..O,7,-1.000000
OXO..X.O.,3,-1.000000
OXO..X.O.,4,-0.000000
OXO..X.O.,6,-0.000000
OXO..X.O.,8,-1.000000
OXO..X.OX,3,0.000000
OXO..X.OX,4,0.000000
OXO..X.OX,6,0.000000
OXO..X.XO,3,-1.000000
OXO..X.XO,4,1.000000
OXO..X.XO,6,-1.000000
OXO..XO..,3,-1.000000
OXO..XO..,4,-1.000000
OXO..XO..,7,-1.000000
OXO..XO..,8,-1.000000
OXO..XO.X,3,-1.000000
OXO..XO.X,4,-1.000000
OXO..XO.X,7,-1.000000
OXO..XOOX,3,-1.000000
OXO..XOOX,4,-1.000000
OXO..XOX.,3,-1.000000
OXO..XOX.,4,1.000000
OXO..XOX.,8,-1.000000
OXO..XOXO,3,-1.000000
OXO..XOXO,4,1.000000
OXO..XX.O,3,-1.000000
OXO..XX.O,4,1.000000
OXO..XX.O,7,-1.000000
OXO..XXO.,3,0.000000
OXO..XXO.,4,0.000000
OXO..XXO.,8,0.000000
OXO..XXOO,3,-1.000000
OXO..XXOO,4,-0.000000
OXO.O...X,3,-1.000000
OXO.O...X,5,-1.000000
OXO.O...X,6,-0.000000
OXO.O...X,7,-1.000000
OXO.O..X.,3,-1.000000
OXO.O..X.,5,-1.000000
OXO.O..X.,6,-1.000000
OXO.O..X.,8,-1.000000
OXO.O..XX,3,-1.000000
OXO.O..XX,5,-1.000000
OXO.O..XX,6,1.000000
OXO.O.X..,3,-1.000000
OXO.O.X..,5,-1.000000
OXO.O.X..,7,-1.000000
OXO.O.X..,8,-0.000000
OXO.O.X.X,3,0.000000
OXO.O.X.X,5,0.000000
OXO.O.X.X,7,1.000000
OXO.O.XOX,3,-0.000000
OXO.O.XOX,5,-0.000000
OXO.O.XX.,3,-1.000000
OXO.O.XX.,5,-1.000000
OXO.O.XX.,8,1.000000
OXO.OO.XX,3,-1.000000
OXO.OO.XX,6,1.000000
OXO.OOX.X,3,-0.000000
OXO.OOX.X,7,1.000000
OXO.OOXX.,3,-1.000000
OXO.OOXX.,8,1.000000
OXO.OX...,3,-1.000000
OXO.OX...,6,-1.000000
OXO.OX...,7,-1.000000
OXO.OX...,8,-1.000000
OXO.OX..X,3,-1.000000
OXO.OX..X,6,0.000000
OXO.OX..X,7,-1.000000
OXO.OX.OX,3,-1.000000
OXO.OX.OX,6,-0.000000
OXO.OX.X.,3,-1.000000
OXO.OX.X.,6,-1.000000
OXO.OX.X.,8,-1.000000
OXO.OXX..,3,-1.000000
OXO.OXX..,7,-1.000000
OXO.OXX..,8,0.000000
OXO.OXXO.,3,-1.000000
OXO.OXXO.,8,-0.000000
OXO.OXXOX,3,0.000000
OXO.X....,3,1.000000
OXO.X....,5,1.000000
OXO.X....,6,0.000000
OXO.X....,7,1.000000
OXO.X....,8,0.000000
OXO.X...O,3,-1.000000
OXO.X...O,5,1.000000
OXO.X...O,6,-1.000000
OXO.X...O,7,1.000000
OXO.X..O.,3,-0.000000
OXO.X..O.,5,-0.000000
OXO.X..O.,6,-0.000000
OXO.X..O.,8,-0.000000
OXO.X..OX,3,0.000000
OXO.X..OX,5,0.000000
OXO.X..OX,6,0.000000
OXO.X.O..,3,1.000000
OXO.X.O..,5,-1.000000
OXO.X.O..,7,1.000000
OXO.X.O..,8,-1.000000
OXO.X.O.X,3,1.000000
OXO.X.O.X,5,-1.000000
OXO.X.O.X,7,1.000000
OXO.X.OOX,3,-0.000000
OXO.X.OOX,5,-1.000000
OXO.X.X.O,3,-1.000000
OXO.X.X.O,5,1.000000
OXO.X.X.O,7,1.000000
OXO.X.XO.,3,0.000000
OXO.X.XO.,5,0.000000
OXO.X.XO.,8,0.000000
OXO.X.XOO,3,-1.000000
OXO.X.XOO,5,-0.000000
OXO.XO...,3,-1.000000
OXO.XO...,6,-1.000000
OXO.XO...,7,1.000000
OXO.XO...,8,-0.000000
OXO.XO..X,3,0.000000
OXO.XO..X,6,0.000000
OXO.XO..X,7,1.000000
OXO.XO.OX,3,-0.000000
OXO.XO.OX,6,-0.000000
OXO.XOO.X,3,-0.000000
OXO.XOO.X,7,1.000000
OXO.XOX..,3,-1.000000
OXO.XOX..,7,1.000000
OXO.XOX..,8,0.000000
OXO.XOXO.,3,-1.000000
OXO.XOXO.,8,-0.000000
OXO.XOXOX,3,0.000000
OXO.XX..O,3,1.000000
OXO.XX..O,6,1.000000
OXO.XX..O,7,1.000000
OXO.XX.O.,3,1.000000
OXO.XX.O.,6,0.000000
OXO.XX.O.,8,0.000000
OXO.XX.OO,3,1.000000
OXO.XX.OO,6,-0.000000
OXO.XXO..,3,1.000000
OXO.XXO..,7,1.000000
OXO.XXO..,8,-1.000000
OXO.XXO.O,3,1.000000
OXO.XXO.O,7,1.000000
OXO.XXOO.,3,1.000000
OXO.XXOO.,8,-1.000000
OXO.XXOOX,3,1.000000
OXO.XXXOO,3,1.000000
OXOO....X,4,-1.000000
OXOO....X,5,-1.000000
OXOO....X,6,-0.000000
OXOO....X,7,-1.000000
OXOO...X.,4,1.000000
OXOO...X.,5,-1.000000
OXOO...X.,6,1.000000
OXOO...X.,8,-1.000000
OXOO...XX,4,1.000000
OXOO...XX,5,-1.000000
OXOO...XX,6,1.000000
OXOO..X..,4,-0.000000
OXOO..X..,5,-0.000000
OXOO..X..,7,1.000000
OXOO..X..,8,-0.000000
OXOO..X.X,4,0.000000
OXOO..X.X,5,0.000000
OXOO..X.X,7,1.000000
OXOO..XOX,4,-0.000000
OXOO..XOX,5,-0.000000
OXOO..XX.,4,1.000000
OXOO..XX.,5,1.000000
OXOO..XX.,8,1.000000
OXOO..XXO,4,1.000000
OXOO..XXO,5,-1.000000
OXOO.O.XX,4,1.000000
OXOO.O.XX,6,1.000000
OXOO.OX.X,4,-0.000000
OXOO.OX.X,7,1.000000
OXOO.OXX.,4,1.000000
OXOO.OXX.,8,1.000000
OXOO.X...,4,-1.000000
OXOO.X...,6,-0.000000
OXOO.X...,7,-1.000000
OXOO.X...,8,-1.000000
OXOO.X..X,4,-1.000000
OXOO.X..X,6,0.000000
OXOO.X..X,7,-1.000000
OXOO.X.OX,4,-1.000000
OXOO.X.OX,6,-0.000000
OXOO.X.X.,4,1.000000
OXOO.X.X.,6,1.000000
OXOO.X.X.,8,-1.000000
OXOO.X.XO,4,1.000000
OXOO.X.XO,6,-1.000000
OXOO.XX..,4,0.000000
OXOO.XX..,7,1.000000
OXOO.XX..,8,0.000000
OXOO.XX.O,4,-0.000000
OXOO.XX.O,7,-1.000000
OXOO.XXO.,4,-0.000000
OXOO.XXO.,8,-0.000000
OXOO.XXOX,4,0.000000
OXOO.XXXO,4,1.000000
OXOOO..XX,5,-1.000000
OXOOO..XX,6,1.000000
OXOOO.X.X,5,-0.000000
OXOOO.X.X,7,1.000000
OXOOO.XX.,5,-1.000000
OXOOO.XX.,8,1.000000
OXOOOX..X,6,-0.000000
OXOOOX..X,7,-1.000000
OXOOOX.X.,6,-1.000000
OXOOOX.X.,8,-1.000000
OXOOOX.XX,6,1.000000
OXOOOXX..,7,-1.000000
OXOOOXX..,8,-0.000000
OXOOOXX.X,7,1.000000
OXOOOXXX.,8,1.000000
OXOOX....,5,-1.000000
OXOOX....,6,-0.000000
OXOOX....,7,1.000000
OXOOX....,8,-1.000000
OXOOX...X,5,-1.000000
OXOOX...X,6,0.000000
OXOOX...X,7,1.000000
OXOOX..OX,5,-1.000000
OXOOX..OX,6,-0.000000
OXOOX.X..,5,0.000000
OXOOX.X..,7,1.000000
OXOOX.X..,8,0.000000
OXOOX.X.O,5,-0.000000
OXOOX.X.O,7,1.000000
OXOOX.XO.,5,-0.000000
OXOOX.XO.,8,-0.000000
OXOOX.XOX,5,0.000000
OXOOXO..X,6,-0.000000
OXOOXO..X,7,1.000000
OXOOXOX..,7,1.000000
OXOOXOX..,8,-0.000000
OXOOXOX.X,7,1.000000
OXOOXX...,6,0.000000
OXOOXX...,7,1.000000
OXOOXX...,8,-1.000000
OXOOXX..O,6,-0.000000
OXOOXX..O,7,1.000000
OXOOXX.O.,6,-0.000000
OXOOXX.O.,8,-1.000000
OXOOXX.OX,6,0.000000
OXOOXXX.O,7,1.000000
OXOOXXXO.,8,0.000000
OXOX.....,4,1.000000
OXOX.....,5,-1.000000
OXOX.....,6,-1.000000
OXOX.....,7,-1.000000
OXOX.....,8,0.000000
OXOX....O,4,-1.000000
OXOX....O,5,-1.000000
OXOX....O,6,-1.000000
OXOX....O,7,-1.000000
OXOX...O.,4,-0.000000
OXOX...O.,5,-1.000000
OXOX...O.,6,-1.000000
OXOX...O.,8,-0.000000
OXOX...OX,4,0.000000
OXOX...OX,5,0.000000
OXOX...OX,6,0.000000
OXOX...XO,4,1.000000
OXOX...XO,5,-1.000000
OXOX...XO,6,-1.000000
OXOX..O..,4,1.000000
OXOX..O..,5,-1.000000
OXOX..O..,7,-1.000000
OXOX..O..,8,-1.000000
OXOX..O.X,4,1.000000
OXOX..O.X,5,-1.000000
OXOX..O.X,7,-1.000000
OXOX..OOX,4,-0.000000
OXOX..OOX,5,-1.000000
OXOX..OX.,4,1.000000
OXOX..OX.,5,-1.000000
OXOX..OX.,8,-1.000000
OXOX..OXO,4,1.000000
OXOX..OXO,5,-1.000000
OXOX..X.O,4,-1.000000
OXOX..X.O,5,-1.000000
OXOX..X.O,7,-1.000000
OXOX..XO.,4,0.000000
OXOX..XO.,5,0.000000
OXOX..XO.,8,0.000000
OXOX..XOO,4,-1.000000
OXOX..XOO,5,-1.000000
OXOX.O...,4,-1.000000
OXOX.O...,6,-1.000000
OXOX.O...,7,-1.000000
OXOX.O...,8,-0.000000
OXOX.O..X,4,0.000000
OXOX.O..X,6,0.000000
OXOX.O..X,7,1.000000
OXOX.O.OX,4,-0.000000
OXOX.O.OX,6,-0.000000
OXOX.O.X.,4,1.000000
OXOX.O.X.,6,-1.000000
OXOX.O.X.,8,1.000000
OXOX.OO.X,4,-0.000000
OXOX.OO.X,7,-1.000000
OXOX.OOX.,4,1.000000
OXOX.OOX.,8,-1.000000
OXOX.OOXX,4,1.000000
OXOX.OX..,4,-1.000000
OXOX.OX..,7,-1.000000
OXOX.OX..,8,0.000000
OXOX.OXO.,4,-1.000000
OXOX.OXO.,8,-0.000000
OXOX.OXOX,4,0.000000
OXOX.X..O,4,1.000000
OXOX.X..O,6,-1.000000
OXOX.X..O,7,-1.000000
OXOX.X.O.,4,1.000000
OXOX.X.O.,6,0.000000
OXOX.X.O.,8,0.000000
OXOX.X.OO,4,1.000000
OXOX.X.OO,6,-1.000000
OXOX.XO..,4,1.000000
OXOX.XO..,7,-1.000000
OXOX.XO..,8,-1.000000
OXOX.XO.O,4,1.000000
OXOX.XO.O,7,-1.000000
OXOX.XOO.,4,1.000000
OXOX.XOO.,8,-1.000000
OXOX.XOOX,4,1.000000
OXOX.XOXO,4,1.000000
OXOX.XXOO,4,1.000000
OXOXO....,5,-1.000000
OXOXO....,6,-1.000000
OXOXO....,7,-1.000000
OXOXO....,8,-1.000000
OXOXO...X,5,-1.000000
OXOXO...X,6,0.000000
OXOXO...X,7,-1.000000
OXOXO..OX,5,-1.000000
OXOXO..OX,6,-0.000000
OXOXO..X.,5,-1.000000
OXOXO..X.,6,-1.000000
OXOXO..X.,8,-1.000000
OXOXO.X..,5,-1.000000
OXOXO.X..,7,-1.000000
OXOXO.X..,8,0.000000
OXOXO.XO.,5,-1.000000
OXOXO.XO.,8,-0.000000
OXOXO.XOX,5,0.000000
OXOXOO..X,6,-0.000000
OXOXOO..X,7,-1.000000
OXOXOO.X.,6,-1.000000
OXOXOO.X.,8,-1.000000
OXOXOO.XX,6,1.000000
OXOXOOX..,7,-1.000000
OXOXOOX..,8,-0.000000
OXOXOOX.X,7,1.000000
OXOXOOXX.,8,1.000000
OXOXOX...,6,-1.000000
OXOXOX...,7,-1.000000
OXOXOX...,8,-1.000000
OXOXOX.O.,6,-1.000000
OXOXOX.O.,8,-1.000000
OXOXOX.OX,6,0.000000
OXOXOXXO.,8,0.000000
OXOXX...O,5,1.000000
OXOXX...O,6,-1.000000
OXOXX...O,7,1.000000
OXOXX..O.,5,1.000000
OXOXX..O.,6,0.000000
OXOXX..O.,8,0.000000
OXOXX..OO,5,1.000000
OXOXX..OO,6,-1.000000
OXOXX.O..,5,1.000000
OXOXX.O..,7,1.000000
OXOXX.O..,8,1.000000
OXOXX.O.O,5,1.000000
OXOXX.O.O,7,1.000000
OXOXX.OO.,5,1.000000
OXOXX.OO.,8,-0.000000
OXOXX.OOX,5,1.000000
OXOXX.XOO,5,1.000000
OXOXXO...,6,-1.000000
OXOXXO...,7,1.000000
OXOXXO...,8,0.000000
OXOXXO.O.,6,-1.000000
OXOXXO.O.,8,-0.000000
OXOXXO.OX,6,0.000000
OXOXXOO..,7,1.000000
OXOXXOO..,8,-0.000000
OXOXXOO.X,7,1.000000
OXOXXOXO.,8,0.000000
OXX.....O,3,-1.000000
OXX.....O,4,1.000000
OXX.....O,5,-1.000000
OXX.....O,6,-1.000000
OXX.....O,7,-1.000000
OXX....O.,3,-1.000000
OXX....O.,4,-1.000000
OXX....O.,5,-1.000000
OXX....O.,6,0.000000
OXX....O.,8,0.000000
OXX....OO,3,-1.000000
OXX....OO,4,-1.000000
OXX....OO,5,-1.000000
OXX....OO,6,-1.000000
OXX...O..,3,-1.000000
OXX...O..,4,-1.000000
OXX...O..,5,-1.000000
OXX...O..,7,-1.000000
OXX...O..,8,-1.000000
OXX...O.O,3,-1.000000
OXX...O.O,4,-1.000000
OXX...O.O,5,-1.000000
OXX...O.O,7,-1.000000
OXX...OO.,3,-1.000000
OXX...OO.,4,-1.000000
OXX...OO.,5,-1.000000
OXX...OO.,8,-1.000000
OXX...OOX,3,0.000000
OXX...OOX,4,-1.000000
OXX...OOX,5,1.000000
OXX...OXO,3,-1.000000
OXX...OXO,4,1.000000
OXX...OXO,5,-1.000000
OXX...XOO,3,-1.000000
OXX...XOO,4,1.000000
OXX...XOO,5,-1.000000
OXX..O...,3,0.000000
OXX..O...,4,1.000000
OXX..O...,6,-1.000000
OXX..O...,7,-1.000000
OXX..O...,8,-1.000000
OXX..O..O,3,-1.000000
OXX..O..O,4,1.000000
OXX..O..O,6,-1.000000
OXX..O..O,7,-1.000000
OXX..O.O.,3,-1.000000
OXX..O.O.,4,-1.000000
OXX..O.O.,6,-1.000000
OXX..O.O.,8,-1.000000
OXX..O.OX,3,0.000000
OXX..O.OX,4,0.000000
OXX..O.OX,6,0.000000
OXX..O.XO,3,-1.000000
OXX..O.XO,4,1.000000
OXX..O.XO,6,-1.000000
OXX..OO..,3,-1.000000
OXX..OO..,4,-1.000000
OXX..OO..,7,-1.000000
OXX..OO..,8,-1.000000
OXX..OO.X,3,0.000000
OXX..OO.X,4,-1.000000
OXX..OO.X,7,-1.000000
OXX..OOOX,3,-0.000000
OXX..OOOX,4,-1.000000
OXX..OOX.,3,0.000000
OXX..OOX.,4,1.000000
OXX..OOX.,8,-1.000000
OXX..OOXO,3,-1.000000
OXX..OOXO,4,1.000000
OXX..OX.O,3,-1.000000
OXX..OX.O,4,1.000000
OXX..OX.O,7,-1.000000
OXX..OXO.,3,0.000000
OXX..OXO.,4,1.000000
OXX..OXO.,8,0.000000
OXX..OXOO,3,-1.000000
OXX..OXOO,4,1.000000
OXX..X.OO,3,-1.000000
OXX..X.OO,4,-1.000000
OXX..X.OO,6,-1.000000
OXX..XO.O,3,-1.000000
OXX..XO.O,4,-1.000000
OXX..XO.O,7,-1.000000
OXX..XOO.,3,-1.000000
OXX..XOO.,4,-1.000000
OXX..XOO.,8,1.000000
OXX.O....,3,-1.000000
OXX.O....,5,-1.000000
OXX.O....,6,-1.000000
OXX.O....,7,-1.000000
OXX.O....,8,0.000000
OXX.O..O.,3,-1.000000
OXX.O..O.,5,-1.000000
OXX.O..O.,6,-1.000000
OXX.O..O.,8,-0.000000
OXX.O..OX,3,0.000000
OXX.O..OX,5,1.000000
OXX.O..OX,6,0.000000
OXX.O.O..,3,-1.000000
OXX.O.O..,5,-1.000000
OXX.O.O..,7,-1.000000
OXX.O.O..,8,-1.000000
OXX.O.O.X,3,0.000000
OXX.O.O.X,5,1.000000
OXX.O.O.X,7,-1.000000
OXX.O.OOX,3,-0.000000
OXX.O.OOX,5,1.000000
OXX.O.OX.,3,-1.000000
OXX.O.OX.,5,-1.000000
OXX.O.OX.,8,-1.000000
OXX.O.XO.,3,-1.000000
OXX.O.XO.,5,-1.000000
OXX.O.XO.,8,0.000000
OXX.OO...,3,-1.000000
OXX.OO...,6,-1.000000
OXX.OO...,7,-1.000000
OXX.OO...,8,-1.000000
OXX.OO..X,3,0.000000
OXX.OO..X,6,-1.000000
OXX.OO..X,7,-1.000000
OXX.OO.OX,3,-0.000000
OXX.OO.OX,6,-1.000000
OXX.OO.X.,3,-1.000000
OXX.OO.X.,6,-1.000000
OXX.OO.X.,8,-1.000000
OXX.OOO.X,3,-0.000000
OXX.OOO.X,7,-1.000000
OXX.OOOX.,3,-1.000000
OXX.OOOX.,8,-1.000000
OXX.OOOXX,3,0.000000
OXX.OOX..,3,-1.000000
OXX.OOX..,7,-1.000000
OXX.OOX..,8,-1.000000
OXX.OOXO.,3,-1.000000
OXX.OOXO.,8,-1.000000
OXX.OOXOX,3,0.000000
OXX.OX.O.,3,-1.000000
OXX.OX.O.,6,-1.000000
OXX.OX.O.,8,1.000000
OXX.OXO..,3,-1.000000
OXX.OXO..,7,-1.000000
OXX.OXO..,8,1.000000
OXX.OXOO.,3,-1.000000
OXX.OXOO.,8,1.000000
OXX.X..OO,3,-1.000000
OXX.X..OO,5,-1.000000
OXX.X..OO,6,1.000000
OXX.X.O.O,3,-1.000000
OXX.X.O.O,5,-1.000000
OXX.X.O.O,7,1.000000
OXX.X.OO.,3,-1.000000
OXX.X.OO.,5,-1.000000
OXX.X.OO.,8,-1.000000
OXX.XO..O,3,1.000000
OXX.XO..O,6,1.000000
OXX.XO..O,7,1.000000
OXX.XO.O.,3,0.000000
OXX.XO.O.,6,1.000000
OXX.XO.O.,8,0.000000
OXX.XO.OO,3,-1.000000
OXX.XO.OO,6,1.000000
OXX.XOO..,3,0.000000
OXX.XOO..,7,1.000000
OXX.XOO..,8,-1.000000
OXX.XOO.O,3,-1.000000
OXX.XOO.O,7,1.000000
OXX.XOOO.,3,-1.000000
OXX.XOOO.,8,-1.000000
OXX.XOOOX,3,0.000000
OXXO.....,4,-1.000000
OXXO.....,5,-1.000000
OXXO.....,6,-1.000000
OXXO.....,7,-1.000000
OXXO.....,8,-1.000000
OXXO....O,4,-1.000000
OXXO....O,5,-1.000000
OXXO....O,6,-1.000000
OXXO....O,7,-1.000000
OXXO...O.,4,-1.000000
OXXO...O.,5,-1.000000
OXXO...O.,6,-1.000000
OXXO...O.,8,-1.000000
OXXO...OX,4,-1.000000
OXXO...OX,5,1.000000
OXXO...OX,6,1.000000
OXXO...XO,4,1.000000
OXXO...XO,5,-1.000000
OXXO...XO,6,-1.000000
OXXO..X.O,4,1.000000
OXXO..X.O,5,-1.000000
OXXO..X.O,7,-1.000000
OXXO..XO.,4,1.000000
OXXO..XO.,5,1.000000
OXXO..XO.,8,1.000000
OXXO..XOO,4,1.000000
OXXO..XOO,5,-1.000000
OXXO.O...,4,-1.000000
OXXO.O...,6,-1.000000
OXXO.O...,7,-1.000000
OXXO.O...,8,-1.000000
OXXO.O..X,4,-1.000000
OXXO.O..X,6,-1.000000
OXXO.O..X,7,-1.000000
OXXO.O.OX,4,-1.000000
OXXO.O.OX,6,-1.000000
OXXO.O.X.,4,1.000000
OXXO.O.X.,6,-1.000000
OXXO.O.X.,8,-1.000000
OXXO.O.XO,4,1.000000
OXXO.O.XO,6,-1.000000
OXXO.OX..,4,1.000000
OXXO.OX..,7,-1.000000
OXXO.OX..,8,-1.000000
OXXO.OX.O,4,1.000000
OXXO.OX.O,7,-1.000000
OXXO.OXO.,4,1.000000
OXXO.OXO.,8,-1.000000
OXXO.OXOX,4,1.000000
OXXO.OXXO,4,1.000000
OXXO.X..O,4,-1.000000
OXXO.X..O,6,-1.000000
OXXO.X..O,7,-1.000000
OXXO.X.O.,4,-1.000000
OXXO.X.O.,6,1.000000
OXXO.X.O.,8,1.000000
OXXO.X.OO,4,-1.000000
OXXO.X.OO,6,-1.000000
OXXO.XXOO,4,1.000000
OXXOO....,5,-1.000000
OXXOO....,6,-1.000000
OXXOO....,7,-1.000000
OXXOO....,8,-1.000000
OXXOO...X,5,1.000000
OXXOO...X,6,-1.000000
OXXOO...X,7,-1.000000
OXXOO..OX,5,1.000000
OXXOO..OX,6,-1.000000
OXXOO..X.,5,-1.000000
OXXOO..X.,6,-1.000000
OXXOO..X.,8,-1.000000
OXXOO.X..,5,-1.000000
OXXOO.X..,7,-1.000000
OXXOO.X..,8,-1.000000
OXXOO.XO.,5,-1.000000
OXXOO.XO.,8,-1.000000
OXXOO.XOX,5,1.000000
OXXOOX...,6,-1.000000
OXXOOX...,7,-1.000000
OXXOOX...,8,1.000000
OXXOOX.O.,6,-1.000000
OXXOOX.O.,8,1.000000
OXXOOXXO.,8,1.000000
OXXOX...O,5,-1.000000
OXXOX...O,6,1.000000
OXXOX...O,7,1.000000
OXXOX..O.,5,-1.000000
OXXOX..O.,6,1.000000
OXXOX..O.,8,-1.000000
OXXOX..OO,5,-1.000000
OXXOX..OO,6,1.000000
OXXOXO...,6,1.000000
OXXOXO...,7,1.000000
OXXOXO...,8,-1.000000
OXXOXO..O,6,1.000000
OXXOXO..O,7,1.000000
OXXOXO.O.,6,1.000000
OXXOXO.O.,8,-1.000000
OXXOXO.OX,6,1.000000
OXXOXX.OO,6,1.000000
OXXX...OO,4,-1.000000
OXXX...OO,5,-1.000000
OXXX...OO,6,-1.000000
OXXX..O.O,4,-1.000000
OXXX..O.O,5,-1.000000
OXXX..O.O,7,-1.000000
OXXX..OO.,4,-1.000000
OXXX..OO.,5,-1.000000
OXXX..OO.,8,0.000000
OXXX.O..O,4,1.000000
OXXX.O..O,6,-1.000000
OXXX.O..O,7,-1.000000
OXXX.O.O.,4,0.000000
OXXX.O.O.,6,0.000000
OXXX.O.O.,8,0.000000
OXXX.O.OO,4,-1.000000
OXXX.O.OO,6,-1.000000
OXXX.OO..,4,0.000000
OXXX.OO..,7,0.000000
OXXX.OO..,8,0.000000
OXXX.OO.O,4,-1.000000
OXXX.OO.O,7,-1.000000
OXXX.OOO.,4,-1.000000
OXXX.OOO.,8,-0.000000
OXXX.OOOX,4,0.000000
OXXX.OOXO,4,1.000000
OXXX.OXOO,4,1.000000
OXXXO..O.,5,-1.000000
OXXXO..O.,6,-1.000000
OXXXO..O.,8,0.000000
OXXXO.O..,5,-1.000000
OXXXO.O..,7,-1.000000
OXXXO.O..,8,0.000000
OXXXO.OO.,5,-1.000000
OXXXO.OO.,8,-0.000000
OXXXO.OOX,5,1.000000
OXXXOO...,6,-1.000000
OXXXOO...,7,-1.000000
OXXXOO...,8,0.000000
OXXXOO.O.,6,-1.000000
OXXXOO.O.,8,-0.000000
OXXXOO.OX,6,0.000000
OXXXOOO..,7,-1.000000
OXXXOOO..,8,-0.000000
OXXXOOO.X,7,0.000000
OXXXOOOX.,8,0.000000
OXXXOOXO.,8,0.000000
OXXXOXOO.,8,1.000000
OXXXXO.OO,6,1.000000
OXXXXOO.O,7,1.000000
OXXXXOOO.,8,0.000000
X.......O,1,-1.000000
X.......O,2,1.000000
X.......O,3,-1.000000
X.......O,4,0.000000
X.......O,5,0.000000
X.......O,6,1.000000
X.......O,7,0.000000
X......O.,1,0.000000
X......O.,2,1.000000
X......O.,3,-1.000000
X......O.,4,1.000000
X......O.,5,0.000000
X......O.,6,1.000000
X......O.,8,0.000000
X......OO,1,-1.000000
X......OO,2,-1.000000
X......OO,3,-1.000000
X......OO,4,-1.000000
X......OO,5,-1.000000
X......OO,6,1.000000
X.....O..,1,1.000000
X.....O..,2,1.000000
X.....O..,3,-1.000000
X.....O..,4,0.000000
X.....O..,5,0.000000
X.....O..,7,0.000000
X.....O..,8,1.000000
X.....O.O,1,-1.000000
X.....O.O,2,-1.000000
X.....O.O,3,-1.000000
X.....O.O,4,-1.000000
X.....O.O,5,-1.000000
X.....O.O,7,-1.000000
X.....OO.,1,-1.000000
X.....OO.,2,-1.000000
X.....OO.,3,-1.000000
X.....OO.,4,-1.000000
X.....OO.,5,-1.000000
X.....OO.,8,-1.000000
X.....OOX,1,1.000000
X.....OOX,2,1.000000
X.....OOX,3,-1.000000
X.....OOX,4,1.000000
X.....OOX,5,1.000000
X.....OXO,1,1.000000
X.....OXO,2,0.000000
X.....OXO,3,-1.000000
X.....OXO,4,0.000000
X.....OXO,5,0.000000
X.....XOO,1,1.000000
X.....XOO,2,1.000000
X.....XOO,3,1.000000
X.....XOO,4,1.000000
X.....XOO,5,1.000000
X....O...,1,-1.000000
X....O...,2,1.000000
X....O...,3,0.000000
X....O...,4,1.000000
X....O...,6,1.000000
X....O...,7,0.000000
X....O...,8,0.000000
X....O..O,1,-1.000000
X....O..O,2,1.000000
X....O..O,3,-1.000000
X....O..O,4,-1.000000
X....O..O,6,-1.000000
X....O..O,7,-1.000000
X....O.O.,1,-1.000000
X....O.O.,2,1.000000
X....O.O.,3,-1.000000
X....O.O.,4,-1.000000
X....O.O.,6,1.000000
X....O.O.,8,-1.000000
X....O.OX,1,1.000000
X....O.OX,2,1.000000
X....O.OX,3,1.000000
X....O.OX,4,1.000000
X....O.OX,6,1.000000
X....O.XO,1,-1.000000
X....O.XO,2,1.000000
X....O.XO,3,-1.000000
X....O.XO,4,-1.000000
X....O.XO,6,-1.000000
X....OO..,1,-1.000000
X....OO..,2,-0.000000
X....OO..,3,-1.000000
X....OO..,4,-1.000000
X....OO..,7,-1.000000
X....OO..,8,-1.000000
X....OO.X,1,1.000000
X....OO.X,2,1.000000
X....OO.X,3,0.000000
X....OO.X,4,1.000000
X....OO.X,7,-1.000000
X....OOOX,1,1.000000
X....OOOX,2,1.000000
X....OOOX,3,-1.000000
X....OOOX,4,1.000000
X....OOX.,1,1.000000
X....OOX.,2,0.000000
X....OOX.,3,-1.000000
X....OOX.,4,1.000000
X....OOX.,8,-1.000000
X....OOXO,1,-1.000000
X....OOXO,2,-0.000000
X....OOXO,3,-1.000000
X....OOXO,4,-1.000000
X....OX.O,1,-1.000000
X....OX.O,2,1.000000
X....OX.O,3,1.000000
X....OX.O,4,-1.000000
X....OX.O,7,-1.000000
X....OXO.,1,1.000000
X....OXO.,2,1.000000
X....OXO.,3,1.000000
X....OXO.,4,1.000000
X....OXO.,8,1.000000
X....OXOO,1,-1.000000
X....OXOO,2,1.000000
X....OXOO,3,1.000000
X....OXOO,4,-1.000000
X....X.OO,1,-1.000000
X....X.OO,2,-1.000000
X....X.OO,3,-1.000000
X....X.OO,4,-1.000000
X....X.OO,6,1.000000
X....XO.O,1,-1.000000
X....XO.O,2,-1.000000
X....XO.O,3,-1.000000
X....XO.O,4,-1.000000
X....XO.O,7,0.000000
X....XOO.,1,-1.000000
X....XOO.,2,-1.000000
X....XOO.,3,-1.000000
X....XOO.,4,-1.000000
X....XOO.,8,1.000000
X...O....,1,0.000000
X...O....,2,0.000000
X...O....,3,0.000000
X...O....,5,0.000000
X...O....,6,0.000000
X...O....,7,0.000000
X...O....,8,0.000000
X...O...O,1,-1.000000
X...O...O,2,-0.000000
X...O...O,3,-1.000000
X...O...O,5,-1.000000
X...O...O,6,-0.000000
X...O...O,7,-1.000000
X...O..O.,1,-0.000000
X...O..O.,2,-1.000000
X...O..O.,3,-1.000000
X...O..O.,5,-1.000000
X...O..O.,6,-1.000000
X...O..O.,8,-1.000000
X...O..OX,1,0.000000
X...O..OX,2,-1.000000
X...O..OX,3,-1.000000
X...O..OX,5,-1.000000
X...O..OX,6,-1.000000
X...O..XO,1,-1.000000
X...O..XO,2,0.000000
X...O..XO,3,0.000000
X...O..XO,5,0.000000
X...O..XO,6,0.000000
X...O.O..,1,-1.000000
X...O.O..,2,-0.000000
X...O.O..,3,-1.000000
X...O.O..,5,-1.000000
X...O.O..,7,-1.000000
X...O.O..,8,-1.000000
X...O.O.X,1,-1.000000
X...O.O.X,2,1.000000
X...O.O.X,3,-1.000000
X...O.O.X,5,-1.000000
X...O.O.X,7,-1.000000
X...O.OOX,1,-1.000000
X...O.OOX,2,-1.000000
X...O.OOX,3,-1.000000
X...O.OOX,5,-1.000000
X...O.OX.,1,-1.000000
X...O.OX.,2,0.000000
X...O.OX.,3,-1.000000
X...O.OX.,5,-1.000000
X...O.OX.,8,-1.000000
X...O.OXO,1,-1.000000
X...O.OXO,2,-0.000000
X...O.OXO,3,-1.000000
X...O.OXO,5,-1.000000
X...O.X.O,1,1.000000
X...O.X.O,2,1.000000
X...O.X.O,3,1.000000
X...O.X.O,5,0.000000
X...O.X.O,7,0.000000
X...O.XO.,1,1.000000
X...O.XO.,2,-1.000000
X...O.XO.,3,1.000000
X...O.XO.,5,-1.000000
X...O.XO.,8,-1.000000
X...O.XOO,1,1.000000
X...O.XOO,2,-1.000000
X...O.XOO,3,1.000000
X...O.XOO,5,-1.000000
X...OO...,1,-1.000000
X...OO...,2,-1.000000
X...OO...,3,-0.000000
X...OO...,6,-1.000000
X...OO...,7,-1.000000
X...OO...,8,-1.000000
X...OO..X,1,-1.000000
X...OO..X,2,-1.000000
X...OO..X,3,0.000000
X...OO..X,6,-1.000000
X...OO..X,7,-1.000000
X...OO.OX,1,-1.000000
X...OO.OX,2,-1.000000
X...OO.OX,3,-1.000000
X...OO.OX,6,-1.000000
X...OO.X.,1,-1.000000
X...OO.X.,2,-1.000000
X...OO.X.,3,0.000000
X...OO.X.,6,-1.000000
X...OO.X.,8,-1.000000
X...OO.XO,1,-1.000000
X...OO.XO,2,-1.000000
X...OO.XO,3,-1.000000
X...OO.XO,6,-1.000000
X...OOO.X,1,-1.000000
X...OOO.X,2,-1.000000
X...OOO.X,3,-1.000000
X...OOO.X,7,-1.000000
X...OOOX.,1,-1.000000
X...OOOX.,2,-1.000000
X...OOOX.,3,-1.000000
X...OOOX.,8,-1.000000
X...OOOXX,1,-1.000000
X...OOOXX,2,-1.000000
X...OOOXX,3,-1.000000
X...OOX..,1,-1.000000
X...OOX..,2,-1.000000
X...OOX..,3,1.000000
X...OOX..,7,-1.000000
X...OOX..,8,-1.000000
X...OOX.O,1,-1.000000
X...OOX.O,2,-1.000000
X...OOX.O,3,1.000000
X...OOX.O,7,-1.000000
X...OOXO.,1,-1.000000
X...OOXO.,2,-1.000000
X...OOXO.,3,1.000000
X...OOXO.,8,-1.000000
X...OOXOX,1,-1.000000
X...OOXOX,2,-1.000000
X...OOXOX,3,1.000000
X...OOXXO,1,-1.000000
X...OOXXO,2,-1.000000
X...OOXXO,3,1.000000
X...OX..O,1,0.000000
X...OX..O,2,0.000000
X...OX..O,3,-1.000000
X...OX..O,6,0.000000
X...OX..O,7,0.000000
X...OX.O.,1,0.000000
X...OX.O.,2,-1.000000
X...OX.O.,3,-1.000000
X...OX.O.,6,-1.000000
X...OX.O.,8,-1.000000
X...OX.OO,1,-1.000000
X...OX.OO,2,-1.000000
X...OX.OO,3,-1.000000
X...OX.OO,6,-1.000000
X...OXO..,1,-1.000000
X...OXO..,2,1.000000
X...OXO..,3,-1.000000
X...OXO..,7,-1.000000
X...OXO..,8,-1.000000
X...OXO.O,1,-1.000000
X...OXO.O,2,-1.000000
X...OXO.O,3,-1.000000
X...OXO.O,7,-1.000000
X...OXOO.,1,-1.000000
X...OXOO.,2,-1.000000
X...OXOO.,3,-1.000000
X...OXOO.,8,-1.000000
X...OXOOX,1,-1.000000
X...OXOOX,2,1.000000
X...OXOOX,3,-1.000000
X...OXOXO,1,-1.000000
X...OXOXO,2,0.000000
X...OXOXO,3,-1.000000
X...OXXOO,1,1.000000
X...OXXOO,2,-1.000000
X...OXXOO,3,1.000000
X...X..OO,1,-1.000000
X...X..OO,2,-1.000000
X...X..OO,3,-1.000000
X...X..OO,5,-1.000000
X...X..OO,6,1.000000
X...X.O.O,1,-1.000000
X...X.O.O,2,-1.000000
X...X.O.O,3,-1.000000
X...X.O.O,5,-1.000000
X...X.O.O,7,0.000000
X...X.OO.,1,-1.000000
X...X.OO.,2,-1.000000
X...X.OO.,3,-1.000000
X...X.OO.,5,-1.000000
X...X.OO.,8,1.000000
X...XO..O,1,-1.000000
X...XO..O,2,1.000000
X...XO..O,3,-1.000000
X...XO..O,6,-1.000000
X...XO..O,7,-1.000000
X...XO.O.,1,1.000000
X...XO.O.,2,1.000000
X...XO.O.,3,1.000000
X...XO.O.,6,1.000000
X...XO.O.,8,1.000000
X...XO.OO,1,-1.000000
X...XO.OO,2,-1.000000
X...XO.OO,3,-1.000000
X...XO.OO,6,-1.000000
X...XOO..,1,1.000000
X...XOO..,2,1.000000
X...XOO..,3,-1.000000
X...XOO..,7,1.000000
X...XOO..,8,1.000000
X...XOO.O,1,-1.000000
X...XOO.O,2,-1.000000
X...XOO.O,3,-1.000000
X...XOO.O,7,-1.000000
X...XOOO.,1,-1.000000
X...XOOO.,2,-1.000000
X...XOOO.,3,-1.000000
X...XOOO.,8,1.000000
X...XOOXO,1,1.000000
X...XOOXO,2,0.000000
X...XOOXO,3,-1.000000
X...XOXOO,1,-1.000000
X...XOXOO,2,1.000000
X...XOXOO,3,1.000000
X..O.....,1,1.000000
X..O.....,2,1.000000
X..O.....,4,1.000000
X..O.....,5,0.000000
X..O.....,6,0.000000
X..O.....,7,0.000000
X..O.....,8,0.000000
X..O....O,1,-1.000000
X..O....O,2,-0.000000
X..O....O,4,-0.000000
X..O....O,5,-0.000000
X..O....O,6,-1.000000
X..O....O,7,-1.000000
X..O...O.,1,-1.000000
X..O...O.,2,1.000000
X..O...O.,4,-0.000000
X..O...O.,5,-0.000000
X..O...O.,6,-1.000000
X..O...O.,8,-1.000000
X..O...OX,1,1.000000
X..O...OX,2,1.000000
X..O...OX,4,1.000000
X..O...OX,5,1.000000
X..O...OX,6,-1.000000
X..O...XO,1,1.000000
X..O...XO,2,0.000000
X..O...XO,4,0.000000
X..O...XO,5,0.000000
X..O...XO,6,-1.000000
X..O..O..,1,1.000000
X..O..O..,2,1.000000
X..O..O..,4,-0.000000
X..O..O..,5,-0.000000
X..O..O..,7,-1.000000
X..O..O..,8,-1.000000
X..O..O.X,1,1.000000
X..O..O.X,2,1.000000
X..O..O.X,4,1.000000
X..O..O.X,5,1.000000
X..O..O.X,7,-1.000000
X..O..OOX,1,1.000000
X..O..OOX,2,1.000000
X..O..OOX,4,1.000000
X..O..OOX,5,1.000000
X..O..OX.,1,1.000000
X..O..OX.,2,1.000000
X..O..OX.,4,1.000000
X..O..OX.,5,1.000000
X..O..OX.,8,-1.000000
X..O..OXO,1,1.000000
X..O..OXO,2,-0.000000
X..O..OXO,4,-0.000000
X..O..OXO,5,-0.000000
X..O..X.O,1,0.000000
X..O..X.O,2,1.000000
X..O..X.O,4,0.000000
X..O..X.O,5,0.000000
X..O..X.O,7,-1.000000
X..O..XO.,1,0.000000
X..O..XO.,2,1.000000
X..O..XO.,4,1.000000
X..O..XO.,5,0.000000
X..O..XO.,8,-1.000000
X..O..XOO,1,-0.000000
X..O..XOO,2,1.000000
X..O..XOO,4,-0.000000
X..O..XOO,5,-0.000000
X..O.O...,1,-1.000000
X..O.O...,2,-1.000000
X..O.O...,4,1.000000
X..O.O...,6,-1.000000
X..O.O...,7,-1.000000
X..O.O...,8,-1.000000
X..O.O..X,1,-1.000000
X..O.O..X,2,-1.000000
X..O.O..X,4,1.000000
X..O.O..X,6,-1.000000
X..O.O..X,7,-1.000000
X..O.O.OX,1,-1.000000
X..O.O.OX,2,-1.000000
X..O.O.OX,4,1.000000
X..O.O.OX,6,-1.000000
X..O.O.X.,1,-1.000000
X..O.O.X.,2,-1.000000
X..O.O.X.,4,1.000000
X..O.O.X.,6,-1.000000
X..O.O.X.,8,-1.000000
X..O.O.XO,1,-1.000000
X..O.O.XO,2,-1.000000
X..O.O.XO,4,-1.000000
X..O.O.XO,6,-1.000000
X..O.OO.X,1,-1.000000
X..O.OO.X,2,-1.000000
X..O.OO.X,4,1.000000
X..O.OO.X,7,-1.000000
X..O.OOX.,1,-1.000000
X..O.OOX.,2,-1.000000
X..O.OOX.,4,1.000000
X..O.OOX.,8,-1.000000
X..O.OOXX,1,-1.000000
X..O.OOXX,2,-1.000000
X..O.OOXX,4,1.000000
X..O.OX..,1,-1.000000
X..O.OX..,2,-1.000000
X..O.OX..,4,1.000000
X..O.OX..,7,-1.000000
X..O.OX..,8,-1.000000
X..O.OX.O,1,-1.000000
X..O.OX.O,2,-1.000000
X..O.OX.O,4,-1.000000
X..O.OX.O,7,-1.000000
X..O.OXO.,1,-1.000000
X..O.OXO.,2,-1.000000
X..O.OXO.,4,1.000000
X..O.OXO.,8,-1.000000
X..O.OXOX,1,-1.000000
X..O.OXOX,2,-1.000000
X..O.OXOX,4,1.000000
X..O.OXXO,1,-1.000000
X..O.OXXO,2,-1.000000
X..O.OXXO,4,-1.000000
X..O.X..O,1,0.000000
X..O.X..O,2,0.000000
X..O.X..O,4,0.000000
X..O.X..O,6,0.000000
X..O.X..O,7,0.000000
X..O.X.O.,1,0.000000
X..O.X.O.,2,1.000000
X..O.X.O.,4,0.000000
X..O.X.O.,6,0.000000
X..O.X.O.,8,1.000000
X..O.X.OO,1,-1.000000
X..O.X.OO,2,-1.000000
X..O.X.OO,4,-1.000000
X..O.X.OO,6,-0.000000
X..O.XO..,1,1.000000
X..O.XO..,2,1.000000
X..O.XO..,4,0.000000
X..O.XO..,7,1.000000
X..O.XO..,8,1.000000
X..O.XO.O,1,-1.000000
X..O.XO.O,2,-1.000000
X..O.XO.O,4,-1.000000
X..O.XO.O,7,-0.000000
X..O.XOO.,1,-1.000000
X..O.XOO.,2,-1.000000
X..O.XOO.,4,-1.000000
X..O.XOO.,8,1.000000
X..O.XOOX,1,1.000000
X..O.XOOX,2,1.000000
X..O.XOOX,4,1.000000
X..O.XOXO,1,1.000000
X..O.XOXO,2,0.000000
X..O.XOXO,4,0.000000
X..O.XXOO,1,0.000000
X..O.XXOO,2,1.000000
X..O.XXOO,4,0.000000
X..OO....,1,-1.000000
X..OO....,2,-1.000000
X..OO....,5,-0.000000
X..OO....,6,-1.000000
X..OO....,7,-1.000000
X..OO....,8,-1.000000
X..OO...X,1,-1.000000
X..OO...X,2,-1.000000
X..OO...X,5,0.000000
X..OO...X,6,-1.000000
X..OO...X,7,-1.000000
X..OO..OX,1,-1.000000
X..OO..OX,2,-1.000000
X..OO..OX,5,-1.000000
X..OO..OX,6,-1.000000
X..OO..X.,1,-1.000000
X..OO..X.,2,-1.000000
X..OO..X.,5,0.000000
X..OO..X.,6,-1.000000
X..OO..X.,8,-1.000000
X..OO..XO,1,-1.000000
X..OO..XO,2,-1.000000
X..OO..XO,5,-0.000000
X..OO..XO,6,-1.000000
X..OO.O.X,1,-1.000000
X..OO.O.X,2,-1.000000
X..OO.O.X,5,-1.000000
X..OO.O.X,7,-1.000000
X..OO.OX.,1,-1.000000
X..OO.OX.,2,-1.000000
X..OO.OX.,5,-1.000000
X..OO.OX.,8,-1.000000
X..OO.OXX,1,-1.000000
X..OO.OXX,2,-1.000000
X..OO.OXX,5,-1.000000
X..OO.X..,1,-1.000000
X..OO.X..,2,-1.000000
X..OO.X..,5,0.000000
X..OO.X..,7,-1.000000
X..OO.X..,8,-1.000000
X..OO.X.O,1,-1.000000
X..OO.X.O,2,-1.000000
X..OO.X.O,5,-0.000000
X..OO.X.O,7,-1.000000
X..OO.XO.,1,-1.000000
X..OO.XO.,2,-1.000000
X..OO.XO.,5,-1.000000
X..OO.XO.,8,-1.000000
X..OO.XOX,1,-1.000000
X..OO.XOX,2,-1.000000
X..OO.XOX,5,-1.000000
X..OO.XXO,1,-1.000000
X..OO.XXO,2,-1.000000
X..OO.XXO,5,0.000000
X..OOX...,1,0.000000
X..OOX...,2,1.000000
X..OOX...,6,0.000000
X..OOX...,7,0.000000
X..OOX...,8,0.000000
X..OOX..O,1,-0.000000
X..OOX..O,2,-0.000000
X..OOX..O,6,-0.000000
X..OOX..O,7,-0.000000
X..OOX.O.,1,-0.000000
X..OOX.O.,2,-1.000000
X..OOX.O.,6,-1.000000
X..OOX.O.,8,-1.000000
X..OOX.OX,1,0.000000
X..OOX.OX,2,1.000000
X..OOX.OX,6,-1.000000
X..OOX.XO,1,0.000000
X..OOX.XO,2,0.000000
X..OOX.XO,6,0.000000
X..OOXO..,1,-1.000000
X..OOXO..,2,1.000000
X..OOXO..,7,-1.000000
X..OOXO..,8,-1.000000
X..OOXO.X,1,-1.000000
X..OOXO.X,2,1.000000
X..OOXO.X,7,-1.000000
X..OOXOOX,1,-1.000000
X..OOXOOX,2,1.000000
X..OOXOX.,1,-1.000000
X..OOXOX.,2,1.000000
X..OOXOX.,8,-1.000000
X..OOXOXO,1,-1.000000
X..OOXOXO,2,-0.000000
X..OOXX.O,1,0.000000
X..OOXX.O,2,0.000000
X..OOXX.O,7,0.000000
X..OOXXO.,1,0.000000
X..OOXXO.,2,-1.000000
X..OOXXO.,8,-1.000000
X..OOXXOO,1,-0.000000
X..OOXXOO,2,-1.000000
X..OX...O,1,1.000000
X..OX...O,2,1.000000
X..OX...O,5,0.000000
X..OX...O,6,0.000000
X..OX...O,7,0.000000
X..OX..O.,1,1.000000
X..OX..O.,2,1.000000
X..OX..O.,5,0.000000
X..OX..O.,6,1.000000
X..OX..O.,8,1.000000
X..OX..OO,1,-1.000000
X..OX..OO,2,-1.000000
X..OX..OO,5,-1.000000
X..OX..OO,6,-0.000000
X..OX.O..,1,1.000000
X..OX.O..,2,1.000000
X..OX.O..,5,0.000000
X..OX.O..,7,1.000000
X..OX.O..,8,1.000000
X..OX.O.O,1,-1.000000
X..OX.O.O,2,-1.000000
X..OX.O.O,5,-1.000000
X..OX.O.O,7,-0.000000
X..OX.OO.,1,-1.000000
X..OX.OO.,2,-1.000000
X..OX.OO.,5,-1.000000
X..OX.OO.,8,1.000000
X..OX.OXO,1,1.000000
X..OX.OXO,2,0.000000
X..OX.OXO,5,0.000000
X..OX.XOO,1,0.000000
X..OX.XOO,2,1.000000
X..OX.XOO,5,0.000000
X..OXO...,1,1.000000
X..OXO...,2,1.000000
X..OXO...,6,1.000000
X..OXO...,7,1.000000
X..OXO...,8,1.000000
X..OXO..O,1,-1.000000
X..OXO..O,2,1.000000
X..OXO..O,6,-1.000000
X..OXO..O,7,-1.000000
X..OXO.O.,1,1.000000
X..OXO.O.,2,1.000000
X..OXO.O.,6,1.000000
X..OXO.O.,8,1.000000
X..OXO.XO,1,1.000000
X..OXO.XO,2,1.000000
X..OXO.XO,6,-1.000000
X..OXOO..,1,1.000000
X..OXOO..,2,1.000000
X..OXOO..,7,1.000000
X..OXOO..,8,1.000000
X..OXOOX.,1,1.000000
X..OXOOX.,2,1.000000
X..OXOOX.,8,1.000000
X..OXOOXO,1,1.000000
X..OXOOXO,2,-0.000000
X..OXOX.O,1,-1.000000
X..OXOX.O,2,1.000000
X..OXOX.O,7,-1.000000
X..OXOXO.,1,1.000000
X..OXOXO.,2,1.000000
X..OXOXO.,8,1.000000
X..OXOXOO,1,-1.000000
X..OXOXOO,2,1.000000
X..OXX.OO,1,-1.000000
X..OXX.OO,2,-1.000000
X..OXX.OO,6,0.000000
X..OXXO.O,1,-1.000000
X..OXXO.O,2,-1.000000
X..OXXO.O,7,0.000000
X..OXXOO.,1,-1.000000
X..OXXOO.,2,-1.000000
X..OXXOO.,8,1.000000
X..X...OO,1,-1.000000
X..X...OO,2,-1.000000
X..X...OO,4,-1.000000
X..X...OO,5,-1.000000
X..X...OO,6,1.000000
X..X..O.O,1,-1.000000
X..X..O.O,2,-1.000000
X..X..O.O,4,-1.000000
X..X..O.O,5,-1.000000
X..X..O.O,7,-1.000000
X..X..OO.,1,-1.000000
X..X..OO.,2,-1.000000
X..X..OO.,4,-1.000000
X..X..OO.,5,-1.000000
X..X..OO.,8,-1.000000
X..X.O..O,1,-1.000000
X..X.O..O,2,1.000000
X..X.O..O,4,-1.000000
X..X.O..O,6,1.000000
X..X.O..O,7,-1.000000
X..X.O.O.,1,1.000000
X..X.O.O.,2,1.000000
X..X.O.O.,4,1.000000
X..X.O.O.,6,1.000000
X..X.O.O.,8,1.000000
X..X.O.OO,1,-1.000000
X..X.O.OO,2,-1.000000
X..X.O.OO,4,-1.000000
X..X.O.OO,6,1.000000
X..X.OO..,1,-1.000000
X..X.OO..,2,0.000000
X..X.OO..,4,-1.000000
X..X.OO..,7,-1.000000
X..X.OO..,8,0.000000
X..X.OO.O,1,-1.000000
X..X.OO.O,2,-1.000000
X..X.OO.O,4,-1.000000
X..X.OO.O,7,-1.000000
X..X.OOO.,1,-1.000000
X..X.OOO.,2,-1.000000
X..X.OOO.,4,-1.000000
X..X.OOO.,8,-1.000000
X..X.OOOX,1,1.000000
X..X.OOOX,2,1.000000
X..X.OOOX,4,1.000000
X..X.OOXO,1,-1.000000
X..X.OOXO,2,0.000000
X..X.OOXO,4,-1.000000
X..XO...O,1,1.000000
X..XO...O,2,1.000000
X..XO...O,5,-1.000000
X..XO...O,6,1.000000
X..XO...O,7,0.000000
X..XO..O.,1,1.000000
X..XO..O.,2,-1.000000
X..XO..O.,5,-1.000000
X..XO..O.,6,1.000000
X..XO..O.,8,-1.000000
X..XO..OO,1,-1.000000
X..XO..OO,2,-1.000000
X..XO..OO,5,-1.000000
X..XO..OO,6,1.000000
X..XO.O..,1,-1.000000
X..XO.O..,2,0.000000
X..XO.O..,5,-1.000000
X..XO.O..,7,-1.000000
X..XO.O..,8,-1.000000
X..XO.O.O,1,-1.000000
X..XO.O.O,2,-1.000000
X..XO.O.O,5,-1.000000
X..XO.O.O,7,-1.000000
X..XO.OO.,1,-1.000000
X..XO.OO.,2,-1.000000
X..XO.OO.,5,-1.000000
X..XO.OO.,8,-1.000000
X..XO.OOX,1,-1.000000
X..XO.OOX,2,-1.000000
X..XO.OOX,5,-1.000000
X..XO.OXO,1,-1.000000
X..XO.OXO,2,0.000000
X..XO.OXO,5,-1.000000
X..XOO...,1,1.000000
X..XOO...,2,1.000000
X..XOO...,6,1.000000
X..XOO...,7,0.000000
X..XOO...,8,0.000000
X..XOO..O,1,-1.000000
X..XOO..O,2,1.000000
X..XOO..O,6,1.000000
X..XOO..O,7,-1.000000
X..XOO.O.,1,1.000000
X..XOO.O.,2,-1.000000
X..XOO.O.,6,1.000000
X..XOO.O.,8,-1.000000
X..XOO.OX,1,1.000000
X..XOO.OX,2,-1.000000
X..XOO.OX,6,1.000000
X..XOO.XO,1,-1.000000
X..XOO.XO,2,1.000000
X..XOO.XO,6,1.000000
X..XOOO..,1,-1.000000
X..XOOO..,2,-0.000000
X..XOOO..,7,-1.000000
X..XOOO..,8,-1.000000
X..XOOO.X,1,-1.000000
X..XOOO.X,2,0.000000
X..XOOO.X,7,-1.000000
X..XOOOOX,1,-1.000000
X..XOOOOX,2,-1.000000
X..XOOOX.,1,-1.000000
X..XOOOX.,2,0.000000
X..XOOOX.,8,-1.000000
X..XOOOXO,1,-1.000000
X..XOOOXO,2,-0.000000
X..XOX.OO,1,-1.000000
X..XOX.OO,2,-1.000000
X..XOX.OO,6,1.000000
X..XOXO.O,1,-1.000000
X..XOXO.O,2,-1.000000
X..XOXO.O,7,-1.000000
X..XOXOO.,1,-1.000000
X..XOXOO.,2,-1.000000
X..XOXOO.,8,-1.000000
X..XXO.OO,1,-1.000000
X..XXO.OO,2,-1.000000
X..XXO.OO,6,1.000000
X..XXOO.O,1,-1.000000
X..XXOO.O,2,-1.000000
X..XXOO.O,7,-1.000000
X..XXOOO.,1,-1.000000
X..XXOOO.,2,-1.000000
X..XXOOO.,8,1.000000
X.O......,1,-1.000000
X.O......,3,1.000000
X.O......,4,0.000000
X.O......,5,0.000000
X.O......,6,1.000000
X.O......,7,0.000000
X.O......,8,1.000000
X.O.....O,1,-1.000000
X.O.....O,3,-1.000000
X.O.....O,4,-1.000000
X.O.....O,5,-1.000000
X.O.....O,6,-1.000000
X.O.....O,7,-1.000000
X.O....O.,1,-1.000000
X.O....O.,3,-1.000000
X.O....O.,4,-1.000000
X.O....O.,5,-1.000000
X.O....O.,6,-0.000000
X.O....O.,8,-1.000000
X.O....OX,1,0.000000
X.O....OX,3,1.000000
X.O....OX,4,1.000000
X.O....OX,5,-1.000000
X.O....OX,6,1.000000
X.O....XO,1,-1.000000
X.O....XO,3,-1.000000
X.O....XO,4,-1.000000
X.O....XO,5,0.000000
X.O....XO,6,-1.000000
X.O...O..,1,-1.000000
X.O...O..,3,-1.000000
X.O...O..,4,-1.000000
X.O...O..,5,-1.000000
X.O...O..,7,-1.000000
X.O...O..,8,-1.000000
X.O...O.X,1,-1.000000
X.O...O.X,3,-1.000000
X.O...O.X,4,1.000000
X.O...O.X,5,-1.000000
X.O...O.X,7,-1.000000
X.O...OOX,1,-1.000000
X.O...OOX,3,-1.000000
X.O...OOX,4,1.000000
X.O...OOX,5,-1.000000
X.O...OX.,1,-1.000000
X.O...OX.,3,-1.000000
X.O...OX.,4,1.000000
X.O...OX.,5,-1.000000
X.O...OX.,8,-1.000000
X.O...OXO,1,-1.000000
X.O...OXO,3,-1.000000
X.O...OXO,4,-1.000000
X.O...OXO,5,-1.000000
X.O...X.O,1,-1.000000
X.O...X.O,3,1.000000
X.O...X.O,4,-1.000000
X.O...X.O,5,0.000000
X.O...X.O,7,-1.000000
X.O...XO.,1,0.000000
X.O...XO.,3,1.000000
X.O...XO.,4,1.000000
X.O...XO.,5,0.000000
X.O...XO.,8,1.000000
X.O...XOO,1,-1.000000
X.O...XOO,3,1.000000
X.O...XOO,4,-1.000000
X.O...XOO,5,-0.000000
X.O..O...,1,-1.000000
X.O..O...,3,-1.000000
X.O..O...,4,-1.000000
X.O..O...,6,-1.000000
X.O..O...,7,-1.000000
X.O..O...,8,-1.000000
X.O..O..X,1,-1.000000
X.O..O..X,3,1.000000
X.O..O..X,4,1.000000
X.O..O..X,6,1.000000
X.O..O..X,7,1.000000
X.O..O.OX,1,-1.000000
X.O..O.OX,3,1.000000
X.O..O.OX,4,1.000000
X.O..O.OX,6,1.000000
X.O..O.X.,1,-1.000000
X.O..O.X.,3,-1.000000
X.O..O.X.,4,-1.000000
X.O..O.X.,6,-1.000000
X.O..O.X.,8,1.000000
X.O..OO.X,1,-1.000000
X.O..OO.X,3,-1.000000
X.O..OO.X,4,1.000000
X.O..OO.X,7,-1.000000
X.O..OOX.,1,-1.000000
X.O..OOX.,3,-1.000000
X.O..OOX.,4,-1.000000
X.O..OOX.,8,-1.000000
X.O..OOXX,1,-1.000000
X.O..OOXX,3,-1.000000
X.O..OOXX,4,1.000000
X.O..OX..,1,-1.000000
X.O..OX..,3,1.000000
X.O..OX..,4,-1.000000
X.O..OX..,7,-1.000000
X.O..OX..,8,1.000000
X.O..OXO.,1,-1.000000
X.O..OXO.,3,1.000000
X.O..OXO.,4,-1.000000
X.O..OXO.,8,1.000000
X.O..OXOX,1,1.000000
X.O..OXOX,3,1.000000
X.O..OXOX,4,1.000000
X.O..X..O,1,-1.000000
X.O..X..O,3,1.000000
X.O..X..O,4,0.000000
X.O..X..O,6,0.000000
X.O..X..O,7,0.000000
X.O..X.O.,1,-1.000000
X.O..X.O.,3,1.000000
X.O..X.O.,4,1.000000
X.O..X.O.,6,0.000000
X.O..X.O.,8,-1.000000
X.O..X.OO,1,-1.000000
X.O..X.OO,3,-1.000000
X.O..X.OO,4,-1.000000
X.O..X.OO,6,-0.000000
X.O..XO..,1,-1.000000
X.O..XO..,3,-1.000000
X.O..XO..,4,1.000000
X.O..XO..,7,-1.000000
X.O..XO..,8,-1.000000
X.O..XO.O,1,-1.000000
X.O..XO.O,3,-1.000000
X.O..XO.O,4,-1.000000
X.O..XO.O,7,-1.000000
X.O..XOO.,1,-1.000000
X.O..XOO.,3,-1.000000
X.O..XOO.,4,-1.000000
X.O..XOO.,8,-1.000000
X.O..XOOX,1,-1.000000
X.O..XOOX,3,-1.000000
X.O..XOOX,4,1.000000
X.O..XOXO,1,-1.000000
X.O..XOXO,3,-1.000000
X.O..XOXO,4,1.000000
X.O..XXOO,1,0.000000
X.O..XXOO,3,1.000000
X.O..XXOO,4,0.000000
X.O.O....,1,-1.000000
X.O.O....,3,-1.000000
X.O.O....,5,-1.000000
X.O.O....,6,-0.000000
X.O.O....,7,-1.000000
X.O.O....,8,-1.000000
X.O.O...X,1,-1.000000
X.O.O...X,3,-1.000000
X.O.O...X,5,-1.000000
X.O.O...X,6,1.000000
X.O.O...X,7,-1.000000
X.O.O..OX,1,-1.000000
X.O.O..OX,3,-1.000000
X.O.O..OX,5,-1.000000
X.O.O..OX,6,-1.000000
X.O.O..X.,1,-1.000000
X.O.O..X.,3,-1.000000
X.O.O..X.,5,-1.000000
X.O.O..X.,6,1.000000
X.O.O..X.,8,-1.000000
X.O.O..XO,1,-1.000000
X.O.O..XO,3,-1.000000
X.O.O..XO,5,-1.000000
X.O.O..XO,6,-1.000000
X.O.O.X..,1,0.000000
X.O.O.X..,3,1.000000
X.O.O.X..,5,0.000000
X.O.O.X..,7,1.000000
X.O.O.X..,8,1.000000
X.O.O.X.O,1,-1.000000
X.O.O.X.O,3,1.000000
X.O.O.X.O,5,-0.000000
X.O.O.X.O,7,-1.000000
X.O.O.XO.,1,-0.000000
X.O.O.XO.,3,1.000000
X.O.O.XO.,5,-1.000000
X.O.O.XO.,8,-1.000000
X.O.O.XOX,1,0.000000
X.O.O.XOX,3,1.000000
X.O.O.XOX,5,-1.000000
X.O.O.XXO,1,-1.000000
X.O.O.XXO,3,1.000000
X.O.O.XXO,5,0.000000
X.O.OO..X,1,-1.000000
X.O.OO..X,3,-1.000000
X.O.OO..X,6,-1.000000
X.O.OO..X,7,-1.000000
X.O.OO.X.,1,-1.000000
X.O.OO.X.,3,-1.000000
X.O.OO.X.,6,-1.000000
X.O.OO.X.,8,-1.000000
X.O.OO.XX,1,-1.000000
X.O.OO.XX,3,-1.000000
X.O.OO.XX,6,1.000000
X.O.OOX..,1,-1.000000
X.O.OOX..,3,1.000000
X.O.OOX..,7,-1.000000
X.O.OOX..,8,-1.000000
X.O.OOX.X,1,-1.000000
X.O.OOX.X,3,1.000000
X.O.OOX.X,7,1.000000
X.O.OOXOX,1,-1.000000
X.O.OOXOX,3,1.000000
X.O.OOXX.,1,-1.000000
X.O.OOXX.,3,1.000000
X.O.OOXX.,8,1.000000
X.O.OX...,1,-1.000000
X.O.OX...,3,-1.000000
X.O.OX...,6,0.000000
X.O.OX...,7,-1.000000
X.O.OX...,8,-1.000000
X.O.OX..O,1,-1.000000
X.O.OX..O,3,-1.000000
X.O.OX..O,6,-0.000000
X.O.OX..O,7,-1.000000
X.O.OX.O.,1,-1.000000
X.O.OX.O.,3,-1.000000
X.O.OX.O.,6,-1.000000
X.O.OX.O.,8,-1.000000
X.O.OX.OX,1,-1.000000
X.O.OX.OX,3,-1.000000
X.O.OX.OX,6,-1.000000
X.O.OX.XO,1,-1.000000
X.O.OX.XO,3,-1.000000
X.O.OX.XO,6,0.000000
X.O.OXX.O,1,0.000000
X.O.OXX.O,3,1.000000
X.O.OXX.O,7,0.000000
X.O.OXXO.,1,0.000000
X.O.OXXO.,3,1.000000
X.O.OXXO.,8,-1.000000
X.O.OXXOO,1,-0.000000
X.O.OXXOO,3,1.000000
X.O.X...O,1,-1.000000
X.O.X...O,3,-1.000000
X.O.X...O,5,0.000000
X.O.X...O,6,-1.000000
X.O.X...O,7,-1.000000
X.O.X..O.,1,-1.000000
X.O.X..O.,3,1.000000
X.O.X..O.,5,1.000000
X.O.X..O.,6,1.000000
X.O.X..O.,8,1.000000
X.O.X..OO,1,-1.000000
X.O.X..OO,3,-1.000000
X.O.X..OO,5,-1.000000
X.O.X..OO,6,-1.000000
X.O.X.O..,1,1.000000
X.O.X.O..,3,1.000000
X.O.X.O..,5,1.000000
X.O.X.O..,7,1.000000
X.O.X.O..,8,1.000000
X.O.X.O.O,1,-1.000000
X.O.X.O.O,3,-1.000000
X.O.X.O.O,5,-1.000000
X.O.X.O.O,7,-1.000000
X.O.X.OO.,1,-1.000000
X.O.X.OO.,3,-1.000000
X.O.X.OO.,5,-1.000000
X.O.X.OO.,8,1.000000
X.O.X.OXO,1,1.000000
X.O.X.OXO,3,-1.000000
X.O.X.OXO,5,1.000000
X.O.X.XOO,1,-1.000000
X.O.X.XOO,3,1.000000
X.O.X.XOO,5,0.000000
X.O.XO...,1,-1.000000
X.O.XO...,3,-1.000000
X.O.XO...,6,-1.000000
X.O.XO...,7,-1.000000
X.O.XO...,8,1.000000
X.O.XO.O.,1,-1.000000
X.O.XO.O.,3,-1.000000
X.O.XO.O.,6,-1.000000
X.O.XO.O.,8,1.000000
X.O.XOO..,1,-1.000000
X.O.XOO..,3,-1.000000
X.O.XOO..,7,-1.000000
X.O.XOO..,8,1.000000
X.O.XOOX.,1,1.000000
X.O.XOOX.,3,-1.000000
X.O.XOOX.,8,1.000000
X.O.XOXO.,1,-1.000000
X.O.XOXO.,3,1.000000
X.O.XOXO.,8,1.000000
X.O.XX.OO,1,-1.000000
X.O.XX.OO,3,1.000000
X.O.XX.OO,6,0.000000
X.O.XXO.O,1,-1.000000
X.O.XXO.O,3,1.000000
X.O.XXO.O,7,1.000000
X.O.XXOO.,1,-1.000000
X.O.XXOO.,3,1.000000
X.O.XXOO.,8,1.000000
X.OO.....,1,-1.000000
X.OO.....,4,-0.000000
X.OO.....,5,-0.000000
X.OO.....,6,-1.000000
X.OO.....,7,-1.000000
X.OO.....,8,-1.000000
X.OO....X,1,-1.000000
X.OO....X,4,1.000000
X.OO....X,5,0.000000
X.OO....X,6,1.000000
X.OO....X,7,1.000000
X.OO...OX,1,-1.000000
X.OO...OX,4,1.000000
X.OO...OX,5,-1.000000
X.OO...OX,6,-1.000000
X.OO...X.,1,-1.000000
X.OO...X.,4,1.000000
X.OO...X.,5,0.000000
X.OO...X.,6,0.000000
X.OO...X.,8,1.000000
X.OO...XO,1,-1.000000
X.OO...XO,4,-1.000000
X.OO...XO,5,-0.000000
X.OO...XO,6,-1.000000
X.OO..O.X,1,-1.000000
X.OO..O.X,4,1.000000
X.OO..O.X,5,-1.000000
X.OO..O.X,7,-1.000000
X.OO..OX.,1,-1.000000
X.OO..OX.,4,1.000000
X.OO..OX.,5,-1.000000
X.OO..OX.,8,-1.000000
X.OO..OXX,1,-1.000000
X.OO..OXX,4,1.000000
X.OO..OXX,5,-1.000000
X.OO..X..,1,-1.000000
X.OO..X..,4,0.000000
X.OO..X..,5,0.000000
X.OO..X..,7,0.000000
X.OO..X..,8,1.000000
X.OO..X.O,1,-1.000000
X.OO..X.O,4,-1.000000
X.OO..X.O,5,-0.000000
X.OO..X.O,7,-1.000000
X.OO..XO.,1,-1.000000
X.OO..XO.,4,-0.000000
X.OO..XO.,5,-0.000000
X.OO..XO.,8,-1.000000
X.OO..XOX,1,0.000000
X.OO..XOX,4,1.000000
X.OO..XOX,5,0.000000
X.OO..XXO,1,-1.000000
X.OO..XXO,4,-1.000000
X.OO..XXO,5,0.000000
X.OO.O..X,1,-1.000000
X.OO.O..X,4,1.000000
X.OO.O..X,6,-1.000000
X.OO.O..X,7,-1.000000
X.OO.O.X.,1,-1.000000
X.OO.O.X.,4,-1.000000
X.OO.O.X.,6,-1.000000
X.OO.O.X.,8,-1.000000
X.OO.O.XX,1,-1.000000
X.OO.O.XX,4,1.000000
X.OO.O.XX,6,1.000000
X.OO.OOXX,1,-1.000000
X.OO.OOXX,4,1.000000
X.OO.OX..,1,-1.000000
X.OO.OX..,4,-1.000000
X.OO.OX..,7,-1.000000
X.OO.OX..,8,-1.000000
X.OO.OX.X,1,-1.000000
X.OO.OX.X,4,1.000000
X.OO.OX.X,7,1.000000
X.OO.OXOX,1,-1.000000
X.OO.OXOX,4,1.000000
X.OO.OXX.,1,-1.000000
X.OO.OXX.,4,-1.000000
X.OO.OXX.,8,1.000000
X.OO.X...,1,0.000000
X.OO.X...,4,0.000000
X.OO.X...,6,0.000000
X.OO.X...,7,0.000000
X.OO.X...,8,0.000000
X.OO.X..O,1,-1.000000
X.OO.X..O,4,-0.000000
X.OO.X..O,6,-0.000000
X.OO.X..O,7,-0.000000
X.OO.X.O.,1,-1.000000
X.OO.X.O.,4,-0.000000
X.OO.X.O.,6,-0.000000
X.OO.X.O.,8,-1.000000
X.OO.X.OX,1,0.000000
X.OO.X.OX,4,1.000000
X.OO.X.OX,6,0.000000
X.OO.X.XO,1,0.000000
X.OO.X.XO,4,0.000000
X.OO.X.XO,6,0.000000
X.OO.XO..,1,-1.000000
X.OO.XO..,4,-0.000000
X.OO.XO..,7,-1.000000
X.OO.XO..,8,-1.000000
X.OO.XO.X,1,-1.000000
X.OO.XO.X,4,1.000000
X.OO.XO.X,7,-1.000000
X.OO.XOOX,1,-1.000000
X.OO.XOOX,4,1.000000
X.OO.XOX.,1,-1.000000
X.OO.XOX.,4,1.000000
X.OO.XOX.,8,-1.000000
X.OO.XOXO,1,-1.000000
X.OO.XOXO,4,-0.000000
X.OO.XX.O,1,0.000000
X.OO.XX.O,4,0.000000
X.OO.XX.O,7,0.000000
X.OO.XXO.,1,0.000000
X.OO.XXO.,4,0.000000
X.OO.XXO.,8,0.000000
X.OO.XXOO,1,-0.000000
X.OO.XXOO,4,-0.000000
X.OOO...X,1,-1.000000
X.OOO...X,5,-1.000000
X.OOO...X,6,-1.000000
X.OOO...X,7,-1.000000
X.OOO..X.,1,-1.000000
X.OOO..X.,5,-1.000000
X.OOO..X.,6,-1.000000
X.OOO..X.,8,-1.000000
X.OOO..XX,1,-1.000000
X.OOO..XX,5,-1.000000
X.OOO..XX,6,1.000000
X.OOO.X..,1,-1.000000
X.OOO.X..,5,-0.000000
X.OOO.X..,7,-1.000000
X.OOO.X..,8,-1.000000
X.OOO.X.X,1,-1.000000
X.OOO.X.X,5,0.000000
X.OOO.X.X,7,1.000000
X.OOO.XOX,1,-1.000000
X.OOO.XOX,5,-1.000000
X.OOO.XX.,1,-1.000000
X.OOO.XX.,5,0.000000
X.OOO.XX.,8,1.000000
X.OOO.XXO,1,-1.000000
X.OOO.XXO,5,-0.000000
X.OOOX...,1,-1.000000
X.OOOX...,6,-0.000000
X.OOOX...,7,-1.000000
X.OOOX...,8,-1.000000
X.OOOX..X,1,-1.000000
X.OOOX..X,6,0.000000
X.OOOX..X,7,-1.000000
X.OOOX.OX,1,-1.000000
X.OOOX.OX,6,-1.000000
X.OOOX.X.,1,-1.000000
X.OOOX.X.,6,0.000000
X.OOOX.X.,8,-1.000000
X.OOOX.XO,1,-1.000000
X.OOOX.XO,6,-0.000000
X.OOOXX..,1,0.000000
X.OOOXX..,7,0.000000
X.OOOXX..,8,0.000000
X.OOOXX.O,1,-0.000000
X.OOOXX.O,7,-0.000000
X.OOOXXO.,1,-0.000000
X.OOOXXO.,8,-1.000000
X.OOOXXOX,1,0.000000
X.OOOXXXO,1,0.000000
X.OOX....,1,1.000000
X.OOX....,5,0.000000
X.OOX....,6,0.000000
X.OOX....,7,1.000000
X.OOX....,8,1.000000
X.OOX...O,1,-1.000000
X.OOX...O,5,-0.000000
X.OOX...O,6,-1.000000
X.OOX...O,7,-1.000000
X.OOX..O.,1,-1.000000
X.OOX..O.,5,-0.000000
X.OOX..O.,6,-0.000000
X.OOX..O.,8,1.000000
X.OOX..XO,1,1.000000
X.OOX..XO,5,0.000000
X.OOX..XO,6,-1.000000
X.OOX.O..,1,1.000000
X.OOX.O..,5,-0.000000
X.OOX.O..,7,1.000000
X.OOX.O..,8,1.000000
X.OOX.OX.,1,1.000000
X.OOX.OX.,5,1.000000
X.OOX.OX.,8,1.000000
X.OOX.OXO,1,1.000000
X.OOX.OXO,5,-0.000000
X.OOX.X.O,1,-1.000000
X.OOX.X.O,5,0.000000
X.OOX.X.O,7,-1.000000
X.OOX.XO.,1,0.000000
X.OOX.XO.,5,0.000000
X.OOX.XO.,8,1.000000
X.OOX.XOO,1,-1.000000
X.OOX.XOO,5,-0.000000
X.OOXO...,1,-1.000000
X.OOXO...,6,-1.000000
X.OOXO...,7,-1.000000
X.OOXO...,8,1.000000
X.OOXO.X.,1,1.000000
X.OOXO.X.,6,-1.000000
X.OOXO.X.,8,1.000000
X.OOXOOX.,1,1.000000
X.OOXOOX.,8,1.000000
X.OOXOX..,1,-1.000000
X.OOXOX..,7,-1.000000
X.OOXOX..,8,1.000000
X.OOXOXO.,1,-1.000000
X.OOXOXO.,8,1.000000
X.OOXX..O,1,0.000000
X.OOXX..O,6,0.000000
X.OOXX..O,7,0.000000
X.OOXX.O.,1,0.000000
X.OOXX.O.,6,0.000000
X.OOXX.O.,8,1.000000
X.OOXX.OO,1,-1.000000
X.OOXX.OO,6,-0.000000
X.OOXXO..,1,1.000000
X.OOXXO..,7,1.000000
X.OOXXO..,8,1.000000
X.OOXXO.O,1,-1.000000
X.OOXXO.O,7,-0.000000
X.OOXXOO.,1,-1.000000
X.OOXXOO.,8,1.000000
X.OOXXOXO,1,1.000000
X.OOXXXOO,1,0.000000
X.OX....O,1,-1.000000
X.OX....O,4,-1.000000
X.OX....O,5,1.000000
X.OX....O,6,1.000000
X.OX....O,7,-1.000000
X.OX...O.,1,-1.000000
X.OX...O.,4,1.000000
X.OX...O.,5,1.000000
X.OX...O.,6,1.000000
X.OX...O.,8,1.000000
X.OX...OO,1,-1.000000
X.OX...OO,4,-1.000000
X.OX...OO,5,-1.000000
X.OX...OO,6,1.000000
X.OX..O..,1,-1.000000
X.OX..O..,4,1.000000
X.OX..O..,5,-1.000000
X.OX..O..,7,-1.000000
X.OX..O..,8,-1.000000
X.OX..O.O,1,-1.000000
X.OX..O.O,4,-1.000000
X.OX..O.O,5,-1.000000
X.OX..O.O,7,-1.000000
X.OX..OO.,1,-1.000000
X.OX..OO.,4,-1.000000
X.OX..OO.,5,-1.000000
X.OX..OO.,8,-1.000000
X.OX..OOX,1,-1.000000
X.OX..OOX,4,1.000000
X.OX..OOX,5,-1.000000
X.OX..OXO,1,-1.000000
X.OX..OXO,4,-1.000000
X.OX..OXO,5,-1.000000
X.OX.O...,1,-1.000000
X.OX.O...,4,-1.000000
X.OX.O...,6,1.000000
X.OX.O...,7,-1.000000
X.OX.O...,8,1.000000
X.OX.O.O.,1,-1.000000
X.OX.O.O.,4,-1.000000
X.OX.O.O.,6,1.000000
X.OX.O.O.,8,1.000000
X.OX.O.OX,1,1.000000
X.OX.O.OX,4,1.000000
X.OX.O.OX,6,1.000000
X.OX.OO..,1,-1.000000
X.OX.OO..,4,-1.000000
X.OX.OO..,7,-1.000000
X.OX.OO..,8,-1.000000
X.OX.OO.X,1,-1.000000
X.OX.OO.X,4,1.000000
X.OX.OO.X,7,-1.000000
X.OX.OOOX,1,-1.000000
X.OX.OOOX,4,1.000000
X.OX.OOX.,1,-1.000000
X.OX.OOX.,4,-1.000000
X.OX.OOX.,8,-1.000000
X.OX.X.OO,1,-1.000000
X.OX.X.OO,4,1.000000
X.OX.X.OO,6,1.000000
X.OX.XO.O,1,-1.000000
X.OX.XO.O,4,1.000000
X.OX.XO.O,7,-1.000000
X.OX.XOO.,1,-1.000000
X.OX.XOO.,4,1.000000
X.OX.XOO.,8,-1.000000
X.OXO....,1,-1.000000
X.OXO....,5,-1.000000
X.OXO....,6,1.000000
X.OXO....,7,-1.000000
X.OXO....,8,-1.000000
X.OXO...O,1,-1.000000
X.OXO...O,5,-1.000000
X.OXO...O,6,1.000000
X.OXO...O,7,-1.000000
X.OXO..O.,1,-1.000000
X.OXO..O.,5,-1.000000
X.OXO..O.,6,1.000000
X.OXO..O.,8,-1.000000
X.OXO..OX,1,-1.000000
X.OXO..OX,5,-1.000000
X.OXO..OX,6,1.000000
X.OXO..XO,1,-1.000000
X.OXO..XO,5,-1.000000
X.OXO..XO,6,1.000000
X.OXOO...,1,-1.000000
X.OXOO...,6,1.000000
X.OXOO...,7,-1.000000
X.OXOO...,8,-1.000000
X.OXOO..X,1,-1.000000
X.OXOO..X,6,1.000000
X.OXOO..X,7,-1.000000
X.OXOO.OX,1,-1.000000
X.OXOO.OX,6,1.000000
X.OXOO.X.,1,-1.000000
X.OXOO.X.,6,1.000000
X.OXOO.X.,8,-1.000000
X.OXOX..O,1,-1.000000
X.OXOX..O,6,1.000000
X.OXOX..O,7,-1.000000
X.OXOX.O.,1,-1.000000
X.OXOX.O.,6,1.000000
X.OXOX.O.,8,-1.000000
X.OXOX.OO,1,-1.000000
X.OXOX.OO,6,1.000000
X.OXX..OO,1,-1.000000
X.OXX..OO,5,1.000000
X.OXX..OO,6,1.000000
X.OXX.O.O,1,-1.000000
X.OXX.O.O,5,1.000000
X.OXX.O.O,7,-1.000000
X.OXX.OO.,1,-1.000000
X.OXX.OO.,5,1.000000
X.OXX.OO.,8,1.000000
X.OXXO.O.,1,-1.000000
X.OXXO.O.,6,1.000000
X.OXXO.O.,8,1.000000
X.OXXOO..,1,-1.000000
X.OXXOO..,7,-1.000000
X.OXXOO..,8,1.000000
X.OXXOOO.,1,-1.000000
X.OXXOOO.,8,1.000000
X.X....OO,1,1.000000
X.X....OO,3,-1.000000
X.X....OO,4,-1.000000
X.X....OO,5,-1.000000
X.X....OO,6,1.000000
X.X...O.O,1,1.000000
X.X...O.O,3,-1.000000
X.X...O.O,4,-1.000000
X.X...O.O,5,-1.000000
X.X...O.O,7,0.000000
X.X...OO.,1,1.000000
X.X...OO.,3,-1.000000
X.X...OO.,4,-1.000000
X.X...OO.,5,-1.000000
X.X...OO.,8,1.000000
X.X..O..O,1,1.000000
X.X..O..O,3,1.000000
X.X..O..O,4,1.000000
X.X..O..O,6,1.000000
X.X..O..O,7,1.000000
X.X..O.O.,1,1.000000
X.X..O.O.,3,1.000000
X.X..O.O.,4,1.000000
X.X..O.O.,6,1.000000
X.X..O.O.,8,1.000000
X.X..O.OO,1,1.000000
X.X..O.OO,3,-1.000000
X.X..O.OO,4,-1.000000
X.X..O.OO,6,1.000000
X.X..OO..,1,1.000000
X.X..OO..,3,0.000000
X.X..OO..,4,1.000000
X.X..OO..,7,0.000000
X.X..OO..,8,1.000000
X.X..OO.O,1,1.000000
X.X..OO.O,3,-1.000000
X.X..OO.O,4,-1.000000
X.X..OO.O,7,-0.000000
X.X..OOO.,1,1.000000
X.X..OOO.,3,-1.000000
X.X..OOO.,4,-1.000000
X.X..OOO.,8,1.000000
X.X..OOOX,1,1.000000
X.X..OOOX,3,1.000000
X.X..OOOX,4,1.000000
X.X..OOXO,1,1.000000
X.X..OOXO,3,0.000000
X.X..OOXO,4,0.000000
X.X..OXOO,1,1.000000
X.X..OXOO,3,1.000000
X.X..OXOO,4,1.000000
X.X.O...O,1,1.000000
X.X.O...O,3,1.000000
X.X.O...O,5,0.000000
X.X.O...O,6,1.000000
X.X.O...O,7,0.000000
X.X.O..O.,1,1.000000
X.X.O..O.,3,-1.000000
X.X.O..O.,5,-1.000000
X.X.O..O.,6,-1.000000
X.X.O..O.,8,-1.000000
X.X.O..OO,1,1.000000
X.X.O..OO,3,-1.000000
X.X.O..OO,5,-1.000000
X.X.O..OO,6,-1.000000
X.X.O.O..,1,1.000000
X.X.O.O..,3,0.000000
X.X.O.O..,5,1.000000
X.X.O.O..,7,0.000000
X.X.O.O..,8,1.000000
X.X.O.O.O,1,1.000000
X.X.O.O.O,3,-1.000000
X.X.O.O.O,5,-1.000000
X.X.O.O.O,7,-0.000000
X.X.O.OO.,1,1.000000
X.X.O.OO.,3,-1.000000
X.X.O.OO.,5,-1.000000
X.X.O.OO.,8,-1.000000
X.X.O.OOX,1,1.000000
X.X.O.OOX,3,-1.000000
X.X.O.OOX,5,1.000000
X.X.O.OXO,1,1.000000
X.X.O.OXO,3,0.000000
X.X.O.OXO,5,0.000000
X.X.O.XOO,1,1.000000
X.X.O.XOO,3,1.000000
X.X.O.XOO,5,-1.000000
X.X.OO...,1,1.000000
X.X.OO...,3,1.000000
X.X.OO...,6,-1.000000
X.X.OO...,7,-1.000000
X.X.OO...,8,-1.000000
X.X.OO..O,1,1.000000
X.X.OO..O,3,1.000000
X.X.OO..O,6,-1.000000
X.X.OO..O,7,-1.000000
X.X.OO.O.,1,1.000000
X.X.OO.O.,3,-1.000000
X.X.OO.O.,6,-1.000000
X.X.OO.O.,8,-1.000000
X.X.OO.OX,1,1.000000
X.X.OO.OX,3,-1.000000
X.X.OO.OX,6,-1.000000
X.X.OO.XO,1,1.000000
X.X.OO.XO,3,1.000000
X.X.OO.XO,6,-1.000000
X.X.OOO..,1,1.000000
X.X.OOO..,3,-0.000000
X.X.OOO..,7,-1.000000
X.X.OOO..,8,-1.000000
X.X.OOO.X,1,1.000000
X.X.OOO.X,3,0.000000
X.X.OOO.X,7,-1.000000
X.X.OOOOX,1,1.000000
X.X.OOOOX,3,-1.000000
X.X.OOOX.,1,1.000000
X.X.OOOX.,3,0.000000
X.X.OOOX.,8,-1.000000
X.X.OOOXO,1,1.000000
X.X.OOOXO,3,-0.000000
X.X.OOX.O,1,1.000000
X.X.OOX.O,3,1.000000
X.X.OOX.O,7,-1.000000
X.X.OOXO.,1,1.000000
X.X.OOXO.,3,1.000000
X.X.OOXO.,8,-1.000000
X.X.OOXOO,1,1.000000
X.X.OOXOO,3,1.000000
X.X.OX.OO,1,1.000000
X.X.OX.OO,3,-1.000000
X.X.OX.OO,6,-1.000000
X.X.OXO.O,1,1.000000
X.X.OXO.O,3,-1.000000
X.X.OXO.O,7,0.000000
X.X.OXOO.,1,1.000000
X.X.OXOO.,3,-1.000000
X.X.OXOO.,8,1.000000
X.X.XO.OO,1,1.000000
X.X.XO.OO,3,-1.000000
X.X.XO.OO,6,1.000000
X.X.XOO.O,1,1.000000
X.X.XOO.O,3,-1.000000
X.X.XOO.O,7,0.000000
X.X.XOOO.,1,1.000000
X.X.XOOO.,3,-1.000000
X.X.XOOO.,8,1.000000
X.XO....O,1,1.000000
X.XO....O,4,1.000000
X.XO....O,5,0.000000
X.XO....O,6,1.000000
X.XO....O,7,0.000000
X.XO...O.,1,1.000000
X.XO...O.,4,1.000000
X.XO...O.,5,1.000000
X.XO...O.,6,1.000000
X.XO...O.,8,1.000000
X.XO...OO,1,1.000000
X.XO...OO,4,-1.000000
X.XO...OO,5,-1.000000
X.XO...OO,6,1.000000
X.XO..O..,1,1.000000
X.XO..O..,4,1.000000
X.XO..O..,5,1.000000
X.XO..O..,7,1.000000
X.XO..O..,8,1.000000
X.XO..O.O,1,1.000000
X.XO..O.O,4,-1.000000
X.XO..O.O,5,-1.000000
X.XO..O.O,7,-0.000000
X.XO..OO.,1,1.000000
X.XO..OO.,4,-1.000000
X.XO..OO.,5,-1.000000
X.XO..OO.,8,1.000000
X.XO..OOX,1,1.000000
X.XO..OOX,4,1.000000
X.XO..OOX,5,1.000000
X.XO..OXO,1,1.000000
X.XO..OXO,4,0.000000
X.XO..OXO,5,0.000000
X.XO..XOO,1,1.000000
X.XO..XOO,4,1.000000
X.XO..XOO,5,1.000000
X.XO.O...,1,1.000000
X.XO.O...,4,1.000000
X.XO.O...,6,-1.000000
X.XO.O...,7,-1.000000
X.XO.O...,8,-1.000000
X.XO.O..O,1,1.000000
X.XO.O..O,4,1.000000
X.XO.O..O,6,-1.000000
X.XO.O..O,7,-1.000000
X.XO.O.O.,1,1.000000
X.XO.O.O.,4,1.000000
X.XO.O.O.,6,-1.000000
X.XO.O.O.,8,-1.000000
X.XO.O.OX,1,1.000000
X.XO.O.OX,4,1.000000
X.XO.O.OX,6,-1.000000
X.XO.O.XO,1,1.000000
X.XO.O.XO,4,1.000000
X.XO.O.XO,6,-1.000000
X.XO.OO..,1,1.000000
X.XO.OO..,4,1.000000
X.XO.OO..,7,-1.000000
X.XO.OO..,8,-1.000000
X.XO.OO.X,1,1.000000
X.XO.OO.X,4,1.000000
X.XO.OO.X,7,-1.000000
X.XO.OOOX,1,1.000000
X.XO.OOOX,4,1.000000
X.XO.OOX.,1,1.000000
X.XO.OOX.,4,1.000000
X.XO.OOX.,8,-1.000000
X.XO.OOXO,1,1.000000
X.XO.OOXO,4,-0.000000
X.XO.OX.O,1,1.000000
X.XO.OX.O,4,1.000000
X.XO.OX.O,7,-1.000000
X.XO.OXO.,1,1.000000
X.XO.OXO.,4,1.000000
X.XO.OXO.,8,-1.000000
X.XO.OXOO,1,1.000000
X.XO.OXOO,4,1.000000
X.XO.X.OO,1,1.000000
X.XO.X.OO,4,-1.000000
X.XO.X.OO,6,1.000000
X.XO.XO.O,1,1.000000
X.XO.XO.O,4,-1.000000
X.XO.XO.O,7,0.000000
X.XO.XOO.,1,1.000000
X.XO.XOO.,4,-1.000000
X.XO.XOO.,8,1.000000
X.XOO....,1,1.000000
X.XOO....,5,1.000000
X.XOO....,6,-1.000000
X.XOO....,7,-1.000000
X.XOO....,8,-1.000000
X.XOO...O,1,1.000000
X.XOO...O,5,-0.000000
X.XOO...O,6,-1.000000
X.XOO...O,7,-1.000000
X.XOO..O.,1,1.000000
X.XOO..O.,5,-1.000000
X.XOO..O.,6,-1.000000
X.XOO..O.,8,-1.000000
X.XOO..OX,1,1.000000
X.XOO..OX,5,1.000000
X.XOO..OX,6,-1.000000
X.XOO..XO,1,1.000000
X.XOO..XO,5,0.000000
X.XOO..XO,6,-1.000000
X.XOO.O..,1,1.000000
X.XOO.O..,5,1.000000
X.XOO.O..,7,-1.000000
X.XOO.O..,8,-1.000000
X.XOO.O.X,1,1.000000
X.XOO.O.X,5,1.000000
X.XOO.O.X,7,-1.000000
X.XOO.OOX,1,1.000000
X.XOO.OOX,5,1.000000
X.XOO.OX.,1,1.000000
X.XOO.OX.,5,1.000000
X.XOO.OX.,8,-1.000000
X.XOO.OXO,1,1.000000
X.XOO.OXO,5,-0.000000
X.XOO.X.O,1,1.000000
X.XOO.X.O,5,0.000000
X.XOO.X.O,7,-1.000000
X.XOO.XO.,1,1.000000
X.XOO.XO.,5,-1.000000
X.XOO.XO.,8,-1.000000
X.XOO.XOO,1,1.000000
X.XOO.XOO,5,-1.000000
X.XOOX..O,1,1.000000
X.XOOX..O,6,0.000000
X.XOOX..O,7,0.000000
X.XOOX.O.,1,1.000000
X.XOOX.O.,6,-1.000000
X.XOOX.O.,8,1.000000
X.XOOX.OO,1,1.000000
X.XOOX.OO,6,-1.000000
X.XOOXO..,1,1.000000
X.XOOXO..,7,1.000000
X.XOOXO..,8,1.000000
X.XOOXO.O,1,1.000000
X.XOOXO.O,7,-0.000000
X.XOOXOO.,1,1.000000
X.XOOXOO.,8,1.000000
X.XOOXOXO,1,1.000000
X.XOOXXOO,1,1.000000
X.XOX..OO,1,1.000000
X.XOX..OO,5,-1.000000
X.XOX..OO,6,1.000000
X.XOX.O.O,1,1.000000
X.XOX.O.O,5,-1.000000
X.XOX.O.O,7,0.000000
X.XOX.OO.,1,1.000000
X.XOX.OO.,5,-1.000000
X.XOX.OO.,8,1.000000
X.XOXO..O,1,1.000000
X.XOXO..O,6,1.000000
X.XOXO..O,7,1.000000
X.XOXO.O.,1,1.000000
X.XOXO.O.,6,1.000000
X.XOXO.O.,8,1.000000
X.XOXO.OO,1,1.000000
X.XOXO.OO,6,1.000000
X.XOXOO..,1,1.000000
X.XOXOO..,7,1.000000
X.XOXOO..,8,1.000000
X.XOXOO.O,1,1.000000
X.XOXOO.O,7,-0.000000
X.XOXOOO.,1,1.000000
X.XOXOOO.,8,1.000000
X.XOXOOXO,1,1.000000
X.XX.O.OO,1,1.000000
X.XX.O.OO,4,-1.000000
X.XX.O.OO,6,1.000000
X.XX.OO.O,1,1.000000
X.XX.OO.O,4,-1.000000
X.XX.OO.O,7,0.000000
X.XX.OOO.,1,1.000000
X.XX.OOO.,4,-1.000000
X.XX.OOO.,8,1.000000
X.XXO..OO,1,1.000000
X.XXO..OO,5,-1.000000
X.XXO..OO,6,1.000000
X.XXO.O.O,1,1.000000
X.XXO.O.O,5,-1.000000
X.XXO.O.O,7,0.000000
X.XXO.OO.,1,1.000000
X.XXO.OO.,5,-1.000000
X.XXO.OO.,8,-1.000000
X.XXOO..O,1,1.000000
X.XXOO..O,6,1.000000
X.XXOO..O,7,1.000000
X.XXOO.O.,1,1.000000
X.XXOO.O.,6,1.000000
X.XXOO.O.,8,-1.000000
X.XXOO.OO,1,1.000000
X.XXOO.OO,6,1.000000
X.XXOOO..,1,1.000000
X.XXOOO..,7,0.000000
X.XXOOO..,8,0.000000
X.XXOOO.O,1,1.000000
X.XXOOO.O,7,-0.000000
X.XXOOOO.,1,1.000000
X.XXOOOO.,8,-1.000000
X.XXOOOOX,1,1.000000
X.XXOOOXO,1,1.000000
XO.......,2,0.000000
XO.......,3,1.000000
XO.......,4,1.000000
XO.......,5,0.000000
XO.......,6,1.000000
XO.......,7,0.000000
XO.......,8,0.000000
XO......O,2,-1.000000
XO......O,3,-1.000000
XO......O,4,-0.000000
XO......O,5,-1.000000
XO......O,6,-0.000000
XO......O,7,-0.000000
XO.....O.,2,-1.000000
XO.....O.,3,-1.000000
XO.....O.,4,1.000000
XO.....O.,5,-1.000000
XO.....O.,6,-1.000000
XO.....O.,8,-1.000000
XO.....OX,2,-1.000000
XO.....OX,3,-1.000000
XO.....OX,4,1.000000
XO.....OX,5,-1.000000
XO.....OX,6,-1.000000
XO.....XO,2,0.000000
XO.....XO,3,0.000000
XO.....XO,4,0.000000
XO.....XO,5,0.000000
XO.....XO,6,0.000000
XO....O..,2,-1.000000
XO....O..,3,-1.000000
XO....O..,4,-0.000000
XO....O..,5,-1.000000
XO....O..,7,-0.000000
XO....O..,8,-1.000000
XO....O.X,2,1.000000
XO....O.X,3,-1.000000
XO....O.X,4,1.000000
XO....O.X,5,1.000000
XO....O.X,7,0.000000
XO....OOX,2,-1.000000
XO....OOX,3,-1.000000
XO....OOX,4,1.000000
XO....OOX,5,-1.000000
XO....OX.,2,0.000000
XO....OX.,3,0.000000
XO....OX.,4,0.000000
XO....OX.,5,0.000000
XO....OX.,8,0.000000
XO....OXO,2,-0.000000
XO....OXO,3,-1.000000
XO....OXO,4,-0.000000
XO....OXO,5,-0.000000
XO....X.O,2,1.000000
XO....X.O,3,1.000000
XO....X.O,4,1.000000
XO....X.O,5,0.000000
XO....X.O,7,0.000000
XO....XO.,2,-1.000000
XO....XO.,3,1.000000
XO....XO.,4,1.000000
XO....XO.,5,-1.000000
XO....XO.,8,-1.000000
XO....XOO,2,-1.000000
XO....XOO,3,1.000000
XO....XOO,4,1.000000
XO....XOO,5,-1.000000
XO...O...,2,-1.000000
XO...O...,3,-1.000000
XO...O...,4,-0.000000
XO...O...,6,1.000000
XO...O...,7,-0.000000
XO...O...,8,-1.000000
XO...O..X,2,-1.000000
XO...O..X,3,1.000000
XO...O..X,4,1.000000
XO...O..X,6,1.000000
XO...O..X,7,1.000000
XO...O.OX,2,-1.000000
XO...O.OX,3,-1.000000
XO...O.OX,4,1.000000
XO...O.OX,6,-1.000000
XO...O.X.,2,0.000000
XO...O.X.,3,0.000000
XO...O.X.,4,0.000000
XO...O.X.,6,1.000000
XO...O.X.,8,1.000000
XO...O.XO,2,-0.000000
XO...O.XO,3,-1.000000
XO...O.XO,4,-1.000000
XO...O.XO,6,-1.000000
XO...OO.X,2,-1.000000
XO...OO.X,3,-1.000000
XO...OO.X,4,1.000000
XO...OO.X,7,-1.000000
XO...OOX.,2,-0.000000
XO...OOX.,3,-1.000000
XO...OOX.,4,-0.000000
XO...OOX.,8,-1.000000
XO...OOXX,2,0.000000
XO...OOXX,3,0.000000
XO...OOXX,4,1.000000
XO...OX..,2,1.000000
XO...OX..,3,1.000000
XO...OX..,4,1.000000
XO...OX..,7,1.000000
XO...OX..,8,1.000000
XO...OX.O,2,1.000000
XO...OX.O,3,1.000000
XO...OX.O,4,-1.000000
XO...OX.O,7,-1.000000
XO...OXO.,2,-1.000000
XO...OXO.,3,1.000000
XO...OXO.,4,1.000000
XO...OXO.,8,-1.000000
XO...OXOX,2,-1.000000
XO...OXOX,3,1.000000
XO...OXOX,4,1.000000
XO...OXXO,2,1.000000
XO...OXXO,3,1.000000
XO...OXXO,4,-1.000000
XO...X..O,2,-1.000000
XO...X..O,3,1.000000
XO...X..O,4,0.000000
XO...X..O,6,0.000000
XO...X..O,7,0.000000
XO...X.O.,2,-1.000000
XO...X.O.,3,-1.000000
XO...X.O.,4,1.000000
XO...X.O.,6,-1.000000
XO...X.O.,8,-1.000000
XO...X.OO,2,-1.000000
XO...X.OO,3,-1.000000
XO...X.OO,4,-1.000000
XO...X.OO,6,-1.000000
XO...XO..,2,0.000000
XO...XO..,3,-1.000000
XO...XO..,4,1.000000
XO...XO..,7,0.000000
XO...XO..,8,1.000000
XO...XO.O,2,-1.000000
XO...XO.O,3,-1.000000
XO...XO.O,4,-1.000000
XO...XO.O,7,-0.000000
XO...XOO.,2,-1.000000
XO...XOO.,3,-1.000000
XO...XOO.,4,-1.000000
XO...XOO.,8,-1.000000
XO...XOOX,2,1.000000
XO...XOOX,3,-1.000000
XO...XOOX,4,1.000000
XO...XOXO,2,0.000000
XO...XOXO,3,0.000000
XO...XOXO,4,0.000000
XO...XXOO,2,-1.000000
XO...XXOO,3,1.000000
XO...XXOO,4,1.000000
XO..O....,2,-1.000000
XO..O....,3,-1.000000
XO..O....,5,-1.000000
XO..O....,6,-1.000000
XO..O....,7,-0.000000
XO..O....,8,-1.000000
XO..O...X,2,-1.000000
XO..O...X,3,-1.000000
XO..O...X,5,-1.000000
XO..O...X,6,-1.000000
XO..O...X,7,0.000000
XO..O..X.,2,0.000000
XO..O..X.,3,0.000000
XO..O..X.,5,0.000000
XO..O..X.,6,1.000000
XO..O..X.,8,0.000000
XO..O..XO,2,-0.000000
XO..O..XO,3,-0.000000
XO..O..XO,5,-0.000000
XO..O..XO,6,-0.000000
XO..O.O.X,2,-1.000000
XO..O.O.X,3,-1.000000
XO..O.O.X,5,-1.000000
XO..O.O.X,7,-1.000000
XO..O.OX.,2,-0.000000
XO..O.OX.,3,-1.000000
XO..O.OX.,5,-1.000000
XO..O.OX.,8,-1.000000
XO..O.OXX,2,0.000000
XO..O.OXX,3,-1.000000
XO..O.OXX,5,-1.000000
XO..O.X..,2,-1.000000
XO..O.X..,3,1.000000
XO..O.X..,5,-1.000000
XO..O.X..,7,1.000000
XO..O.X..,8,-1.000000
XO..O.X.O,2,-1.000000
XO..O.X.O,3,1.000000
XO..O.X.O,5,-1.000000
XO..O.X.O,7,-0.000000
XO..O.XXO,2,0.000000
XO..O.XXO,3,1.000000
XO..O.XXO,5,0.000000
XO..OO..X,2,-1.000000
XO..OO..X,3,-1.000000
XO..OO..X,6,-1.000000
XO..OO..X,7,-1.000000
XO..OO.X.,2,-1.000000
XO..OO.X.,3,-0.000000
XO..OO.X.,6,-1.000000
XO..OO.X.,8,-1.000000
XO..OO.XX,2,-1.000000
XO..OO.XX,3,0.000000
XO..OO.XX,6,1.000000
XO..OOOXX,2,-1.000000
XO..OOOXX,3,-1.000000
XO..OOX..,2,-1.000000
XO..OOX..,3,1.000000
XO..OOX..,7,-1.000000
XO..OOX..,8,-1.000000
XO..OOX.X,2,-1.000000
XO..OOX.X,3,1.000000
XO..OOX.X,7,1.000000
XO..OOXX.,2,-1.000000
XO..OOXX.,3,1.000000
XO..OOXX.,8,1.000000
XO..OOXXO,2,-1.000000
XO..OOXXO,3,1.000000
XO..OX...,2,-1.000000
XO..OX...,3,-1.000000
XO..OX...,6,-1.000000
XO..OX...,7,0.000000
XO..OX...,8,-1.000000
XO..OX..O,2,-1.000000
XO..OX..O,3,-1.000000
XO..OX..O,6,-1.000000
XO..OX..O,7,-0.000000
XO..OX.XO,2,0.000000
XO..OX.XO,3,0.000000
XO..OX.XO,6,0.000000
XO..OXO..,2,-1.000000
XO..OXO..,3,-1.000000
XO..OXO..,7,-1.000000
XO..OXO..,8,-1.000000
XO..OXO.X,2,1.000000
XO..OXO.X,3,-1.000000
XO..OXO.X,7,-1.000000
XO..OXOX.,2,0.000000
XO..OXOX.,3,-1.000000
XO..OXOX.,8,-1.000000
XO..OXOXO,2,-0.000000
XO..OXOXO,3,-1.000000
XO..OXX.O,2,-1.000000
XO..OXX.O,3,1.000000
XO..OXX.O,7,0.000000
XO..X...O,2,0.000000
XO..X...O,3,1.000000
XO..X...O,5,0.000000
XO..X...O,6,1.000000
XO..X...O,7,0.000000
XO..X..O.,2,1.000000
XO..X..O.,3,1.000000
XO..X..O.,5,1.000000
XO..X..O.,6,1.000000
XO..X..O.,8,1.000000
XO..X..OO,2,-1.000000
XO..X..OO,3,-1.000000
XO..X..OO,5,-1.000000
XO..X..OO,6,1.000000
XO..X.O..,2,0.000000
XO..X.O..,3,1.000000
XO..X.O..,5,1.000000
XO..X.O..,7,0.000000
XO..X.O..,8,1.000000
XO..X.O.O,2,-1.000000
XO..X.O.O,3,-1.000000
XO..X.O.O,5,-1.000000
XO..X.O.O,7,-0.000000
XO..X.OO.,2,-1.000000
XO..X.OO.,3,-1.000000
XO..X.OO.,5,-1.000000
XO..X.OO.,8,1.000000
XO..X.OXO,2,0.000000
XO..X.OXO,3,0.000000
XO..X.OXO,5,0.000000
XO..X.XOO,2,1.000000
XO..X.XOO,3,1.000000
XO..X.XOO,5,1.000000
XO..XO...,2,1.000000
XO..XO...,3,1.000000
XO..XO...,6,1.000000
XO..XO...,7,0.000000
XO..XO...,8,1.000000
XO..XO..O,2,-0.000000
XO..XO..O,3,-1.000000
XO..XO..O,6,-1.000000
XO..XO..O,7,-1.000000
XO..XO.O.,2,1.000000
XO..XO.O.,3,1.000000
XO..XO.O.,6,1.000000
XO..XO.O.,8,1.000000
XO..XO.XO,2,0.000000
XO..XO.XO,3,-1.000000
XO..XO.XO,6,-1.000000
XO..XOO..,2,-0.000000
XO..XOO..,3,-1.000000
XO..XOO..,7,-0.000000
XO..XOO..,8,1.000000
XO..XOOX.,2,0.000000
XO..XOOX.,3,0.000000
XO..XOOX.,8,1.000000
XO..XOOXO,2,-0.000000
XO..XOOXO,3,-1.000000
XO..XOX.O,2,1.000000
XO..XOX.O,3,1.000000
XO..XOX.O,7,-1.000000
XO..XOXO.,2,1.000000
XO..XOXO.,3,1.000000
XO..XOXO.,8,1.000000
XO..XOXOO,2,1.000000
XO..XOXOO,3,1.000000
XO..XX.OO,2,-1.000000
XO..XX.OO,3,1.000000
XO..XX.OO,6,1.000000
XO..XXO.O,2,-1.000000
XO..XXO.O,3,1.000000
XO..XXO.O,7,0.000000
XO..XXOO.,2,-1.000000
XO..XXOO.,3,1.000000
XO..XXOO.,8,1.000000
XO.O.....,2,-1.000000
XO.O.....,4,-0.000000
XO.O.....,5,-0.000000
XO.O.....,6,-1.000000
XO.O.....,7,-0.000000
XO.O.....,8,-1.000000
XO.O....X,2,1.000000
XO.O....X,4,1.000000
XO.O....X,5,1.000000
XO.O....X,6,1.000000
XO.O....X,7,1.000000
XO.O...OX,2,-1.000000
XO.O...OX,4,1.000000
XO.O...OX,5,-1.000000
XO.O...OX,6,-1.000000
XO.O...X.,2,0.000000
XO.O...X.,4,0.000000
XO.O...X.,5,0.000000
XO.O...X.,6,0.000000
XO.O...X.,8,1.000000
XO.O...XO,2,-0.000000
XO.O...XO,4,-0.000000
XO.O...XO,5,-0.000000
XO.O...XO,6,-1.000000
XO.O..O.X,2,1.000000
XO.O..O.X,4,1.000000
XO.O..O.X,5,1.000000
XO.O..O.X,7,-1.000000
XO.O..OX.,2,-0.000000
XO.O..OX.,4,-0.000000
XO.O..OX.,5,-0.000000
XO.O..OX.,8,-1.000000
XO.O..OXX,2,1.000000
XO.O..OXX,4,1.000000
XO.O..OXX,5,1.000000
XO.O..X..,2,-1.000000
XO.O..X..,4,1.000000
XO.O..X..,5,0.000000
XO.O..X..,7,0.000000
XO.O..X..,8,1.000000
XO.O..X.O,2,-1.000000
XO.O..X.O,4,-0.000000
XO.O..X.O,5,-0.000000
XO.O..X.O,7,-1.000000
XO.O..XO.,2,-1.000000
XO.O..XO.,4,1.000000
XO.O..XO.,5,-1.000000
XO.O..XO.,8,-1.000000
XO.O..XOX,2,-1.000000
XO.O..XOX,4,1.000000
XO.O..XOX,5,-1.000000
XO.O..XXO,2,0.000000
XO.O..XXO,4,0.000000
XO.O..XXO,5,0.000000
XO.O.O..X,2,-1.000000
XO.O.O..X,4,1.000000
XO.O.O..X,6,-1.000000
XO.O.O..X,7,-1.000000
XO.O.O.X.,2,-1.000000
XO.O.O.X.,4,-0.000000
XO.O.O.X.,6,-1.000000
XO.O.O.X.,8,-1.000000
XO.O.O.XX,2,-1.000000
XO.O.O.XX,4,1.000000
XO.O.O.XX,6,1.000000
XO.O.OOXX,2,-1.000000
XO.O.OOXX,4,1.000000
XO.O.OX..,2,-1.000000
XO.O.OX..,4,1.000000
XO.O.OX..,7,-1.000000
XO.O.OX..,8,-1.000000
XO.O.OX.X,2,-1.000000
XO.O.OX.X,4,1.000000
XO.O.OX.X,7,1.000000
XO.O.OXOX,2,-1.000000
XO.O.OXOX,4,1.000000
XO.O.OXX.,2,-1.000000
XO.O.OXX.,4,1.000000
XO.O.OXX.,8,1.000000
XO.O.OXXO,2,-1.000000
XO.O.OXXO,4,-1.000000
XO.O.X...,2,0.000000
XO.O.X...,4,0.000000
XO.O.X...,6,0.000000
XO.O.X...,7,0.000000
XO.O.X...,8,1.000000
XO.O.X..O,2,-1.000000
XO.O.X..O,4,-0.000000
XO.O.X..O,6,-0.000000
XO.O.X..O,7,-0.000000
XO.O.X.O.,2,-1.000000
XO.O.X.O.,4,-0.000000
XO.O.X.O.,6,-1.000000
XO.O.X.O.,8,-1.000000
XO.O.X.OX,2,1.000000
XO.O.X.OX,4,1.000000
XO.O.X.OX,6,-1.000000
XO.O.X.XO,2,0.000000
XO.O.X.XO,4,0.000000
XO.O.X.XO,6,0.000000
XO.O.XO..,2,-0.000000
XO.O.XO..,4,-0.000000
XO.O.XO..,7,-0.000000
XO.O.XO..,8,1.000000
XO.O.XO.X,2,1.000000
XO.O.XO.X,4,1.000000
XO.O.XO.X,7,1.000000
XO.O.XOOX,2,1.000000
XO.O.XOOX,4,1.000000
XO.O.XOX.,2,0.000000
XO.O.XOX.,4,0.000000
XO.O.XOX.,8,1.000000
XO.O.XOXO,2,-0.000000
XO.O.XOXO,4,-0.000000
XO.O.XX.O,2,0.000000
XO.O.XX.O,4,0.000000
XO.O.XX.O,7,0.000000
XO.O.XXO.,2,-1.000000
XO.O.XXO.,4,1.000000
XO.O.XXO.,8,-1.000000
XO.O.XXOO,2,-1.000000
XO.O.XXOO,4,-0.000000
XO.OO...X,2,-1.000000
XO.OO...X,5,-1.000000
XO.OO...X,6,-1.000000
XO.OO...X,7,-1.000000
XO.OO..X.,2,-1.000000
XO.OO..X.,5,-0.000000
XO.OO..X.,6,-1.000000
XO.OO..X.,8,-1.000000
XO.OO..XX,2,-1.000000
XO.OO..XX,5,1.000000
XO.OO..XX,6,1.000000
XO.OO.OXX,2,-1.000000
XO.OO.OXX,5,-1.000000
XO.OO.X..,2,-1.000000
XO.OO.X..,5,-1.000000
XO.OO.X..,7,-1.000000
XO.OO.X..,8,-1.000000
XO.OO.X.X,2,-1.000000
XO.OO.X.X,5,-1.000000
XO.OO.X.X,7,1.000000
XO.OO.XX.,2,-1.000000
XO.OO.XX.,5,0.000000
XO.OO.XX.,8,1.000000
XO.OO.XXO,2,-1.000000
XO.OO.XXO,5,-0.000000
XO.OOX...,2,-1.000000
XO.OOX...,6,-1.000000
XO.OOX...,7,-0.000000
XO.OOX...,8,-1.000000
XO.OOX..X,2,1.000000
XO.OOX..X,6,-1.000000
XO.OOX..X,7,1.000000
XO.OOX.X.,2,0.000000
XO.OOX.X.,6,0.000000
XO.OOX.X.,8,1.000000
XO.OOX.XO,2,-0.000000
XO.OOX.XO,6,-0.000000
XO.OOXO.X,2,1.000000
XO.OOXO.X,7,-1.000000
XO.OOXOX.,2,-0.000000
XO.OOXOX.,8,-1.000000
XO.OOXOXX,2,1.000000
XO.OOXX..,2,-1.000000
XO.OOXX..,7,0.000000
XO.OOXX..,8,-1.000000
XO.OOXX.O,2,-1.000000
XO.OOXX.O,7,-0.000000
XO.OOXXXO,2,0.000000
XO.OX....,2,1.000000
XO.OX....,5,0.000000
XO.OX....,6,1.000000
XO.OX....,7,0.000000
XO.OX....,8,1.000000
XO.OX...O,2,-0.000000
XO.OX...O,5,-0.000000
XO.OX...O,6,-0.000000
XO.OX...O,7,-0.000000
XO.OX..O.,2,1.000000
XO.OX..O.,5,-0.000000
XO.OX..O.,6,1.000000
XO.OX..O.,8,1.000000
XO.OX..XO,2,0.000000
XO.OX..XO,5,0.000000
XO.OX..XO,6,0.000000
XO.OX.O..,2,-0.000000
XO.OX.O..,5,-0.000000
XO.OX.O..,7,-0.000000
XO.OX.O..,8,1.000000
XO.OX.OX.,2,0.000000
XO.OX.OX.,5,0.000000
XO.OX.OX.,8,1.000000
XO.OX.OXO,2,-0.000000
XO.OX.OXO,5,-0.000000
XO.OX.X.O,2,1.000000
XO.OX.X.O,5,0.000000
XO.OX.X.O,7,0.000000
XO.OX.XO.,2,1.000000
XO.OX.XO.,5,1.000000
XO.OX.XO.,8,1.000000
XO.OX.XOO,2,1.000000
XO.OX.XOO,5,-0.000000
XO.OXO...,2,1.000000
XO.OXO...,6,1.000000
XO.OXO...,7,-0.000000
XO.OXO...,8,1.000000
XO.OXO.X.,2,1.000000
XO.OXO.X.,6,1.000000
XO.OXO.X.,8,1.000000
XO.OXO.XO,2,-0.000000
XO.OXO.XO,6,-1.000000
XO.OXOOX.,2,-0.000000
XO.OXOOX.,8,1.000000
XO.OXOX..,2,1.000000
XO.OXOX..,7,1.000000
XO.OXOX..,8,1.000000
XO.OXOX.O,2,1.000000
XO.OXOX.O,7,-1.000000
XO.OXOXO.,2,1.000000
XO.OXOXO.,8,1.000000
XO.OXOXXO,2,1.000000
XO.OXX..O,2,0.000000
XO.OXX..O,6,0.000000
XO.OXX..O,7,0.000000
XO.OXX.O.,2,1.000000
XO.OXX.O.,6,1.000000
XO.OXX.O.,8,1.000000
XO.OXX.OO,2,-1.000000
XO.OXX.OO,6,-0.000000
XO.OXXO..,2,0.000000
XO.OXXO..,7,0.000000
XO.OXXO..,8,1.000000
XO.OXXO.O,2,-1.000000
XO.OXXO.O,7,-0.000000
XO.OXXOO.,2,-1.000000
XO.OXXOO.,8,1.000000
XO.OXXOXO,2,0.000000
XO.OXXXOO,2,1.000000
XO.X....O,2,0.000000
XO.X....O,4,1.000000
XO.X....O,5,1.000000
XO.X....O,6,1.000000
XO.X....O,7,0.000000
XO.X...O.,2,-1.000000
XO.X...O.,4,1.000000
XO.X...O.,5,-1.000000
XO.X...O.,6,1.000000
XO.X...O.,8,-1.000000
XO.X...OO,2,-1.000000
XO.X...OO,4,-1.000000
XO.X...OO,5,-1.000000
XO.X...OO,6,1.000000
XO.X..O..,2,-1.000000
XO.X..O..,4,1.000000
XO.X..O..,5,-1.000000
XO.X..O..,7,0.000000
XO.X..O..,8,-1.000000
XO.X..O.O,2,-1.000000
XO.X..O.O,4,-1.000000
XO.X..O.O,5,-1.000000
XO.X..O.O,7,-1.000000
XO.X..OO.,2,-1.000000
XO.X..OO.,4,-1.000000
XO.X..OO.,5,-1.000000
XO.X..OO.,8,-1.000000
XO.X..OOX,2,-1.000000
XO.X..OOX,4,1.000000
XO.X..OOX,5,-1.000000
XO.X..OXO,2,0.000000
XO.X..OXO,4,0.000000
XO.X..OXO,5,0.000000
XO.X.O...,2,0.000000
XO.X.O...,4,1.000000
XO.X.O...,6,1.000000
XO.X.O...,7,0.000000
XO.X.O...,8,1.000000
XO.X.O..O,2,-0.000000
XO.X.O..O,4,-1.000000
XO.X.O..O,6,1.000000
XO.X.O..O,7,-1.000000
XO.X.O.O.,2,-1.000000
XO.X.O.O.,4,1.000000
XO.X.O.O.,6,1.000000
XO.X.O.O.,8,-1.000000
XO.X.O.OX,2,-1.000000
XO.X.O.OX,4,1.000000
XO.X.O.OX,6,1.000000
XO.X.O.XO,2,0.000000
XO.X.O.XO,4,-1.000000
XO.X.O.XO,6,1.000000
XO.X.OO..,2,-1.000000
XO.X.OO..,4,-1.000000
XO.X.OO..,7,-1.000000
XO.X.OO..,8,-1.000000
XO.X.OO.X,2,0.000000
XO.X.OO.X,4,1.000000
XO.X.OO.X,7,0.000000
XO.X.OOOX,2,-1.000000
XO.X.OOOX,4,1.000000
XO.X.OOX.,2,0.000000
XO.X.OOX.,4,0.000000
XO.X.OOX.,8,0.000000
XO.X.OOXO,2,-0.000000
XO.X.OOXO,4,-1.000000
XO.X.X.OO,2,-1.000000
XO.X.X.OO,4,1.000000
XO.X.X.OO,6,1.000000
XO.X.XO.O,2,-1.000000
XO.X.XO.O,4,1.000000
XO.X.XO.O,7,0.000000
XO.X.XOO.,2,-1.000000
XO.X.XOO.,4,1.000000
XO.X.XOO.,8,-1.000000
XO.XO....,2,-1.000000
XO.XO....,5,-1.000000
XO.XO....,6,1.000000
XO.XO....,7,0.000000
XO.XO....,8,-1.000000
XO.XO...O,2,-1.000000
XO.XO...O,5,-1.000000
XO.XO...O,6,1.000000
XO.XO...O,7,-0.000000
XO.XO..XO,2,0.000000
XO.XO..XO,5,0.000000
XO.XO..XO,6,1.000000
XO.XO.O..,2,-1.000000
XO.XO.O..,5,-1.000000
XO.XO.O..,7,-1.000000
XO.XO.O..,8,-1.000000
XO.XO.O.X,2,-1.000000
XO.XO.O.X,5,-1.000000
XO.XO.O.X,7,-1.000000
XO.XO.OX.,2,0.000000
XO.XO.OX.,5,-1.000000
XO.XO.OX.,8,-1.000000
XO.XO.OXO,2,-0.000000
XO.XO.OXO,5,-1.000000
XO.XOO...,2,-1.000000
XO.XOO...,6,1.000000
XO.XOO...,7,-0.000000
XO.XOO...,8,-1.000000
XO.XOO..X,2,-1.000000
XO.XOO..X,6,1.000000
XO.XOO..X,7,0.000000
XO.XOO.X.,2,0.000000
XO.XOO.X.,6,1.000000
XO.XOO.X.,8,0.000000
XO.XOO.XO,2,-0.000000
XO.XOO.XO,6,1.000000
XO.XOOO.X,2,-1.000000
XO.XOOO.X,7,-1.000000
XO.XOOOX.,2,-0.000000
XO.XOOOX.,8,-1.000000
XO.XOOOXX,2,0.000000
XO.XOX..O,2,-1.000000
XO.XOX..O,6,1.000000
XO.XOX..O,7,0.000000
XO.XOXO..,2,-1.000000
XO.XOXO..,7,-1.000000
XO.XOXO..,8,-1.000000
XO.XOXO.O,2,-1.000000
XO.XOXO.O,7,-1.000000
XO.XOXOXO,2,0.000000
XO.XX..OO,2,-1.000000
XO.XX..OO,5,1.000000
XO.XX..OO,6,1.000000
XO.XX.O.O,2,-1.000000
XO.XX.O.O,5,1.000000
XO.XX.O.O,7,0.000000
XO.XX.OO.,2,-1.000000
XO.XX.OO.,5,1.000000
XO.XX.OO.,8,1.000000
XO.XXO..O,2,0.000000
XO.XXO..O,6,1.000000
XO.XXO..O,7,-1.000000
XO.XXO.O.,2,1.000000
XO.XXO.O.,6,1.000000
XO.XXO.O.,8,1.000000
XO.XXO.OO,2,-1.000000
XO.XXO.OO,6,1.000000
XO.XXOO..,2,0.000000
XO.XXOO..,7,0.000000
XO.XXOO..,8,1.000000
XO.XXOO.O,2,-1.000000
XO.XXOO.O,7,-1.000000
XO.XXOOO.,2,-1.000000
XO.XXOOO.,8,1.000000
XO.XXOOXO,2,0.000000
XOO......,3,1.000000
XOO......,4,-0.000000
XOO......,5,-1.000000
XOO......,6,1.000000
XOO......,7,-0.000000
XOO......,8,-1.000000
XOO.....X,3,1.000000
XOO.....X,4,1.000000
XOO.....X,5,-1.000000
XOO.....X,6,1.000000
XOO.....X,7,1.000000
XOO....OX,3,-1.000000
XOO....OX,4,1.000000
XOO....OX,5,-1.000000
XOO....OX,6,-1.000000
XOO....X.,3,1.000000
XOO....X.,4,0.000000
XOO....X.,5,1.000000
XOO....X.,6,1.000000
XOO....X.,8,1.000000
XOO....XO,3,-1.000000
XOO....XO,4,-1.000000
XOO....XO,5,-0.000000
XOO....XO,6,-1.000000
XOO...O.X,3,-1.000000
XOO...O.X,4,1.000000
XOO...O.X,5,-1.000000
XOO...O.X,7,-1.000000
XOO...OX.,3,-1.000000
XOO...OX.,4,-0.000000
XOO...OX.,5,-1.000000
XOO...OX.,8,-1.000000
XOO...OXX,3,-1.000000
XOO...OXX,4,1.000000
XOO...OXX,5,-1.000000
XOO...X..,3,1.000000
XOO...X..,4,1.000000
XOO...X..,5,1.000000
XOO...X..,7,1.000000
XOO...X..,8,1.000000
XOO...X.O,3,1.000000
XOO...X.O,4,-1.000000
XOO...X.O,5,-0.000000
XOO...X.O,7,-1.000000
XOO...XO.,3,1.000000
XOO...XO.,4,1.000000
XOO...XO.,5,-1.000000
XOO...XO.,8,-1.000000
XOO...XOX,3,1.000000
XOO...XOX,4,1.000000
XOO...XOX,5,-1.000000
XOO...XXO,3,1.000000
XOO...XXO,4,-1.000000
XOO...XXO,5,0.000000
XOO..O..X,3,1.000000
XOO..O..X,4,1.000000
XOO..O..X,6,1.000000
XOO..O..X,7,1.000000
XOO..O.X.,3,-1.000000
XOO..O.X.,4,-1.000000
XOO..O.X.,6,-1.000000
XOO..O.X.,8,1.000000
XOO..O.XX,3,1.000000
XOO..O.XX,4,1.000000
XOO..O.XX,6,1.000000
XOO..OOXX,3,-1.000000
XOO..OOXX,4,1.000000
XOO..OX..,3,1.000000
XOO..OX..,4,-1.000000
XOO..OX..,7,-1.000000
XOO..OX..,8,1.000000
XOO..OX.X,3,1.000000
XOO..OX.X,4,1.000000
XOO..OX.X,7,1.000000
XOO..OXOX,3,1.000000
XOO..OXOX,4,1.000000
XOO..OXX.,3,1.000000
XOO..OXX.,4,-1.000000
XOO..OXX.,8,1.000000
XOO..X...,3,1.000000
XOO..X...,4,1.000000
XOO..X...,6,1.000000
XOO..X...,7,1.000000
XOO..X...,8,-1.000000
XOO..X..O,3,1.000000
XOO..X..O,4,-0.000000
XOO..X..O,6,-0.000000
XOO..X..O,7,-0.000000
XOO..X.O.,3,-1.000000
XOO..X.O.,4,1.000000
XOO..X.O.,6,-1.000000
XOO..X.O.,8,-1.000000
XOO..X.OX,3,-1.000000
XOO..X.OX,4,1.000000
XOO..X.OX,6,-1.000000
XOO..X.XO,3,1.000000
XOO..X.XO,4,0.000000
XOO..X.XO,6,0.000000
XOO..XO..,3,-1.000000
XOO..XO..,4,1.000000
XOO..XO..,7,-1.000000
XOO..XO..,8,-1.000000
XOO..XO.X,3,-1.000000
XOO..XO.X,4,1.000000
XOO..XO.X,7,-1.000000
XOO..XOOX,3,-1.000000
XOO..XOOX,4,1.000000
XOO..XOX.,3,-1.000000
XOO..XOX.,4,1.000000
XOO..XOX.,8,-1.000000
XOO..XOXO,3,-1.000000
XOO..XOXO,4,-0.000000
XOO..XX.O,3,1.000000
XOO..XX.O,4,0.000000
XOO..XX.O,7,0.000000
XOO..XXO.,3,1.000000
XOO..XXO.,4,1.000000
XOO..XXO.,8,-1.000000
XOO..XXOO,3,1.000000
XOO..XXOO,4,-0.000000
XOO.O...X,3,-1.000000
XOO.O...X,5,-1.000000
XOO.O...X,6,-1.000000
XOO.O...X,7,-1.000000
XOO.O..X.,3,-1.000000
XOO.O..X.,5,-1.000000
XOO.O..X.,6,1.000000
XOO.O..X.,8,-1.000000
XOO.O..XX,3,-1.000000
XOO.O..XX,5,-1.000000
XOO.O..XX,6,1.000000
XOO.O.X..,3,1.000000
XOO.O.X..,5,-1.000000
XOO.O.X..,7,1.000000
XOO.O.X..,8,-1.000000
XOO.O.X.X,3,1.000000
XOO.O.X.X,5,-1.000000
XOO.O.X.X,7,1.000000
XOO.O.XX.,3,1.000000
XOO.O.XX.,5,1.000000
XOO.O.XX.,8,1.000000
XOO.O.XXO,3,1.000000
XOO.O.XXO,5,-0.000000
XOO.OO.XX,3,-1.000000
XOO.OO.XX,6,1.000000
XOO.OOX.X,3,1.000000
XOO.OOX.X,7,1.000000
XOO.OOXX.,3,1.000000
XOO.OOXX.,8,1.000000
XOO.OX...,3,-1.000000
XOO.OX...,6,-1.000000
XOO.OX...,7,-1.000000
XOO.OX...,8,-1.000000
XOO.OX..X,3,-1.000000
XOO.OX..X,6,-1.000000
XOO.OX..X,7,-1.000000
XOO.OX.X.,3,-1.000000
XOO.OX.X.,6,1.000000
XOO.OX.X.,8,-1.000000
XOO.OX.XO,3,-1.000000
XOO.OX.XO,6,-0.000000
XOO.OXX..,3,1.000000
XOO.OXX..,7,1.000000
XOO.OXX..,8,-1.000000
XOO.OXX.O,3,1.000000
XOO.OXX.O,7,-0.000000
XOO.OXXXO,3,1.000000
XOO.X....,3,1.000000
XOO.X....,5,1.000000
XOO.X....,6,1.000000
XOO.X....,7,0.000000
XOO.X....,8,1.000000
XOO.X...O,3,-1.000000
XOO.X...O,5,-0.000000
XOO.X...O,6,-1.000000
XOO.X...O,7,-1.000000
XOO.X..O.,3,1.000000
XOO.X..O.,5,1.000000
XOO.X..O.,6,1.000000
XOO.X..O.,8,1.000000
XOO.X..XO,3,-1.000000
XOO.X..XO,5,0.000000
XOO.X..XO,6,-1.000000
XOO.X.O..,3,1.000000
XOO.X.O..,5,1.000000
XOO.X.O..,7,-0.000000
XOO.X.O..,8,1.000000
XOO.X.OX.,3,1.000000
XOO.X.OX.,5,1.000000
XOO.X.OX.,8,1.000000
XOO.X.OXO,3,-1.000000
XOO.X.OXO,5,-0.000000
XOO.X.X.O,3,1.000000
XOO.X.X.O,5,0.000000
XOO.X.X.O,7,-1.000000
XOO.X.XO.,3,1.000000
XOO.X.XO.,5,1.000000
XOO.X.XO.,8,1.000000
XOO.X.XOO,3,1.000000
XOO.X.XOO,5,-0.000000
XOO.XO...,3,-1.000000
XOO.XO...,6,-1.000000
XOO.XO...,7,-1.000000
XOO.XO...,8,1.000000
XOO.XO.X.,3,-1.000000
XOO.XO.X.,6,-1.000000
XOO.XO.X.,8,1.000000
XOO.XOOX.,3,-1.000000
XOO.XOOX.,8,1.000000
XOO.XOX..,3,1.000000
XOO.XOX..,7,-1.000000
XOO.XOX..,8,1.000000
XOO.XOXO.,3,1.000000
XOO.XOXO.,8,1.000000
XOO.XX..O,3,1.000000
XOO.XX..O,6,0.000000
XOO.XX..O,7,0.000000
XOO.XX.O.,3,1.000000
XOO.XX.O.,6,1.000000
XOO.XX.O.,8,1.000000
XOO.XX.OO,3,1.000000
XOO.XX.OO,6,-0.000000
XOO.XXO..,3,1.000000
XOO.XXO..,7,1.000000
XOO.XXO..,8,1.000000
XOO.XXO.O,3,1.000000
XOO.XXO.O,7,-0.000000
XOO.XXOO.,3,1.000000
XOO.XXOO.,8,1.000000
XOO.XXOXO,3,1.000000
XOO.XXXOO,3,1.000000
XOOO....X,4,1.000000
XOOO....X,5,-1.000000
XOOO....X,6,1.000000
XOOO....X,7,1.000000
XOOO...X.,4,-0.000000
XOOO...X.,5,-0.000000
XOOO...X.,6,-0.000000
XOOO...X.,8,1.000000
XOOO...XX,4,1.000000
XOOO...XX,5,1.000000
XOOO...XX,6,1.000000
XOOO..OXX,4,1.000000
XOOO..OXX,5,-1.000000
XOOO..X..,4,-0.000000
XOOO..X..,5,-0.000000
XOOO..X..,7,-0.000000
XOOO..X..,8,1.000000
XOOO..X.X,4,1.000000
XOOO..X.X,5,1.000000
XOOO..X.X,7,1.000000
XOOO..XOX,4,1.000000
XOOO..XOX,5,-1.000000
XOOO..XX.,4,0.000000
XOOO..XX.,5,0.000000
XOOO..XX.,8,1.000000
XOOO..XXO,4,-1.000000
XOOO..XXO,5,-0.000000
XOOO.O.XX,4,1.000000
XOOO.O.XX,6,1.000000
XOOO.OX.X,4,1.000000
XOOO.OX.X,7,1.000000
XOOO.OXX.,4,-1.000000
XOOO.OXX.,8,1.000000
XOOO.X...,4,-0.000000
XOOO.X...,6,-0.000000
XOOO.X...,7,-0.000000
XOOO.X...,8,-1.000000
XOOO.X..X,4,1.000000
XOOO.X..X,6,1.000000
XOOO.X..X,7,1.000000
XOOO.X.OX,4,1.000000
XOOO.X.OX,6,-1.000000
XOOO.X.X.,4,0.000000
XOOO.X.X.,6,0.000000
XOOO.X.X.,8,1.000000
XOOO.X.XO,4,-0.000000
XOOO.X.XO,6,-0.000000
XOOO.XO.X,4,1.000000
XOOO.XO.X,7,-1.000000
XOOO.XOX.,4,-0.000000
XOOO.XOX.,8,-1.000000
XOOO.XOXX,4,1.000000
XOOO.XX..,4,0.000000
XOOO.XX..,7,0.000000
XOOO.XX..,8,1.000000
XOOO.XX.O,4,-0.000000
XOOO.XX.O,7,-0.000000
XOOO.XXO.,4,-0.000000
XOOO.XXO.,8,-1.000000
XOOO.XXOX,4,1.000000
XOOO.XXXO,4,0.000000
XOOOO..XX,5,-1.000000
XOOOO..XX,6,1.000000
XOOOO.X.X,5,-1.000000
XOOOO.X.X,7,1.000000
XOOOO.XX.,5,-0.000000
XOOOO.XX.,8,1.000000
XOOOOX..X,6,-1.000000
XOOOOX..X,7,-1.000000
XOOOOX.X.,6,-0.000000
XOOOOX.X.,8,-1.000000
XOOOOX.XX,6,1.000000
XOOOOXX..,7,-0.000000
XOOOOXX..,8,-1.000000
XOOOOXX.X,7,1.000000
XOOOOXXX.,8,1.000000
XOOOX....,5,-0.000000
XOOOX....,6,-0.000000
XOOOX....,7,-0.000000
XOOOX....,8,1.000000
XOOOX..X.,5,0.000000
XOOOX..X.,6,0.000000
XOOOX..X.,8,1.000000
XOOOX..XO,5,-0.000000
XOOOX..XO,6,-1.000000
XOOOX.OX.,5,-0.000000
XOOOX.OX.,8,1.000000
XOOOX.X..,5,0.000000
XOOOX.X..,7,0.000000
XOOOX.X..,8,1.000000
XOOOX.X.O,5,-0.000000
XOOOX.X.O,7,-1.000000
XOOOX.XO.,5,-0.000000
XOOOX.XO.,8,1.000000
XOOOX.XXO,5,0.000000
XOOOXO.X.,6,-1.000000
XOOOXO.X.,8,1.000000
XOOOXOX..,7,-1.000000
XOOOXOX..,8,1.000000
XOOOXOXX.,8,1.000000
XOOOXX...,6,0.000000
XOOOXX...,7,0.000000
XOOOXX...,8,1.000000
XOOOXX..O,6,-0.000000
XOOOXX..O,7,-0.000000
XOOOXX.O.,6,-0.000000
XOOOXX.O.,8,1.000000
XOOOXX.XO,6,0.000000
XOOOXXO..,7,-0.000000
XOOOXXO..,8,1.000000
XOOOXXOX.,8,1.000000
XOOOXXX.O,7,0.000000
XOOOXXXO.,8,1.000000
XOOX.....,4,1.000000
XOOX.....,5,1.000000
XOOX.....,6,1.000000
XOOX.....,7,1.000000
XOOX.....,8,1.000000
XOOX....O,4,-1.000000
XOOX....O,5,1.000000
XOOX....O,6,1.000000
XOOX....O,7,-1.000000
XOOX...O.,4,1.000000
XOOX...O.,5,-1.000000
XOOX...O.,6,1.000000
XOOX...O.,8,-1.000000
XOOX...OX,4,1.000000
XOOX...OX,5,-1.000000
XOOX...OX,6,1.000000
XOOX...XO,4,-1.000000
XOOX...XO,5,1.000000
XOOX...XO,6,1.000000
XOOX..O..,4,1.000000
XOOX..O..,5,-1.000000
XOOX..O..,7,-1.000000
XOOX..O..,8,-1.000000
XOOX..O.X,4,1.000000
XOOX..O.X,5,-1.000000
XOOX..O.X,7,-1.000000
XOOX..OOX,4,1.000000
XOOX..OOX,5,-1.000000
XOOX..OX.,4,1.000000
XOOX..OX.,5,-1.000000
XOOX..OX.,8,-1.000000
XOOX..OXO,4,-1.000000
XOOX..OXO,5,-1.000000
XOOX.O...,4,-1.000000
XOOX.O...,6,1.000000
XOOX.O...,7,-1.000000
XOOX.O...,8,1.000000
XOOX.O..X,4,1.000000
XOOX.O..X,6,1.000000
XOOX.O..X,7,1.000000
XOOX.O.OX,4,1.000000
XOOX.O.OX,6,1.000000
XOOX.O.X.,4,-1.000000
XOOX.O.X.,6,1.000000
XOOX.O.X.,8,1.000000
XOOX.OO.X,4,1.000000
XOOX.OO.X,7,-1.000000
XOOX.OOX.,4,-1.000000
XOOX.OOX.,8,-1.000000
XOOX.OOXX,4,1.000000
XOOX.X..O,4,1.000000
XOOX.X..O,6,1.000000
XOOX.X..O,7,1.000000
XOOX.X.O.,4,1.000000
XOOX.X.O.,6,1.000000
XOOX.X.O.,8,-1.000000
XOOX.X.OO,4,1.000000
XOOX.X.OO,6,1.000000
XOOX.XO..,4,1.000000
XOOX.XO..,7,-1.000000
XOOX.XO..,8,-1.000000
XOOX.XO.O,4,1.000000
XOOX.XO.O,7,-1.000000
XOOX.XOO.,4,1.000000
XOOX.XOO.,8,-1.000000
XOOX.XOOX,4,1.000000
XOOX.XOXO,4,1.000000
XOOXO....,5,-1.000000
XOOXO....,6,1.000000
XOOXO....,7,-1.000000
XOOXO....,8,-1.000000
XOOXO...X,5,-1.000000
XOOXO...X,6,1.000000
XOOXO...X,7,-1.000000
XOOXO..X.,5,-1.000000
XOOXO..X.,6,1.000000
XOOXO..X.,8,-1.000000
XOOXO..XO,5,-1.000000
XOOXO..XO,6,1.000000
XOOXOO..X,6,1.000000
XOOXOO..X,7,-1.000000
XOOXOO.X.,6,1.000000
XOOXOO.X.,8,-1.000000
XOOXOO.XX,6,1.000000
XOOXOX...,6,1.000000
XOOXOX...,7,-1.000000
XOOXOX...,8,-1.000000
XOOXOX..O,6,1.000000
XOOXOX..O,7,-1.000000
XOOXOX.XO,6,1.000000
XOOXX...O,5,1.000000
XOOXX...O,6,1.000000
XOOXX...O,7,-1.000000
XOOXX..O.,5,1.000000
XOOXX..O.,6,1.000000
XOOXX..O.,8,1.000000
XOOXX..OO,5,1.000000
XOOXX..OO,6,1.000000
XOOXX.O..,5,1.000000
XOOXX.O..,7,1.000000
XOOXX.O..,8,1.000000
XOOXX.O.O,5,1.000000
XOOXX.O.O,7,-1.000000
XOOXX.OO.,5,1.000000
XOOXX.OO.,8,1.000000
XOOXX.OXO,5,1.000000
XOOXXO...,6,1.000000
XOOXXO...,7,-1.000000
XOOXXO...,8,1.000000
XOOXXO.O.,6,1.000000
XOOXXO.O.,8,1.000000
XOOXXOO..,7,-1.000000
XOOXXOO..,8,1.000000
XOOXXOOX.,8,1.000000
XOX.....O,3,0.000000
XOX.....O,4,0.000000
XOX.....O,5,-1.000000
XOX.....O,6,1.000000
XOX.....O,7,0.000000
XOX....O.,3,-1.000000
XOX....O.,4,1.000000
XOX....O.,5,-1.000000
XOX....O.,6,-1.000000
XOX....O.,8,-1.000000
XOX....OO,3,-1.000000
XOX....OO,4,-1.000000
XOX....OO,5,-1.000000
XOX....OO,6,-1.000000
XOX...O..,3,-1.000000
XOX...O..,4,0.000000
XOX...O..,5,0.000000
XOX...O..,7,0.000000
XOX...O..,8,1.000000
XOX...O.O,3,-1.000000
XOX...O.O,4,-1.000000
XOX...O.O,5,-1.000000
XOX...O.O,7,-0.000000
XOX...OO.,3,-1.000000
XOX...OO.,4,-1.000000
XOX...OO.,5,-1.000000
XOX...OO.,8,-1.000000
XOX...OOX,3,-1.000000
XOX...OOX,4,1.000000
XOX...OOX,5,1.000000
XOX...OXO,3,0.000000
XOX...OXO,4,0.000000
XOX...OXO,5,0.000000
XOX...XOO,3,1.000000
XOX...XOO,4,1.000000
XOX...XOO,5,-1.000000
XOX..O...,3,0.000000
XOX..O...,4,1.000000
XOX..O...,6,1.000000
XOX..O...,7,0.000000
XOX..O...,8,-1.000000
XOX..O..O,3,-0.000000
XOX..O..O,4,-0.000000
XOX..O..O,6,1.000000
XOX..O..O,7,-0.000000
XOX..O.O.,3,-1.000000
XOX..O.O.,4,1.000000
XOX..O.O.,6,-1.000000
XOX..O.O.,8,-1.000000
XOX..O.OX,3,-1.000000
XOX..O.OX,4,1.000000
XOX..O.OX,6,-1.000000
XOX..O.XO,3,0.000000
XOX..O.XO,4,0.000000
XOX..O.XO,6,1.000000
XOX..OO..,3,-1.000000
XOX..OO..,4,-0.000000
XOX..OO..,7,-0.000000
XOX..OO..,8,-1.000000
XOX..OO.X,3,0.000000
XOX..OO.X,4,1.000000
XOX..OO.X,7,0.000000
XOX..OOOX,3,-1.000000
XOX..OOOX,4,1.000000
XOX..OOX.,3,0.000000
XOX..OOX.,4,0.000000
XOX..OOX.,8,0.000000
XOX..OOXO,3,-0.000000
XOX..OOXO,4,-0.000000
XOX..OX.O,3,1.000000
XOX..OX.O,4,1.000000
XOX..OX.O,7,1.000000
XOX..OXO.,3,1.000000
XOX..OXO.,4,1.000000
XOX..OXO.,8,-1.000000
XOX..OXOO,3,1.000000
XOX..OXOO,4,1.000000
XOX..X.OO,3,-1.000000
XOX..X.OO,4,-1.000000
XOX..X.OO,6,-1.000000
XOX..XO.O,3,-1.000000
XOX..XO.O,4,-1.000000
XOX..XO.O,7,0.000000
XOX..XOO.,3,-1.000000
XOX..XOO.,4,-1.000000
XOX..XOO.,8,1.000000
XOX.O....,3,-1.000000
XOX.O....,5,-1.000000
XOX.O....,6,-1.000000
XOX.O....,7,0.000000
XOX.O....,8,-1.000000
XOX.O...O,3,-1.000000
XOX.O...O,5,-1.000000
XOX.O...O,6,-1.000000
XOX.O...O,7,-0.000000
XOX.O..XO,3,0.000000
XOX.O..XO,5,0.000000
XOX.O..XO,6,0.000000
XOX.O.O..,3,-1.000000
XOX.O.O..,5,-1.000000
XOX.O.O..,7,-0.000000
XOX.O.O..,8,-1.000000
XOX.O.O.X,3,-1.000000
XOX.O.O.X,5,1.000000
XOX.O.O.X,7,0.000000
XOX.O.OX.,3,0.000000
XOX.O.OX.,5,0.000000
XOX.O.OX.,8,0.000000
XOX.O.OXO,3,-0.000000
XOX.O.OXO,5,-0.000000
XOX.O.X.O,3,1.000000
XOX.O.X.O,5,-1.000000
XOX.O.X.O,7,0.000000
XOX.OO...,3,-1.000000
XOX.OO...,6,-1.000000
XOX.OO...,7,-1.000000
XOX.OO...,8,-1.000000
XOX.OO..X,3,-1.000000
XOX.OO..X,6,-1.000000
XOX.OO..X,7,-1.000000
XOX.OO.X.,3,0.000000
XOX.OO.X.,6,-1.000000
XOX.OO.X.,8,-1.000000
XOX.OO.XO,3,-0.000000
XOX.OO.XO,6,-1.000000
XOX.OOO.X,3,-1.000000
XOX.OOO.X,7,-1.000000
XOX.OOOX.,3,-0.000000
XOX.OOOX.,8,-1.000000
XOX.OOOXX,3,0.000000
XOX.OOX..,3,1.000000
XOX.OOX..,7,-1.000000
XOX.OOX..,8,-1.000000
XOX.OOX.O,3,1.000000
XOX.OOX.O,7,-1.000000
XOX.OOXXO,3,1.000000
XOX.OX..O,3,-1.000000
XOX.OX..O,6,-1.000000
XOX.OX..O,7,0.000000
XOX.OXO..,3,-1.000000
XOX.OXO..,7,0.000000
XOX.OXO..,8,1.000000
XOX.OXO.O,3,-1.000000
XOX.OXO.O,7,-0.000000
XOX.OXOXO,3,0.000000
XOX.X..OO,3,-1.000000
XOX.X..OO,5,-1.000000
XOX.X..OO,6,1.000000
XOX.X.O.O,3,-1.000000
XOX.X.O.O,5,-1.000000
XOX.X.O.O,7,0.000000
XOX.X.OO.,3,-1.000000
XOX.X.OO.,5,-1.000000
XOX.X.OO.,8,1.000000
XOX.XO..O,3,0.000000
XOX.XO..O,6,1.000000
XOX.XO..O,7,0.000000
XOX.XO.O.,3,1.000000
XOX.XO.O.,6,1.000000
XOX.XO.O.,8,1.000000
XOX.XO.OO,3,-1.000000
XOX.XO.OO,6,1.000000
XOX.XOO..,3,0.000000
XOX.XOO..,7,0.000000
XOX.XOO..,8,1.000000
XOX.XOO.O,3,-1.000000
XOX.XOO.O,7,-0.000000
XOX.XOOO.,3,-1.000000
XOX.XOOO.,8,1.000000
XOX.XOOXO,3,0.000000
XOXO.....,4,1.000000
XOXO.....,5,0.000000
XOXO.....,6,-1.000000
XOXO.....,7,0.000000
XOXO.....,8,1.000000
XOXO....O,4,-0.000000
XOXO....O,5,-1.000000
XOXO....O,6,-1.000000
XOXO....O,7,-0.000000
XOXO...O.,4,1.000000
XOXO...O.,5,-1.000000
XOXO...O.,6,-1.000000
XOXO...O.,8,-1.000000
XOXO...OX,4,1.000000
XOXO...OX,5,1.000000
XOXO...OX,6,-1.000000
XOXO...XO,4,0.000000
XOXO...XO,5,0.000000
XOXO...XO,6,0.000000
XOXO..O..,4,-0.000000
XOXO..O..,5,-0.000000
XOXO..O..,7,-0.000000
XOXO..O..,8,1.000000
XOXO..O.X,4,1.000000
XOXO..O.X,5,1.000000
XOXO..O.X,7,1.000000
XOXO..OOX,4,1.000000
XOXO..OOX,5,1.000000
XOXO..OX.,4,0.000000
XOXO..OX.,5,0.000000
XOXO..OX.,8,1.000000
XOXO..OXO,4,-0.000000
XOXO..OXO,5,-0.000000
XOXO..X.O,4,1.000000
XOXO..X.O,5,0.000000
XOXO..X.O,7,0.000000
XOXO..XO.,4,1.000000
XOXO..XO.,5,-1.000000
XOXO..XO.,8,-1.000000
XOXO..XOO,4,1.000000
XOXO..XOO,5,-1.000000
XOXO.O...,4,1.000000
XOXO.O...,6,-1.000000
XOXO.O...,7,-1.000000
XOXO.O...,8,-1.000000
XOXO.O..X,4,1.000000
XOXO.O..X,6,-1.000000
XOXO.O..X,7,-1.000000
XOXO.O.OX,4,1.000000
XOXO.O.OX,6,-1.000000
XOXO.O.X.,4,1.000000
XOXO.O.X.,6,-1.000000
XOXO.O.X.,8,-1.000000
XOXO.O.XO,4,-0.000000
XOXO.O.XO,6,-1.000000
XOXO.OO.X,4,1.000000
XOXO.OO.X,7,-1.000000
XOXO.OOX.,4,-0.000000
XOXO.OOX.,8,-1.000000
XOXO.OOXX,4,1.000000
XOXO.OX..,4,1.000000
XOXO.OX..,7,-1.000000
XOXO.OX..,8,-1.000000
XOXO.OX.O,4,1.000000
XOXO.OX.O,7,-1.000000
XOXO.OXO.,4,1.000000
XOXO.OXO.,8,-1.000000
XOXO.OXOX,4,1.000000
XOXO.OXXO,4,1.000000
XOXO.X..O,4,0.000000
XOXO.X..O,6,0.000000
XOXO.X..O,7,0.000000
XOXO.X.O.,4,1.000000
XOXO.X.O.,6,-1.000000
XOXO.X.O.,8,1.000000
XOXO.X.OO,4,-1.000000
XOXO.X.OO,6,-1.000000
XOXO.XO..,4,0.000000
XOXO.XO..,7,0.000000
XOXO.XO..,8,1.000000
XOXO.XO.O,4,-1.000000
XOXO.XO.O,7,-0.000000
XOXO.XOO.,4,-1.000000
XOXO.XOO.,8,1.000000
XOXO.XOXO,4,0.000000
XOXO.XXOO,4,1.000000
XOXOO....,5,-1.000000
XOXOO....,6,-1.000000
XOXOO....,7,-1.000000
XOXOO....,8,-1.000000
XOXOO...X,5,1.000000
XOXOO...X,6,-1.000000
XOXOO...X,7,-1.000000
XOXOO..X.,5,0.000000
XOXOO..X.,6,-1.000000
XOXOO..X.,8,-1.000000
XOXOO..XO,5,-0.000000
XOXOO..XO,6,-1.000000
XOXOO.O.X,5,1.000000
XOXOO.O.X,7,-1.000000
XOXOO.OX.,5,-0.000000
XOXOO.OX.,8,-1.000000
XOXOO.OXX,5,1.000000
XOXOO.X..,5,-1.000000
XOXOO.X..,7,-1.000000
XOXOO.X..,8,-1.000000
XOXOO.X.O,5,-1.000000
XOXOO.X.O,7,-1.000000
XOXOO.XXO,5,0.000000
XOXOOX...,6,-1.000000
XOXOOX...,7,0.000000
XOXOOX...,8,1.000000
XOXOOX..O,6,-1.000000
XOXOOX..O,7,-0.000000
XOXOOX.XO,6,0.000000
XOXOOXO..,7,-0.000000
XOXOOXO..,8,1.000000
XOXOOXOX.,8,1.000000
XOXOOXX.O,7,0.000000
XOXOX...O,5,0.000000
XOXOX...O,6,1.000000
XOXOX...O,7,0.000000
XOXOX..O.,5,1.000000
XOXOX..O.,6,1.000000
XOXOX..O.,8,1.000000
XOXOX..OO,5,-1.000000
XOXOX..OO,6,1.000000
XOXOX.O..,5,0.000000
XOXOX.O..,7,0.000000
XOXOX.O..,8,1.000000
XOXOX.O.O,5,-1.000000
XOXOX.O.O,7,-0.000000
XOXOX.OO.,5,-1.000000
XOXOX.OO.,8,1.000000
XOXOX.OXO,5,0.000000
XOXOXO...,6,1.000000
XOXOXO...,7,1.000000
XOXOXO...,8,1.000000
XOXOXO..O,6,1.000000
XOXOXO..O,7,-0.000000
XOXOXO.O.,6,1.000000
XOXOXO.O.,8,1.000000
XOXOXO.XO,6,1.000000
XOXOXOO..,7,-0.000000
XOXOXOO..,8,1.000000
XOXOXOOX.,8,1.000000
XOXOXX.OO,6,1.000000
XOXOXXO.O,7,0.000000
XOXOXXOO.,8,1.000000
XOXX...OO,4,-1.000000
XOXX...OO,5,-1.000000
XOXX...OO,6,1.000000
XOXX..O.O,4,-1.000000
XOXX..O.O,5,-1.000000
XOXX..O.O,7,0.000000
XOXX..OO.,4,-1.000000
XOXX..OO.,5,-1.000000
XOXX..OO.,8,-1.000000
XOXX.O..O,4,0.000000
XOXX.O..O,6,1.000000
XOXX.O..O,7,0.000000
XOXX.O.O.,4,1.000000
XOXX.O.O.,6,1.000000
XOXX.O.O.,8,-1.000000
XOXX.O.OO,4,-1.000000
XOXX.O.OO,6,1.000000
XOXX.OO..,4,0.000000
XOXX.OO..,7,0.000000
XOXX.OO..,8,0.000000
XOXX.OO.O,4,-1.000000
XOXX.OO.O,7,-0.000000
XOXX.OOO.,4,-1.000000
XOXX.OOO.,8,-1.000000
XOXX.OOOX,4,1.000000
XOXX.OOXO,4,0.000000
XOXXO...O,5,-1.000000
XOXXO...O,6,1.000000
XOXXO...O,7,0.000000
XOXXO.O..,5,-1.000000
XOXXO.O..,7,0.000000
XOXXO.O..,8,-1.000000
XOXXO.O.O,5,-1.000000
XOXXO.O.O,7,-0.000000
XOXXO.OXO,5,0.000000
XOXXOO...,6,1.000000
XOXXOO...,7,0.000000
XOXXOO...,8,-1.000000
XOXXOO..O,6,1.000000
XOXXOO..O,7,-0.000000
XOXXOO.XO,6,1.000000
XOXXOOO..,7,-0.000000
XOXXOOO..,8,-1.000000
XOXXOOO.X,7,0.000000
XOXXOOOX.,8,0.000000
XOXXOXO.O,7,0.000000
XOXXXO.OO,6,1.000000
XOXXXOO.O,7,0.000000
XOXXXOOO.,8,1.000000
XX.....OO,2,1.000000
XX.....OO,3,-1.000000
XX.....OO,4,-1.000000
XX.....OO,5,-1.000000
XX.....OO,6,1.000000
XX....O.O,2,1.000000
XX....O.O,3,-1.000000
XX....O.O,4,-1.000000
XX....O.O,5,-1.000000
XX....O.O,7,1.000000
XX....OO.,2,1.000000
XX....OO.,3,-1.000000
XX....OO.,4,-1.000000
XX....OO.,5,-1.000000
XX....OO.,8,1.000000
XX...O..O,2,1.000000
XX...O..O,3,-1.000000
XX...O..O,4,-1.000000
XX...O..O,6,-1.000000
XX...O..O,7,-1.000000
XX...O.O.,2,1.000000
XX...O.O.,3,1.000000
XX...O.O.,4,1.000000
XX...O.O.,6,1.000000
XX...O.O.,8,1.000000
XX...O.OO,2,1.000000
XX...O.OO,3,-1.000000
XX...O.OO,4,-1.000000
XX...O.OO,6,-1.000000
XX...OO..,2,1.000000
XX...OO..,3,-1.000000
XX...OO..,4,1.000000
XX...OO..,7,1.000000
XX...OO..,8,1.000000
XX...OO.O,2,1.000000
XX...OO.O,3,-1.000000
XX...OO.O,4,-1.000000
XX...OO.O,7,-1.000000
XX...OOO.,2,1.000000
XX...OOO.,3,-1.000000
XX...OOO.,4,-1.000000
XX...OOO.,8,1.000000
XX...OOOX,2,1.000000
XX...OOOX,3,1.000000
XX...OOOX,4,1.000000
XX...OOXO,2,1.000000
XX...OOXO,3,-1.000000
XX...OOXO,4,1.000000
XX...OXOO,2,1.000000
XX...OXOO,3,1.000000
XX...OXOO,4,-1.000000
XX..O...O,2,1.000000
XX..O...O,3,1.000000
XX..O...O,5,0.000000
XX..O...O,6,1.000000
XX..O...O,7,-1.000000
XX..O..O.,2,1.000000
XX..O..O.,3,1.000000
XX..O..O.,5,0.000000
XX..O..O.,6,1.000000
XX..O..O.,8,0.000000
XX..O..OO,2,1.000000
XX..O..OO,3,-1.000000
XX..O..OO,5,-1.000000
XX..O..OO,6,1.000000
XX..O.O..,2,1.000000
XX..O.O..,3,-1.000000
XX..O.O..,5,-1.000000
XX..O.O..,7,-1.000000
XX..O.O..,8,-1.000000
XX..O.O.O,2,1.000000
XX..O.O.O,3,-1.000000
XX..O.O.O,5,-1.000000
XX..O.O.O,7,-1.000000
XX..O.OO.,2,1.000000
XX..O.OO.,3,-1.000000
XX..O.OO.,5,-1.000000
XX..O.OO.,8,-1.000000
XX..O.OOX,2,1.000000
XX..O.OOX,3,-1.000000
XX..O.OOX,5,-1.000000
XX..O.OXO,2,1.000000
XX..O.OXO,3,-1.000000
XX..O.OXO,5,-1.000000
XX..O.XOO,2,1.000000
XX..O.XOO,3,1.000000
XX..O.XOO,5,1.000000
XX..OO...,2,1.000000
XX..OO...,3,1.000000
XX..OO...,6,-1.000000
XX..OO...,7,-1.000000
XX..OO...,8,-1.000000
XX..OO..O,2,1.000000
XX..OO..O,3,-1.000000
XX..OO..O,6,-1.000000
XX..OO..O,7,-1.000000
XX..OO.O.,2,1.000000
XX..OO.O.,3,1.000000
XX..OO.O.,6,-1.000000
XX..OO.O.,8,-1.000000
XX..OO.OX,2,1.000000
XX..OO.OX,3,1.000000
XX..OO.OX,6,-1.000000
XX..OO.XO,2,1.000000
XX..OO.XO,3,-1.000000
XX..OO.XO,6,-1.000000
XX..OOO..,2,1.000000
XX..OOO..,3,-1.000000
XX..OOO..,7,-1.000000
XX..OOO..,8,-1.000000
XX..OOO.X,2,1.000000
XX..OOO.X,3,-1.000000
XX..OOO.X,7,-1.000000
XX..OOOOX,2,1.000000
XX..OOOOX,3,-1.000000
XX..OOOX.,2,1.000000
XX..OOOX.,3,-1.000000
XX..OOOX.,8,-1.000000
XX..OOOXO,2,1.000000
XX..OOOXO,3,-1.000000
XX..OOX.O,2,1.000000
XX..OOX.O,3,1.000000
XX..OOX.O,7,-1.000000
XX..OOXO.,2,1.000000
XX..OOXO.,3,1.000000
XX..OOXO.,8,-1.000000
XX..OOXOO,2,1.000000
XX..OOXOO,3,1.000000
XX..OX.OO,2,1.000000
XX..OX.OO,3,-1.000000
XX..OX.OO,6,1.000000
XX..OXO.O,2,1.000000
XX..OXO.O,3,-1.000000
XX..OXO.O,7,-1.000000
XX..OXOO.,2,1.000000
XX..OXOO.,3,-1.000000
XX..OXOO.,8,-1.000000
XX..XO.OO,2,1.000000
XX..XO.OO,3,-1.000000
XX..XO.OO,6,-1.000000
XX..XOO.O,2,1.000000
XX..XOO.O,3,-1.000000
XX..XOO.O,7,1.000000
XX..XOOO.,2,1.000000
XX..XOOO.,3,-1.000000
XX..XOOO.,8,1.000000
XX.O....O,2,1.000000
XX.O....O,4,1.000000
XX.O....O,5,0.000000
XX.O....O,6,0.000000
XX.O....O,7,1.000000
XX.O...O.,2,1.000000
XX.O...O.,4,1.000000
XX.O...O.,5,0.000000
XX.O...O.,6,0.000000
XX.O...O.,8,1.000000
XX.O...OO,2,1.000000
XX.O...OO,4,-1.000000
XX.O...OO,5,-1.000000
XX.O...OO,6,-0.000000
XX.O..O..,2,1.000000
XX.O..O..,4,1.000000
XX.O..O..,5,1.000000
XX.O..O..,7,1.000000
XX.O..O..,8,1.000000
XX.O..O.O,2,1.000000
XX.O..O.O,4,-1.000000
XX.O..O.O,5,-1.000000
XX.O..O.O,7,1.000000
XX.O..OO.,2,1.000000
XX.O..OO.,4,-1.000000
XX.O..OO.,5,-1.000000
XX.O..OO.,8,1.000000
XX.O..OOX,2,1.000000
XX.O..OOX,4,1.000000
XX.O..OOX,5,1.000000
XX.O..OXO,2,1.000000
XX.O..OXO,4,1.000000
XX.O..OXO,5,1.000000
XX.O..XOO,2,1.000000
XX.O..XOO,4,0.000000
XX.O..XOO,5,0.000000
XX.O.O...,2,1.000000
XX.O.O...,4,1.000000
XX.O.O...,6,-1.000000
XX.O.O...,7,-1.000000
XX.O.O...,8,-1.000000
XX.O.O..O,2,1.000000
XX.O.O..O,4,-1.000000
XX.O.O..O,6,-1.000000
XX.O.O..O,7,-1.000000
XX.O.O.O.,2,1.000000
XX.O.O.O.,4,1.000000
XX.O.O.O.,6,-1.000000
XX.O.O.O.,8,-1.000000
XX.O.O.OX,2,1.000000
XX.O.O.OX,4,1.000000
XX.O.O.OX,6,-1.000000
XX.O.O.XO,2,1.000000
XX.O.O.XO,4,1.000000
XX.O.O.XO,6,-1.000000
XX.O.OO..,2,1.000000
XX.O.OO..,4,1.000000
XX.O.OO..,7,-1.000000
XX.O.OO..,8,-1.000000
XX.O.OO.X,2,1.000000
XX.O.OO.X,4,1.000000
XX.O.OO.X,7,-1.000000
XX.O.OOOX,2,1.000000
XX.O.OOOX,4,1.000000
XX.O.OOX.,2,1.000000
XX.O.OOX.,4,1.000000
XX.O.OOX.,8,-1.000000
XX.O.OOXO,2,1.000000
XX.O.OOXO,4,1.000000
XX.O.OX.O,2,1.000000
XX.O.OX.O,4,-1.000000
XX.O.OX.O,7,-1.000000
XX.O.OXO.,2,1.000000
XX.O.OXO.,4,1.000000
XX.O.OXO.,8,-1.000000
XX.O.OXOO,2,1.000000
XX.O.OXOO,4,-1.000000
XX.O.X.OO,2,1.000000
XX.O.X.OO,4,-1.000000
XX.O.X.OO,6,0.000000
XX.O.XO.O,2,1.000000
XX.O.XO.O,4,-1.000000
XX.O.XO.O,7,1.000000
XX.O.XOO.,2,1.000000
XX.O.XOO.,4,-1.000000
XX.O.XOO.,8,1.000000
XX.OO....,2,1.000000
XX.OO....,5,0.000000
XX.OO....,6,-1.000000
XX.OO....,7,-1.000000
XX.OO....,8,-1.000000
XX.OO...O,2,1.000000
XX.OO...O,5,-0.000000
XX.OO...O,6,-1.000000
XX.OO...O,7,-1.000000
XX.OO..O.,2,1.000000
XX.OO..O.,5,-0.000000
XX.OO..O.,6,-1.000000
XX.OO..O.,8,-1.000000
XX.OO..OX,2,1.000000
XX.OO..OX,5,0.000000
XX.OO..OX,6,-1.000000
XX.OO..XO,2,1.000000
XX.OO..XO,5,0.000000
XX.OO..XO,6,-1.000000
XX.OO.O..,2,1.000000
XX.OO.O..,5,-1.000000
XX.OO.O..,7,-1.000000
XX.OO.O..,8,-1.000000
XX.OO.O.X,2,1.000000
XX.OO.O.X,5,-1.000000
XX.OO.O.X,7,-1.000000
XX.OO.OOX,2,1.000000
XX.OO.OOX,5,-1.000000
XX.OO.OX.,2,1.000000
XX.OO.OX.,5,-1.000000
XX.OO.OX.,8,-1.000000
XX.OO.OXO,2,1.000000
XX.OO.OXO,5,-1.000000
XX.OO.X.O,2,1.000000
XX.OO.X.O,5,0.000000
XX.OO.X.O,7,-1.000000
XX.OO.XO.,2,1.000000
XX.OO.XO.,5,0.000000
XX.OO.XO.,8,-1.000000
XX.OO.XOO,2,1.000000
XX.OO.XOO,5,-0.000000
XX.OOX..O,2,1.000000
XX.OOX..O,6,0.000000
XX.OOX..O,7,0.000000
XX.OOX.O.,2,1.000000
XX.OOX.O.,6,0.000000
XX.OOX.O.,8,0.000000
XX.OOX.OO,2,1.000000
XX.OOX.OO,6,-0.000000
XX.OOXO..,2,1.000000
XX.OOXO..,7,-1.000000
XX.OOXO..,8,-1.000000
XX.OOXO.O,2,1.000000
XX.OOXO.O,7,-1.000000
XX.OOXOO.,2,1.000000
XX.OOXOO.,8,-1.000000
XX.OOXOOX,2,1.000000
XX.OOXOXO,2,1.000000
XX.OOXXOO,2,1.000000
XX.OX..OO,2,1.000000
XX.OX..OO,5,-1.000000
XX.OX..OO,6,0.000000
XX.OX.O.O,2,1.000000
XX.OX.O.O,5,-1.000000
XX.OX.O.O,7,1.000000
XX.OX.OO.,2,1.000000
XX.OX.OO.,5,-1.000000
XX.OX.OO.,8,1.000000
XX.OXO..O,2,1.000000
XX.OXO..O,6,-1.000000
XX.OXO..O,7,1.000000
XX.OXO.O.,2,1.000000
XX.OXO.O.,6,1.000000
XX.OXO.O.,8,1.000000
XX.OXO.OO,2,1.000000
XX.OXO.OO,6,-1.000000
XX.OXOO..,2,1.000000
XX.OXOO..,7,1.000000
XX.OXOO..,8,1.000000
XX.OXOO.O,2,1.000000
XX.OXOO.O,7,1.000000
XX.OXOOO.,2,1.000000
XX.OXOOO.,8,1.000000
XX.OXOXOO,2,1.000000
XX.X.O.OO,2,1.000000
XX.X.O.OO,4,-1.000000
XX.X.O.OO,6,1.000000
XX.X.OO.O,2,1.000000
XX.X.OO.O,4,-1.000000
XX.X.OO.O,7,-1.000000
XX.X.OOO.,2,1.000000
XX.X.OOO.,4,-1.000000
XX.X.OOO.,8,1.000000
XX.XO..OO,2,1.000000
XX.XO..OO,5,-1.000000
XX.XO..OO,6,1.000000
XX.XO.O.O,2,1.000000
XX.XO.O.O,5,-1.000000
XX.XO.O.O,7,-1.000000
XX.XO.OO.,2,1.000000
XX.XO.OO.,5,-1.000000
XX.XO.OO.,8,-1.000000
XX.XOO..O,2,1.000000
XX.XOO..O,6,1.000000
XX.XOO..O,7,-1.000000
XX.XOO.O.,2,1.000000
XX.XOO.O.,6,1.000000
XX.XOO.O.,8,1.000000
XX.XOO.OO,2,1.000000
XX.XOO.OO,6,1.000000
XX.XOOO..,2,1.000000
XX.XOOO..,7,-1.000000
XX.XOOO..,8,-1.000000
XX.XOOO.O,2,1.000000
XX.XOOO.O,7,-1.000000
XX.XOOOO.,2,1.000000
XX.XOOOO.,8,-1.000000
XX.XOOOOX,2,1.000000
XX.XOOOXO,2,1.000000
XXO.....O,3,-1.000000
XXO.....O,4,-1.000000
XXO.....O,5,-1.000000
XXO.....O,6,-1.000000
XXO.....O,7,-1.000000
XXO....O.,3,-1.000000
XXO....O.,4,-1.000000
XXO....O.,5,-1.000000
XXO....O.,6,0.000000
XXO....O.,8,0.000000
XXO....OO,3,-1.000000
XXO....OO,4,-1.000000
XXO....OO,5,-1.000000
XXO....OO,6,-1.000000
XXO...O..,3,-1.000000
XXO...O..,4,1.000000
XXO...O..,5,-1.000000
XXO...O..,7,-1.000000
XXO...O..,8,-1.000000
XXO...O.O,3,-1.000000
XXO...O.O,4,-1.000000
XXO...O.O,5,-1.000000
XXO...O.O,7,-1.000000
XXO...OO.,3,-1.000000
XXO...OO.,4,-1.000000
XXO...OO.,5,-1.000000
XXO...OO.,8,-1.000000
XXO...OOX,3,-1.000000
XXO...OOX,4,1.000000
XXO...OOX,5,-1.000000
XXO...OXO,3,-1.000000
XXO...OXO,4,1.000000
XXO...OXO,5,-1.000000
XXO...XOO,3,1.000000
XXO...XOO,4,-1.000000
XXO...XOO,5,0.000000
XXO..O...,3,-1.000000
XXO..O...,4,-1.000000
XXO..O...,6,-1.000000
XXO..O...,7,-1.000000
XXO..O...,8,-1.000000
XXO..O.O.,3,-1.000000
XXO..O.O.,4,-1.000000
XXO..O.O.,6,-1.000000
XXO..O.O.,8,-1.000000
XXO..O.OX,3,1.000000
XXO..O.OX,4,1.000000
XXO..O.OX,6,1.000000
XXO..OO..,3,-1.000000
XXO..OO..,4,-1.000000
XXO..OO..,7,-1.000000
XXO..OO..,8,-1.000000
XXO..OO.X,3,-1.000000
XXO..OO.X,4,1.000000
XXO..OO.X,7,-1.000000
XXO..OOOX,3,-1.000000
XXO..OOOX,4,1.000000
XXO..OOX.,3,-1.000000
XXO..OOX.,4,1.000000
XXO..OOX.,8,-1.000000
XXO..OXO.,3,1.000000
XXO..OXO.,4,-1.000000
XXO..OXO.,8,1.000000
XXO..X.OO,3,-1.000000
XXO..X.OO,4,-1.000000
XXO..X.OO,6,0.000000
XXO..XO.O,3,-1.000000
XXO..XO.O,4,-1.000000
XXO..XO.O,7,-1.000000
XXO..XOO.,3,-1.000000
XXO..XOO.,4,-1.000000
XXO..XOO.,8,-1.000000
XXO.O....,3,-1.000000
XXO.O....,5,-1.000000
XXO.O....,6,0.000000
XXO.O....,7,-1.000000
XXO.O....,8,-1.000000
XXO.O...O,3,-1.000000
XXO.O...O,5,-1.000000
XXO.O...O,6,-1.000000
XXO.O...O,7,-1.000000
XXO.O..O.,3,-1.000000
XXO.O..O.,5,-1.000000
XXO.O..O.,6,-0.000000
XXO.O..O.,8,-1.000000
XXO.O..OX,3,-1.000000
XXO.O..OX,5,-1.000000
XXO.O..OX,6,0.000000
XXO.O..XO,3,-1.000000
XXO.O..XO,5,-1.000000
XXO.O..XO,6,-1.000000
XXO.O.X.O,3,1.000000
XXO.O.X.O,5,0.000000
XXO.O.X.O,7,-1.000000
XXO.O.XO.,3,1.000000
XXO.O.XO.,5,0.000000
XXO.O.XO.,8,0.000000
XXO.O.XOO,3,1.000000
XXO.O.XOO,5,-0.000000
XXO.OO...,3,-1.000000
XXO.OO...,6,-1.000000
XXO.OO...,7,-1.000000
XXO.OO...,8,-1.000000
XXO.OO..X,3,-1.000000
XXO.OO..X,6,-1.000000
XXO.OO..X,7,-1.000000
XXO.OO.OX,3,-1.000000
XXO.OO.OX,6,-1.000000
XXO.OO.X.,3,-1.000000
XXO.OO.X.,6,-1.000000
XXO.OO.X.,8,-1.000000
XXO.OOX..,3,1.000000
XXO.OOX..,7,-1.000000
XXO.OOX..,8,-1.000000
XXO.OOXO.,3,1.000000
XXO.OOXO.,8,-1.000000
XXO.OOXOX,3,1.000000
XXO.OX..O,3,-1.000000
XXO.OX..O,6,0.000000
XXO.OX..O,7,-1.000000
XXO.OX.O.,3,-1.000000
XXO.OX.O.,6,0.000000
XXO.OX.O.,8,-1.000000
XXO.OX.OO,3,-1.000000
XXO.OX.OO,6,-0.000000
XXO.OXXOO,3,1.000000
XXO.X..OO,3,-1.000000
XXO.X..OO,5,-1.000000
XXO.X..OO,6,-1.000000
XXO.X.O.O,3,-1.000000
XXO.X.O.O,5,-1.000000
XXO.X.O.O,7,1.000000
XXO.X.OO.,3,-1.000000
XXO.X.OO.,5,-1.000000
XXO.X.OO.,8,1.000000
XXO.XO.O.,3,-1.000000
XXO.XO.O.,6,-1.000000
XXO.XO.O.,8,1.000000
XXO.XOO..,3,-1.000000
XXO.XOO..,7,1.000000
XXO.XOO..,8,1.000000
XXO.XOOO.,3,-1.000000
XXO.XOOO.,8,1.000000
XXOO.....,4,1.000000
XXOO.....,5,0.000000
XXOO.....,6,-1.000000
XXOO.....,7,-1.000000
XXOO.....,8,-1.000000
XXOO....O,4,-1.000000
XXOO....O,5,-1.000000
XXOO....O,6,-1.000000
XXOO....O,7,-1.000000
XXOO...O.,4,-1.000000
XXOO...O.,5,-1.000000
XXOO...O.,6,-1.000000
XXOO...O.,8,-1.000000
XXOO...OX,4,1.000000
XXOO...OX,5,0.000000
XXOO...OX,6,0.000000
XXOO...XO,4,1.000000
XXOO...XO,5,0.000000
XXOO...XO,6,-1.000000
XXOO..O..,4,1.000000
XXOO..O..,5,-1.000000
XXOO..O..,7,-1.000000
XXOO..O..,8,-1.000000
XXOO..O.X,4,1.000000
XXOO..O.X,5,-1.000000
XXOO..O.X,7,-1.000000
XXOO..OOX,4,1.000000
XXOO..OOX,5,-1.000000
XXOO..OX.,4,1.000000
XXOO..OX.,5,-1.000000
XXOO..OX.,8,-1.000000
XXOO..OXO,4,1.000000
XXOO..OXO,5,-1.000000
XXOO..X.O,4,-1.000000
XXOO..X.O,5,0.000000
XXOO..X.O,7,-1.000000
XXOO..XO.,4,0.000000
XXOO..XO.,5,0.000000
XXOO..XO.,8,0.000000
XXOO..XOO,4,-1.000000
XXOO..XOO,5,-0.000000
XXOO.O...,4,-1.000000
XXOO.O...,6,-1.000000
XXOO.O...,7,-1.000000
XXOO.O...,8,-1.000000
XXOO.O..X,4,1.000000
XXOO.O..X,6,-1.000000
XXOO.O..X,7,-1.000000
XXOO.O.OX,4,1.000000
XXOO.O.OX,6,-1.000000
XXOO.O.X.,4,1.000000
XXOO.O.X.,6,-1.000000
XXOO.O.X.,8,-1.000000
XXOO.OO.X,4,1.000000
XXOO.OO.X,7,-1.000000
XXOO.OOX.,4,1.000000
XXOO.OOX.,8,-1.000000
XXOO.OOXX,4,1.000000
XXOO.OX..,4,-1.000000
XXOO.OX..,7,-1.000000
XXOO.OX..,8,-1.000000
XXOO.OXO.,4,-1.000000
XXOO.OXO.,8,-1.000000
XXOO.OXOX,4,1.000000
XXOO.X..O,4,0.000000
XXOO.X..O,6,0.000000
XXOO.X..O,7,0.000000
XXOO.X.O.,4,0.000000
XXOO.X.O.,6,0.000000
XXOO.X.O.,8,0.000000
XXOO.X.OO,4,-1.000000
XXOO.X.OO,6,-0.000000
XXOO.XO..,4,1.000000
XXOO.XO..,7,-1.000000
XXOO.XO..,8,-1.000000
XXOO.XO.O,4,-1.000000
XXOO.XO.O,7,-1.000000
XXOO.XOO.,4,-1.000000
XXOO.XOO.,8,-1.000000
XXOO.XOOX,4,1.000000
XXOO.XOXO,4,1.000000
XXOO.XXOO,4,0.000000
XXOOO....,5,-1.000000
XXOOO....,6,-1.000000
XXOOO....,7,-1.000000
XXOOO....,8,-1.000000
XXOOO...X,5,-1.000000
XXOOO...X,6,-1.000000
XXOOO...X,7,-1.000000
XXOOO..OX,5,-1.000000
XXOOO..OX,6,-1.000000
XXOOO..X.,5,-1.000000
XXOOO..X.,6,-1.000000
XXOOO..X.,8,-1.000000
XXOOO..XO,5,-1.000000
XXOOO..XO,6,-1.000000
XXOOO.X..,5,0.000000
XXOOO.X..,7,-1.000000
XXOOO.X..,8,-1.000000
XXOOO.X.O,5,-0.000000
XXOOO.X.O,7,-1.000000
XXOOO.XO.,5,-0.000000
XXOOO.XO.,8,-1.000000
XXOOO.XOX,5,0.000000
XXOOO.XXO,5,0.000000
XXOOOX...,6,0.000000
XXOOOX...,7,-1.000000
XXOOOX...,8,-1.000000
XXOOOX..O,6,-0.000000
XXOOOX..O,7,-1.000000
XXOOOX.O.,6,-0.000000
XXOOOX.O.,8,-1.000000
XXOOOX.OX,6,0.000000
XXOOOX.XO,6,0.000000
XXOOOXX.O,7,0.000000
XXOOOXXO.,8,0.000000
XXOOX...O,5,0.000000
XXOOX...O,6,-1.000000
XXOOX...O,7,1.000000
XXOOX..O.,5,0.000000
XXOOX..O.,6,0.000000
XXOOX..O.,8,1.000000
XXOOX..OO,5,-1.000000
XXOOX..OO,6,-1.000000
XXOOX.O..,5,1.000000
XXOOX.O..,7,1.000000
XXOOX.O..,8,1.000000
XXOOX.O.O,5,-1.000000
XXOOX.O.O,7,1.000000
XXOOX.OO.,5,-1.000000
XXOOX.OO.,8,1.000000
XXOOX.XOO,5,0.000000
XXOOXO...,6,-1.000000
XXOOXO...,7,1.000000
XXOOXO...,8,1.000000
XXOOXO.O.,6,-1.000000
XXOOXO.O.,8,1.000000
XXOOXOO..,7,1.000000
XXOOXOO..,8,1.000000
XXOOXOXO.,8,1.000000
XXOOXX.OO,6,0.000000
XXOOXXO.O,7,1.000000
XXOOXXOO.,8,1.000000
XXOX...OO,4,-1.000000
XXOX...OO,5,-1.000000
XXOX...OO,6,1.000000
XXOX..O.O,4,-1.000000
XXOX..O.O,5,-1.000000
XXOX..O.O,7,-1.000000
XXOX..OO.,4,-1.000000
XXOX..OO.,5,-1.000000
XXOX..OO.,8,-1.000000
XXOX.O.O.,4,-1.000000
XXOX.O.O.,6,1.000000
XXOX.O.O.,8,1.000000
XXOX.OO..,4,-1.000000
XXOX.OO..,7,-1.000000
XXOX.OO..,8,-1.000000
XXOX.OOO.,4,-1.000000
XXOX.OOO.,8,-1.000000
XXOX.OOOX,4,1.000000
XXOXO...O,5,-1.000000
XXOXO...O,6,1.000000
XXOXO...O,7,-1.000000
XXOXO..O.,5,-1.000000
XXOXO..O.,6,1.000000
XXOXO..O.,8,-1.000000
XXOXO..OO,5,-1.000000
XXOXO..OO,6,1.000000
XXOXOO...,6,1.000000
XXOXOO...,7,-1.000000
XXOXOO...,8,-1.000000
XXOXOO.O.,6,1.000000
XXOXOO.O.,8,-1.000000
XXOXOO.OX,6,1.000000
XXOXOX.OO,6,1.000000
XXOXXOOO.,8,1.000000
